example,config,HV_id,HV_val,HV_pop,sel_C,sel_val,sel_p1,recovered,front_has_truth,n_delivered,runtime
E1,Green,0.895884495962952,0.8933346292606131,0.895884495962952,7.0,1.0399897709939235e-15,3.0,1.0,1.0,6.0,1.9283615830063354
E1,MO-lex,0.82885303893022,0.8273496390707659,0.82885303893022,7.0,2.700813343538282e-16,3.0,1.0,1.0,3.0,0.9000222500035306
E1,SO,0.6399999999999999,0.6399999999999999,0.82885303893022,9.0,2.6758499521289876e-16,4.0,1.0,1.0,1.0,0.896950292008114
E2,Green,0.8790836557370745,0.8743023423897742,0.8790836557370745,7.0,0.02833623162889279,3.0,0.0,0.0,8.0,2.20670706249075
E2,MO-lex,0.7023035830038284,0.6985849452365094,0.7023035830038284,10.0,0.028262338194419333,4.0,0.0,0.06666666666666667,4.0,1.1918438330030767
E2,SO,0.5081776103484964,0.5052116962139953,0.7023035830038284,12.0,0.028439045742316746,5.0,0.0,0.0,1.0,1.1053164579934673
E3,Green,0.9544875981203922,0.8933830274775352,0.9544875981203922,16.0,1.4555891202710942,7.0,0.0,0.0,8.0,3.2468735620059306
E3,MO-lex,0.797698161663288,0.0,0.797698161663288,16.0,1.4147589020386508,7.0,0.0,0.0,3.0,2.0497215209907154
E3,SO,0.7358251805667386,0.0,0.797698161663288,18.5,1.4034823566439694,8.0,0.0,0.0,1.0,1.9016581454925472
