example,config,seed,evaluations,failures,runtime,arm,scenario,n_delivered,HV_id,HV_val,HV_pop,sel_C,sel_J,sel_val,best_val,recovered,front_has_truth,selected_terms,validation_failed
E1,Green,0,4635,12,1.833206750015961,native,ops,4,0.8958844959629522,0.8933346292606134,0.8958844959629522,7.0,6.768457252518019e-16,7.142928451732104e-16,2.4149382677767686e-16,True,True,u(k) + u(k)*y(k-1) + y(k-1),False
E1,Green,1,4673,32,1.9815459999954328,native,ops,7,0.8958844959629516,0.8933346292606129,0.8958844959629516,7.0,3.024054466081862e-15,3.0443950575286657e-15,3.9213382843419623e-16,True,True,u(k) + u(k)*y(k-1) + y(k-1),False
E1,Green,2,4716,27,1.9537485410110094,native,ops,6,0.8958844959629518,0.893334629260613,0.8958844959629518,7.0,3.054836096530013e-15,3.133304983038018e-15,2.0556394911374853e-16,True,True,u(k) + u(k)*y(k-1) + y(k-1),False
E1,Green,3,4671,11,1.9271352910145652,native,ops,6,0.895884495962952,0.8933346292606131,0.895884495962952,7.0,6.768457252518019e-16,7.142928451732104e-16,2.302772972547705e-16,True,True,u(k) + u(k)*y(k-1) + y(k-1),False
E1,Green,4,4645,18,1.9139952499826904,native,ops,6,0.895884495962952,0.893334629260613,0.895884495962952,7.0,1.2099055571065075e-15,1.2648814273871748e-15,3.7297864080754744e-16,True,True,u(k) + u(k)*y(k-1) + y(k-1),False
E1,Green,5,4651,9,1.8893641250033397,native,ops,5,0.8958844959629519,0.893334629260613,0.8958844959629519,7.0,2.0169348444324206e-15,2.1233430408575456e-15,2.5610321949031645e-16,True,True,u(k) + u(k)*y(k-1) + y(k-1),False
E1,Green,6,4714,22,1.9627877909806557,native,ops,5,0.895884495962952,0.8933346292606131,0.895884495962952,7.0,8.606086938606811e-16,9.267039282010344e-16,2.9557735661293873e-16,True,True,u(k) + u(k)*y(k-1) + y(k-1),False
E1,Green,7,4686,29,1.8749090420024004,native,ops,6,0.8958844959629518,0.8933346292606131,0.8958844959629518,7.0,2.020130349910471e-15,1.947580698642516e-15,2.223795665420833e-16,True,True,u(k) + u(k)*y(k-1) + y(k-1),False
E1,Green,8,4698,18,2.0083822079759557,native,ops,6,0.8984792185418587,0.8981317138269755,0.8984792185418587,7.0,4.896605878591197e-16,5.29658930435707e-16,4.1828824558169993e-16,True,True,u(k) + u(k)*y(k-1) + y(k-1),False
E1,Green,9,4684,13,1.9155629159940872,native,ops,6,0.895884495962952,0.8933346292606134,0.895884495962952,7.0,8.873801335102501e-16,9.03448256430443e-16,2.0897448572302637e-16,True,True,u(k) + u(k)*y(k-1) + y(k-1),False
E1,Green,10,4703,18,1.9754524170130026,native,ops,6,0.8958844959629518,0.893334629260613,0.8958844959629518,7.0,1.7443857662806324e-15,1.5944835719487724e-15,3.032605897632161e-16,True,True,u(k) + u(k)*y(k-1) + y(k-1),False
E1,Green,11,4652,22,1.9003219579753932,native,ops,7,0.895884495962952,0.8933346292606131,0.895884495962952,7.0,9.907981336323497e-16,8.878886681264161e-16,2.773404778560838e-16,True,True,u(k) + u(k)*y(k-1) + y(k-1),False
E1,Green,12,4651,24,1.9242728329845704,native,ops,6,0.8958844959629519,0.893334629260613,0.8958844959629519,7.0,1.1248090589235064e-15,1.2031003816395871e-15,3.286243507600122e-16,True,True,u(k) + u(k)*y(k-1) + y(k-1),False
E1,Green,13,4697,33,1.954188708012225,native,ops,5,0.895884495962952,0.8933346292606132,0.895884495962952,7.0,4.865896766657696e-16,4.084126682246382e-16,1.9442435970108533e-16,True,True,u(k) + u(k)*y(k-1) + y(k-1),False
E1,Green,14,4716,11,1.92776175000472,native,ops,4,0.895884495962952,0.8933346292606132,0.895884495962952,7.0,3.4051014951578427e-16,3.252858957327326e-16,3.252858957327326e-16,True,True,u(k) + u(k)*y(k-1) + y(k-1),False
E1,Green,15,4685,20,1.822499041998526,native,ops,5,0.8958844959629518,0.8933346292606131,0.8958844959629518,7.0,1.7443857662806324e-15,1.5944835719487724e-15,3.7185600421997155e-16,True,True,u(k) + u(k)*y(k-1) + y(k-1),False
E1,Green,16,4708,33,2.031420041981619,native,ops,6,0.8958844959629518,0.893334629260613,0.8958844959629518,7.0,1.8013145465452543e-15,1.796126661865222e-15,3.7185600421997155e-16,True,True,u(k) + u(k)*y(k-1) + y(k-1),False
E1,Green,17,4666,16,2.0676302920037415,native,ops,7,0.8982485813898675,0.897049397527023,0.8982485813898675,7.0,2.1758476152762154e-15,2.1677456228804145e-15,2.695107288597282e-16,True,True,u(k) + u(k)*y(k-1) + y(k-1),False
E1,Green,18,4707,15,1.988544958003331,native,ops,4,0.8958844959629519,0.8933346292606132,0.8958844959629519,7.0,3.2753740064883353e-16,3.2489343803753984e-16,3.2489343803753984e-16,True,True,u(k) + u(k)*y(k-1) + y(k-1),False
E1,Green,19,4697,19,1.8872987079957966,native,ops,7,0.8958844959629519,0.893334629260613,0.8958844959629519,7.0,1.0937663509601051e-15,1.035053617371294e-15,3.336968879311163e-16,True,True,u(k) + u(k)*y(k-1) + y(k-1),False
E1,Green,20,4730,26,1.928961416007951,native,ops,4,0.895884495962952,0.8933346292606131,0.895884495962952,7.0,3.490881928969765e-16,3.4896201714327896e-16,3.4896201714327896e-16,True,True,u(k) + u(k)*y(k-1) + y(k-1),False
E1,Green,21,4666,21,1.9432417920033913,native,ops,4,0.8958844959629519,0.8933346292606132,0.8958844959629519,7.0,4.946099482300685e-16,5.200009767557646e-16,3.048215388922267e-16,True,True,u(k) + u(k)*y(k-1) + y(k-1),False
E1,Green,22,4668,21,1.9816857079858892,native,ops,5,0.895884495962952,0.8933346292606131,0.895884495962952,7.0,6.768457252518019e-16,7.142928451732104e-16,3.957228643675974e-16,True,True,u(k) + u(k)*y(k-1) + y(k-1),False
E1,Green,23,4686,14,1.968875874998048,native,ops,7,0.8958844959629519,0.8933346292606131,0.8958844959629519,7.0,1.2302601689494386e-15,1.1746579502684531e-15,4.1263765853993774e-16,True,True,u(k) + u(k)*y(k-1) + y(k-1),False
E1,Green,24,4689,11,1.9207308329932857,native,ops,7,0.9073101536305996,0.9056533315976076,0.9073101536305996,7.0,2.020130349910471e-15,1.947580698642516e-15,2.748531012336952e-16,True,True,u(k) + u(k)*y(k-1) + y(k-1),False
E1,Green,25,4681,39,1.9827116249944083,native,ops,7,0.8966618078791831,0.8962480611602329,0.8966618078791831,7.0,1.0937663509601051e-15,1.035053617371294e-15,2.8108112563943366e-16,True,True,u(k) + u(k)*y(k-1) + y(k-1),False
E1,Green,26,4649,21,1.9638202080095652,native,ops,6,0.8958844959629519,0.8933346292606131,0.8958844959629519,7.0,1.976928237796107e-15,1.9964913575063468e-15,3.286243507600122e-16,True,True,u(k) + u(k)*y(k-1) + y(k-1),False
E1,Green,27,4620,14,1.8977201670059003,native,ops,6,0.895884495962952,0.8933346292606132,0.895884495962952,7.0,1.357423596628099e-15,1.2862667904077988e-15,2.0556394911374853e-16,True,True,u(k) + u(k)*y(k-1) + y(k-1),False
E1,Green,28,4681,16,1.9092354589956813,native,ops,5,0.895884495962952,0.8933346292606132,0.895884495962952,7.0,9.907981336323497e-16,8.878886681264161e-16,2.043428099927965e-16,True,True,u(k) + u(k)*y(k-1) + y(k-1),False
E1,Green,29,4646,18,1.8756781670090277,native,ops,5,0.8958844959629519,0.893334629260613,0.8958844959629519,7.0,1.1132574055758986e-15,1.044925924616553e-15,5.633968031878258e-16,True,True,u(k) + u(k)*y(k-1) + y(k-1),False
E1,MO-lex,0,4201,13,0.8082709579903167,native,ops,4,0.8291572289498511,0.8273496390707659,0.8291572289498511,7.0,3.1896338069289863e-16,3.25075120964195e-16,2.821447395164707e-16,True,True,u(k) + u(k)*y(k-1) + y(k-1),False
E1,MO-lex,1,4244,39,0.9364692090020981,native,ops,3,0.82885303893022,0.8273496390707659,0.82885303893022,7.0,3.1896338069289863e-16,3.25075120964195e-16,3.207588230161238e-16,True,True,u(k) + u(k)*y(k-1) + y(k-1),False
E1,MO-lex,2,4215,29,0.8944152499898337,native,ops,4,0.829157228949851,0.827349639070766,0.829157228949851,7.0,2.349402361078631e-16,2.700813343538282e-16,2.1438683212081093e-16,True,True,u(k) + u(k)*y(k-1) + y(k-1),False
E1,MO-lex,3,4203,50,0.9561762920056935,native,ops,5,0.82885303893022,0.8273496390707659,0.82885303893022,7.0,3.239019308365303e-16,3.3132865428115775e-16,2.2017324783380109e-16,True,True,u(k) + u(k)*y(k-1) + y(k-1),False
E1,MO-lex,4,4159,23,1.0146910829935223,native,ops,3,0.7558436061159891,0.7555961905939577,0.7558436061159891,7.0,3.4186048971347606e-16,3.26099261257318e-16,2.6508865607196936e-16,True,True,u(k) + u(k)*y(k-1) + y(k-1),False
E1,MO-lex,5,4219,16,0.9235981249948964,native,ops,4,0.7563608963413919,0.7493231884995794,0.7563608963413919,7.0,2.349402361078631e-16,2.700813343538282e-16,2.4491431876450457e-16,True,True,u(k) + u(k)*y(k-1) + y(k-1),False
E1,MO-lex,6,4197,26,0.876864125020802,native,ops,2,0.8288530389302201,0.827349639070766,0.8288530389302201,7.0,2.349402361078631e-16,2.700813343538282e-16,2.700813343538282e-16,True,True,u(k) + u(k)*y(k-1) + y(k-1),False
E1,MO-lex,7,4235,33,0.9154468330089003,native,ops,3,0.82885303893022,0.8273496390707659,0.82885303893022,7.0,3.1896338069289863e-16,3.25075120964195e-16,3.25075120964195e-16,True,True,u(k) + u(k)*y(k-1) + y(k-1),False
E1,MO-lex,8,4229,19,0.8685453750076704,native,ops,4,0.82885303893022,0.827349639070766,0.82885303893022,7.0,3.1896338069289863e-16,3.25075120964195e-16,2.582002893023232e-16,True,True,u(k) + u(k)*y(k-1) + y(k-1),False
E1,MO-lex,9,4223,13,0.8365735000115819,native,ops,2,0.82885303893022,0.827349639070766,0.82885303893022,7.0,2.349402361078631e-16,2.700813343538282e-16,2.700813343538282e-16,True,True,u(k) + u(k)*y(k-1) + y(k-1),False
E1,MO-lex,10,4222,27,0.8266926250071265,native,ops,2,0.82885303893022,0.827349639070766,0.82885303893022,7.0,2.349402361078631e-16,2.700813343538282e-16,2.700813343538282e-16,True,True,u(k) + u(k)*y(k-1) + y(k-1),False
E1,MO-lex,11,4199,24,0.9163353329931851,native,ops,2,0.7331026329827768,0.7199999999999999,0.7331026329827768,7.0,2.349402361078631e-16,2.700813343538282e-16,2.700813343538282e-16,True,True,u(k) + u(k)*y(k-1) + y(k-1),False
E1,MO-lex,12,4153,36,0.8698481250030454,native,ops,4,0.82885303893022,0.827349639070766,0.82885303893022,7.0,2.349402361078631e-16,2.700813343538282e-16,2.043428099927965e-16,True,True,u(k) + u(k)*y(k-1) + y(k-1),False
E1,MO-lex,13,4220,25,0.8497142079868354,native,ops,2,0.8288530389302201,0.8273496390707659,0.8288530389302201,7.0,2.349402361078631e-16,2.700813343538282e-16,2.700813343538282e-16,True,True,u(k) + u(k)*y(k-1) + y(k-1),False
E1,MO-lex,14,4205,28,0.8848004579776898,native,ops,3,0.8288530389302201,0.8273496390707659,0.8288530389302201,7.0,2.349402361078631e-16,2.700813343538282e-16,2.3458695068017613e-16,True,True,u(k) + u(k)*y(k-1) + y(k-1),False
E1,MO-lex,15,4158,9,0.8269585829984862,native,ops,4,0.8291572289498511,0.8273496390707659,0.8291572289498511,7.0,3.1896338069289863e-16,3.25075120964195e-16,2.7227928526362325e-16,True,True,u(k) + u(k)*y(k-1) + y(k-1),False
E1,MO-lex,16,4230,32,0.9086898750101682,native,ops,3,0.82885303893022,0.827349639070766,0.82885303893022,7.0,2.349402361078631e-16,2.700813343538282e-16,2.3458695068017613e-16,True,True,u(k) + u(k)*y(k-1) + y(k-1),False
E1,MO-lex,17,4245,28,0.8445328339876141,native,ops,3,0.830519214273044,0.8279102567333724,0.830519214273044,7.0,3.239019308365303e-16,3.3132865428115775e-16,3.3132865428115775e-16,True,True,u(k) + u(k)*y(k-1) + y(k-1),False
E1,MO-lex,18,4237,10,0.9716382920159958,native,ops,5,0.7938722239011774,0.7668981274524346,0.7938722239011774,7.0,6.131187590078749e-16,6.156117865385776e-16,2.4149382677767686e-16,True,True,u(k) + u(k)*y(k-1) + y(k-1),False
E1,MO-lex,19,4207,30,0.9588033329928294,native,ops,2,0.7557304298418553,0.7529535691465912,0.7557304298418553,7.0,2.349402361078631e-16,2.700813343538282e-16,2.700813343538282e-16,True,True,u(k) + u(k)*y(k-1) + y(k-1),False
E1,MO-lex,20,4173,22,0.921561000024667,native,ops,2,0.830519214273044,0.8279102567333724,0.830519214273044,7.0,2.349402361078631e-16,2.700813343538282e-16,2.700813343538282e-16,True,True,u(k) + u(k)*y(k-1) + y(k-1),False
E1,MO-lex,21,4211,27,0.9056292500172276,native,ops,4,0.788787502554325,0.788684761443684,0.788787502554325,7.0,3.1896338069289863e-16,3.25075120964195e-16,3.048215388922267e-16,True,True,u(k) + u(k)*y(k-1) + y(k-1),False
E1,MO-lex,22,4219,8,0.8645842090190854,native,ops,5,0.82885303893022,0.8273496390707659,0.82885303893022,7.0,3.1896338069289863e-16,3.25075120964195e-16,2.746656849876153e-16,True,True,u(k) + u(k)*y(k-1) + y(k-1),False
E1,MO-lex,23,4163,27,0.8739642500004265,native,ops,6,0.7556653770760219,0.755365669716099,0.7556653770760219,7.0,7.758954475392311e-16,7.495765931930908e-16,2.4491431876450457e-16,True,True,u(k) + u(k)*y(k-1) + y(k-1),False
E1,MO-lex,24,4219,24,0.8386419170128647,native,ops,3,0.82885303893022,0.827349639070766,0.82885303893022,7.0,2.349402361078631e-16,2.700813343538282e-16,2.1087021151122103e-16,True,True,u(k) + u(k)*y(k-1) + y(k-1),False
E1,MO-lex,25,4236,84,0.9404500419914257,native,ops,3,0.82885303893022,0.827349639070766,0.82885303893022,7.0,2.349402361078631e-16,2.700813343538282e-16,2.4491431876450457e-16,True,True,u(k) + u(k)*y(k-1) + y(k-1),False
E1,MO-lex,26,4201,19,0.8520838340045884,native,ops,3,0.830519214273044,0.8279102567333724,0.830519214273044,7.0,2.349402361078631e-16,2.700813343538282e-16,2.3458695068017613e-16,True,True,u(k) + u(k)*y(k-1) + y(k-1),False
E1,MO-lex,27,4200,9,0.9149710840138141,native,ops,3,0.82885303893022,0.827349639070766,0.82885303893022,7.0,2.349402361078631e-16,2.700813343538282e-16,2.3458695068017613e-16,True,True,u(k) + u(k)*y(k-1) + y(k-1),False
E1,MO-lex,28,4203,24,0.9149004170030821,native,ops,3,0.8288530389302201,0.827349639070766,0.8288530389302201,7.0,5.241363920448137e-16,5.369700045505021e-16,2.3458695068017613e-16,True,True,u(k) + u(k)*y(k-1) + y(k-1),False
E1,MO-lex,29,4179,29,0.9295443330192938,native,ops,3,0.7555692504066853,0.7554308635527273,0.7555692504066853,7.0,2.349402361078631e-16,2.700813343538282e-16,2.3458695068017613e-16,True,True,u(k) + u(k)*y(k-1) + y(k-1),False
E1,SO,0,4201,13,0.8021732500055805,native,ops,1,0.6399999999999999,0.6399999999999998,0.8291572289498511,9.0,2.4424632637870403e-16,2.821447395164707e-16,2.821447395164707e-16,True,True,u(k) + u(k)*y(k-1) + y(k-1) + y(k-3),False
E1,SO,1,4244,39,0.9341580420150422,native,ops,1,0.5599999999999999,0.5599999999999998,0.82885303893022,11.0,2.7169025749607555e-16,3.207588230161238e-16,3.207588230161238e-16,True,True,u(k) + u(k)*u(k)*y(k-1) + u(k)*y(k-1) + y(k-1),False
E1,SO,2,4215,29,0.8387088750023395,native,ops,1,0.5999999999999999,0.5999999999999999,0.829157228949851,10.0,1.6776539490399681e-16,2.1438683212081093e-16,2.1438683212081093e-16,True,True,u(k) + u(k)*y(k-1) + y(k-1) + y(k-1)*y(k-3),False
E1,SO,3,4203,50,0.8807294589933008,native,ops,1,0.43999999999999984,0.4399999999999998,0.82885303893022,14.0,2.112281740538708e-16,2.8354989479731118e-16,2.8354989479731118e-16,True,True,u(k) + u(k)*u(k)*y(k-1)*y(k-1) + u(k)*y(k-1) + u(k-2) + y(k-1),False
E1,SO,4,4159,23,0.8715270000102464,native,ops,1,0.6399999999999999,0.6399999999999999,0.7558436061159891,9.0,2.49086259130927e-16,2.6508865607196936e-16,2.6508865607196936e-16,True,True,u(k) + u(k)*y(k-1) + u(k-2) + y(k-1),False
E1,SO,5,4219,16,0.843738958996255,native,ops,1,0.5599999999999999,0.5599999999999999,0.7563608963413919,11.0,2.304756423240201e-16,2.4491431876450457e-16,2.4491431876450457e-16,True,True,u(k) + u(k)*y(k-1) + u(k-2) + y(k-1) + y(k-2),False
E1,SO,6,4197,26,0.8946424169989768,native,ops,1,0.7199999999999999,0.7199999999999999,0.8288530389302201,7.0,2.349402361078631e-16,2.700813343538282e-16,2.700813343538282e-16,True,True,u(k) + u(k)*y(k-1) + y(k-1),False
E1,SO,7,4235,33,0.8922210829914548,native,ops,1,0.6399999999999998,0.6399999999999998,0.82885303893022,9.0,3.0792180024640667e-16,3.785052985690101e-16,3.785052985690101e-16,True,True,u(k) + u(k)*y(k-1) + y(k-1) + y(k-2),False
E1,SO,8,4229,19,0.9066368339990731,native,ops,1,0.4799999999999998,0.47999999999999987,0.82885303893022,13.0,2.8685003378216606e-16,2.582002893023232e-16,2.582002893023232e-16,True,True,u(k) + u(k)*y(k-1) + u(k-1)*y(k-1)*y(k-1) + u(k-2) + y(k-1),False
E1,SO,9,4223,13,0.8436220000148751,native,ops,1,0.7199999999999999,0.7199999999999999,0.82885303893022,7.0,2.349402361078631e-16,2.700813343538282e-16,2.700813343538282e-16,True,True,u(k) + u(k)*y(k-1) + y(k-1),False
E1,SO,10,4222,27,0.8614919170213398,native,ops,1,0.7199999999999999,0.7199999999999999,0.82885303893022,7.0,2.349402361078631e-16,2.700813343538282e-16,2.700813343538282e-16,True,True,u(k) + u(k)*y(k-1) + y(k-1),False
E1,SO,11,4199,24,0.8992581670172513,native,ops,1,0.7199999999999999,0.7199999999999999,0.7331026329827768,7.0,2.349402361078631e-16,2.700813343538282e-16,2.700813343538282e-16,True,True,u(k) + u(k)*y(k-1) + y(k-1),False
E1,SO,12,4153,36,0.8087764160009101,native,ops,1,0.5599999999999999,0.5599999999999999,0.82885303893022,11.0,1.8201049135225711e-16,2.043428099927965e-16,2.043428099927965e-16,True,True,u(k) + u(k)*y(k-1) + y(k-1) + y(k-1)*y(k-1)*y(k-1),False
E1,SO,13,4220,25,0.8448865420068614,native,ops,1,0.7199999999999999,0.7199999999999999,0.8288530389302201,7.0,2.349402361078631e-16,2.700813343538282e-16,2.700813343538282e-16,True,True,u(k) + u(k)*y(k-1) + y(k-1),False
E1,SO,14,4205,28,0.88530266599264,native,ops,1,0.6399999999999999,0.6399999999999999,0.8288530389302201,9.0,2.0223972475018847e-16,2.3458695068017613e-16,2.3458695068017613e-16,True,True,u(k) + u(k)*y(k-1) + y(k-1) + y(k-3),False
E1,SO,15,4158,9,0.8602375000191387,native,ops,1,0.6399999999999999,0.6399999999999999,0.8291572289498511,9.0,2.66775679418883e-16,2.7227928526362325e-16,2.7227928526362325e-16,True,True,u(k) + u(k)*y(k-1) + u(k-1) + y(k-1),False
E1,SO,16,4230,32,0.9466651669936255,native,ops,1,0.6399999999999999,0.6399999999999999,0.82885303893022,9.0,2.0223972475018847e-16,2.3458695068017613e-16,2.3458695068017613e-16,True,True,u(k) + u(k)*y(k-1) + y(k-1) + y(k-3),False
E1,SO,17,4245,28,0.9136021250160411,native,ops,1,0.6399999999999998,0.6399999999999998,0.830519214273044,9.0,2.8615980537508145e-16,3.323602781771804e-16,3.323602781771804e-16,True,True,u(k) + u(k)*y(k-1) + u(k-2) + y(k-1),False
E1,SO,18,4237,10,0.9365008329914417,native,ops,1,0.5999999999999999,0.5999999999999999,0.7938722239011774,10.0,1.8620101791436382e-16,2.4149382677767686e-16,2.4149382677767686e-16,True,True,u(k) + u(k)*y(k-1) + u(k-2)*y(k-3) + y(k-1),False
E1,SO,19,4207,30,0.9293865000072401,native,ops,1,0.7199999999999999,0.7199999999999999,0.7557304298418553,7.0,2.349402361078631e-16,2.700813343538282e-16,2.700813343538282e-16,True,True,u(k) + u(k)*y(k-1) + y(k-1),False
E1,SO,20,4173,22,0.8574773329892196,native,ops,1,0.7199999999999999,0.7199999999999999,0.830519214273044,7.0,2.349402361078631e-16,2.700813343538282e-16,2.700813343538282e-16,True,True,u(k) + u(k)*y(k-1) + y(k-1),False
E1,SO,21,4211,27,0.9720088329922874,native,ops,1,0.5599999999999998,0.5599999999999998,0.788787502554325,11.0,2.8384502344729033e-16,3.048215388922267e-16,3.048215388922267e-16,True,True,u(k) + u(k)*u(k)*y(k-1) + u(k)*y(k-1) + y(k-1),False
E1,SO,22,4219,8,0.9303513329941779,native,ops,1,0.5599999999999999,0.5599999999999998,0.82885303893022,11.0,2.691791236302312e-16,3.260402014746928e-16,3.260402014746928e-16,True,True,u(k) + u(k)*y(k-1) + u(k-2) + y(k-1) + y(k-2),False
E1,SO,23,4163,27,0.9537775829958264,native,ops,1,0.43999999999999984,0.43999999999999984,0.7556653770760219,14.0,1.9180143101357917e-16,2.540337108856375e-16,2.540337108856375e-16,True,True,u(k) + u(k)*u(k)*y(k-1) + u(k)*y(k-1) + y(k-1) + y(k-1)*y(k-1),False
E1,SO,24,4219,24,0.9071428329916671,native,ops,1,0.6399999999999999,0.6399999999999999,0.82885303893022,9.0,1.8775131440216633e-16,2.1087021151122103e-16,2.1087021151122103e-16,True,True,u(k) + u(k)*y(k-1) + u(k-4) + y(k-1),False
E1,SO,25,4236,84,1.0001449169940315,native,ops,1,0.5599999999999999,0.5599999999999999,0.82885303893022,11.0,2.304756423240201e-16,2.4491431876450457e-16,2.4491431876450457e-16,True,True,u(k) + u(k)*y(k-1) + u(k-2) + y(k-1) + y(k-2),False
E1,SO,26,4201,19,0.8712072499911301,native,ops,1,0.6399999999999999,0.6399999999999999,0.830519214273044,9.0,2.0223972475018847e-16,2.3458695068017613e-16,2.3458695068017613e-16,True,True,u(k) + u(k)*y(k-1) + y(k-1) + y(k-3),False
E1,SO,27,4200,9,0.9087275000056252,native,ops,1,0.6399999999999999,0.6399999999999999,0.82885303893022,9.0,2.0223972475018847e-16,2.3458695068017613e-16,2.3458695068017613e-16,True,True,u(k) + u(k)*y(k-1) + y(k-1) + y(k-3),False
E1,SO,28,4203,24,0.9681628749822266,native,ops,1,0.6399999999999999,0.6399999999999999,0.8288530389302201,9.0,2.0223972475018847e-16,2.3458695068017613e-16,2.3458695068017613e-16,True,True,u(k) + u(k)*y(k-1) + y(k-1) + y(k-3),False
E1,SO,29,4179,29,0.9785721669904888,native,ops,1,0.6399999999999999,0.6399999999999999,0.7555692504066853,9.0,2.0223972475018847e-16,2.3458695068017613e-16,2.3458695068017613e-16,True,True,u(k) + u(k)*y(k-1) + y(k-1) + y(k-3),False
E2,Green,0,4681,4,2.1360603330249432,native,ops,8,0.8781424814104829,0.872335533150443,0.8781424814104829,9.0,0.02303404876963203,0.028127236116949315,0.02789210935532731,False,False,u(k-1) + u(k-1)*y(k-2) + y(k-2) + y(k-5),False
E2,Green,1,4639,2,2.1115591670095455,native,ops,8,0.8790834021197592,0.8743023423897742,0.8790834021197592,7.0,0.023325343803451675,0.028336231628892785,0.027974296687295657,False,False,u(k-1) + u(k-1)*y(k-2) + y(k-5),False
E2,Green,2,4685,1,2.0580169589957222,native,ops,8,0.8794668229269561,0.8746890602173607,0.8794668229269561,7.0,0.02332534380345166,0.02833623162889277,0.028055878467765187,False,False,u(k-1) + u(k-1)*y(k-2) + y(k-5),False
E2,Green,3,4721,4,2.117812916985713,native,ops,8,0.8859688521285854,0.8805980684688458,0.8859688521285854,7.0,0.02332534380345169,0.028336231628892813,0.028055878467765253,False,False,u(k-1) + u(k-1)*y(k-2) + y(k-5),False
E2,Green,4,4708,10,2.2423955829872284,native,ops,8,0.8857551132517889,0.8805884337738669,0.8857551132517889,7.0,0.023325343803451734,0.02833623162889281,0.027974296687295598,False,False,u(k-1) + u(k-1)*y(k-2) + y(k-5),False
E2,Green,5,4682,3,2.1196214579977095,native,ops,8,0.8806332317062359,0.8759547964889162,0.8806332317062359,7.0,0.02332534380345166,0.0283362316288928,0.027942879613123816,False,False,u(k-1) + u(k-1)*y(k-2) + y(k-5),False
E2,Green,6,4678,6,2.239890374999959,native,ops,8,0.8794303837497113,0.8743561793250063,0.8794303837497113,7.0,0.02332534380345177,0.028336231628892733,0.027942879613123767,False,False,u(k-1) + u(k-1)*y(k-2) + y(k-5),False
E2,Green,7,4749,7,2.1983839999884367,native,ops,8,0.8784014351250766,0.8722539505410111,0.8784014351250766,7.0,0.023325343803451713,0.02833623162889276,0.027942879613123795,False,False,u(k-1) + u(k-1)*y(k-2) + y(k-5),False
E2,Green,8,4709,6,2.1004623750050087,native,ops,7,0.8790691593289504,0.874318864681782,0.8790691593289504,7.0,0.023325343803451654,0.028336231628892705,0.02794252304881897,False,False,u(k-1) + u(k-1)*y(k-2) + y(k-5),False
E2,Green,9,4740,5,2.1395374159910716,native,ops,8,0.8784088123850724,0.8721951911365975,0.8784088123850724,7.0,0.02332534380345166,0.0283362316288928,0.028055878467765222,False,False,u(k-1) + u(k-1)*y(k-2) + y(k-5),False
E2,Green,10,4703,5,2.238895083020907,native,ops,8,0.8790709224739804,0.87425991986393,0.8790709224739804,7.0,0.023325343803451682,0.028336231628892854,0.028055878467765194,False,False,u(k-1) + u(k-1)*y(k-2) + y(k-5),False
E2,Green,11,4703,7,2.395108041993808,native,ops,8,0.8859691455536467,0.8806491743739027,0.8859691455536467,7.0,0.023325343803451734,0.02833623162889281,0.027957597881117582,False,False,u(k-1) + u(k-1)*y(k-2) + y(k-5),False
E2,Green,12,4683,10,2.4992348750238307,native,ops,8,0.8801575330081571,0.8750464723467717,0.8801575330081571,7.0,0.023325343803451734,0.028336231628892813,0.027974296687295553,False,False,u(k-1) + u(k-1)*y(k-2) + y(k-5),False
E2,Green,13,4724,12,2.3792872919875663,native,ops,8,0.8850011980163404,0.879368693057203,0.8850011980163404,7.0,0.023325343803451557,0.02833623162889271,0.02805587846776521,False,False,u(k-1) + u(k-1)*y(k-2) + y(k-5),False
E2,Green,14,4697,9,2.336223709018668,native,ops,8,0.8790836557370746,0.8743023423897742,0.8790836557370746,7.0,0.023325343803451744,0.02833623162889279,0.027974296687295567,False,False,u(k-1) + u(k-1)*y(k-2) + y(k-5),False
E2,Green,15,4685,8,2.2398582919850014,native,ops,8,0.8790632679905406,0.8742622990771214,0.8790632679905406,7.0,0.023325343803451654,0.028336231628892705,0.02805130305778187,False,False,u(k-1) + u(k-1)*y(k-2) + y(k-5),False
E2,Green,16,4713,8,2.3886411669955123,native,ops,8,0.8863485780436966,0.8818282210546979,0.8863485780436966,7.0,0.023325343803451654,0.02833623162889278,0.027919355466620412,False,False,u(k-1) + u(k-1)*y(k-2) + y(k-5),False
E2,Green,17,4687,5,2.2439303749997634,native,ops,8,0.8783976304504338,0.8721951911365974,0.8783976304504338,7.0,0.0233253438034517,0.028336231628892802,0.02805587846776524,False,False,u(k-1) + u(k-1)*y(k-2) + y(k-5),False
E2,Green,18,4642,3,2.298341999994591,native,ops,8,0.8856129168917761,0.8803903021263533,0.8856129168917761,7.0,0.023325343803451658,0.0283362316288928,0.02805587846776524,False,False,u(k-1) + u(k-1)*y(k-2) + y(k-5),False
E2,Green,19,4697,1,2.2150301249930635,native,ops,8,0.8783345962450841,0.8721778639251394,0.8783345962450841,7.0,0.02332534380345169,0.028336231628892802,0.02797429668729562,False,False,u(k-1) + u(k-1)*y(k-2) + y(k-5),False
E2,Green,20,4681,7,2.140705458004959,native,ops,8,0.8795064198575041,0.8746459908436833,0.8795064198575041,7.0,0.02332534380345166,0.028336231628892816,0.028055878467765208,False,False,u(k-1) + u(k-1)*y(k-2) + y(k-5),False
E2,Green,21,4670,9,2.140977834002115,native,ops,8,0.8790836557370745,0.8743023423897743,0.8790836557370745,7.0,0.023325343803451703,0.028336231628892775,0.02797429668729552,False,False,u(k-1) + u(k-1)*y(k-2) + y(k-5),False
E2,Green,22,4668,2,2.1780084169877227,native,ops,8,0.8783998704319986,0.8722539505410111,0.8783998704319986,7.0,0.023325343803451557,0.02833623162889271,0.027942879613123837,False,False,u(k-1) + u(k-1)*y(k-2) + y(k-5),False
E2,Green,23,4722,9,2.38320145898615,native,ops,8,0.8790863627067079,0.8742599198639301,0.8790863627067079,7.0,0.02332534380345171,0.02833623162889278,0.02805587846776518,False,False,u(k-1) + u(k-1)*y(k-2) + y(k-5),False
E2,Green,24,4683,10,2.273502958007157,native,ops,8,0.8790834021197591,0.8743023423897742,0.8790834021197591,7.0,0.023325343803451717,0.02833623162889277,0.027974296687295588,False,False,u(k-1) + u(k-1)*y(k-2) + y(k-5),False
E2,Green,25,4662,13,2.2340390419994947,native,ops,8,0.8790897092674514,0.8748581173949537,0.8790897092674514,7.0,0.02332534380345174,0.028336231628892795,0.027919355466620412,False,False,u(k-1) + u(k-1)*y(k-2) + y(k-5),False
E2,Green,26,4649,4,2.0250716249865945,native,ops,8,0.878424496605997,0.8721951911365975,0.878424496605997,7.0,0.02332534380345159,0.028336231628892834,0.028055878467765173,False,False,u(k-1) + u(k-1)*y(k-2) + y(k-5),False
E2,Green,27,4699,10,2.1824599579849746,native,ops,8,0.8784242429886816,0.8721951911365974,0.8784242429886816,7.0,0.02332534380345167,0.028336231628892816,0.028055878467765295,False,False,u(k-1) + u(k-1)*y(k-2) + y(k-5),False
E2,Green,28,4681,3,2.1045706660079304,native,ops,8,0.8806458999404695,0.8758960370845025,0.8806458999404695,7.0,0.02332534380345166,0.028336231628892785,0.028055878467765253,False,False,u(k-1) + u(k-1)*y(k-2) + y(k-5),False
E2,Green,29,4646,6,2.1739915409998503,native,ops,8,0.8783832591610141,0.8722463903471743,0.8783832591610141,7.0,0.023325343803451686,0.028336231628892785,0.027942523048818925,False,False,u(k-1) + u(k-1)*y(k-2) + y(k-5),False
E2,MO-lex,0,4224,5,0.9591498750087339,native,ops,4,0.7022356417948475,0.698225830435735,0.7022356417948475,10.0,0.02287571165946057,0.028621296410020255,0.028439045742316746,False,False,u(k)*u(k-2) + u(k-1) + y(k-2)*y(k-2) + y(k-5),False
E2,MO-lex,1,4244,5,1.0497102920198813,native,ops,5,0.7023170780821824,0.6986827593855197,0.7023170780821824,9.0,0.023026134745714653,0.028055878467765197,0.027974296687295588,False,False,u(k-1) + u(k-1)*y(k-2) + y(k-4) + y(k-5),False
E2,MO-lex,2,4238,23,1.1417727079824544,native,ops,3,0.7030236496014238,0.6993147500272441,0.7030236496014238,10.0,0.02297364109399289,0.028809424244161618,0.027942879613123903,False,False,u(k)*u(k-1) + u(k-1) + y(k-2)*y(k-2) + y(k-5),False
E2,MO-lex,3,4203,12,0.9820439589966554,native,ops,6,0.6608462259067983,0.6554429082396733,0.6608462259067983,10.0,0.022986966264847548,0.0281884447599459,0.028061057151065952,False,False,u(k-1) + u(k-1)*y(k-2) + y(k-2)*y(k-3) + y(k-5),False
E2,MO-lex,4,4238,15,1.1898803749936633,native,ops,4,0.701239033400467,0.6970101173163908,0.701239033400467,10.0,0.022875711659460545,0.028621296410020196,0.028495472197663872,False,False,u(k)*u(k-2) + u(k-1) + y(k-2)*y(k-2) + y(k-5),False
E2,MO-lex,5,4231,11,1.1938072910124902,native,ops,4,0.7030894481561402,0.6992472996233817,0.7030894481561402,10.0,0.023171405922430523,0.029159056587540748,0.02852788859250901,False,False,u(k)*u(k-1) + u(k-1) + y(k-2)*y(k-3) + y(k-5),False
E2,MO-lex,6,4232,17,1.210668416984845,native,ops,4,0.6254108930639056,0.6221029971850439,0.6254108930639056,9.0,0.02302613474571482,0.028055878467765152,0.027942879613123753,False,False,u(k-1) + u(k-1)*y(k-2) + y(k-4) + y(k-5),False
E2,MO-lex,7,4269,28,1.279724709020229,native,ops,5,0.7380541102525612,0.7338957311077321,0.7380541102525612,11.0,0.023036131774493075,0.0280374199234565,0.0280374199234565,False,False,u(k-1) + u(k-1)*y(k-2) + y(k-1) + y(k-4) + y(k-5),False
E2,MO-lex,8,4229,25,1.1538009170035366,native,ops,3,0.7033077468718898,0.6995243796491486,0.7033077468718898,9.0,0.023026134745714653,0.028055878467765197,0.028055878467765197,False,False,u(k-1) + u(k-1)*y(k-2) + y(k-4) + y(k-5),False
E2,MO-lex,9,4277,15,1.2951447910163552,native,ops,5,0.7400283766321236,0.7354639602094721,0.7400283766321236,7.0,0.023325343803451734,0.02833623162889281,0.02794287961312382,False,False,u(k-1) + u(k-1)*y(k-2) + y(k-5),False
E2,MO-lex,10,4251,24,1.4493570000049658,native,ops,5,0.6608287139888142,0.6559040399838036,0.6608287139888142,10.0,0.022986966264847496,0.028188444759945874,0.02794287961312382,False,False,u(k-1) + u(k-1)*y(k-2) + y(k-2)*y(k-3) + y(k-5),False
E2,MO-lex,11,4238,17,1.2136529999843333,native,ops,3,0.625246731165281,0.6215887353983772,0.625246731165281,10.0,0.022875711659460483,0.028621296410020154,0.028495472197663657,False,True,u(k)*u(k-2) + u(k-1) + y(k-2)*y(k-2) + y(k-5),False
E2,MO-lex,12,4195,9,1.237948584021069,native,ops,4,0.7022900879254745,0.6984871310874989,0.7022900879254745,9.0,0.023539325117018176,0.028750982584347478,0.028037419923456482,False,False,u(k-1) + u(k-2)*y(k-2) + y(k-4) + y(k-5),False
E2,MO-lex,13,4245,15,1.2239643330103718,native,ops,4,0.703006515949461,0.6991924589278591,0.703006515949461,10.0,0.022986966264847565,0.02818844475994596,0.02818844475994596,False,False,u(k-1) + u(k-1)*y(k-2) + y(k-2)*y(k-3) + y(k-5),False
E2,MO-lex,14,4228,16,1.1514668749878183,native,ops,5,0.7341024968809368,0.7267652633257675,0.7341024968809368,9.0,0.023026134745714737,0.028055878467765253,0.027942879613123823,False,False,u(k-1) + u(k-1)*y(k-2) + y(k-4) + y(k-5),False
E2,MO-lex,15,4190,15,1.3974346249888185,native,ops,5,0.7025973432404659,0.6986948874653867,0.7025973432404659,9.0,0.02348106067974359,0.02899960310140295,0.028071444914599893,False,False,u(k)*y(k-3) + u(k-1) + y(k-3) + y(k-5),False
E2,MO-lex,16,4230,16,1.1447244579903781,native,ops,4,0.6253424767417074,0.6222617032705632,0.6253424767417074,10.0,0.023012085763255943,0.02818268848553528,0.027716088639745107,False,False,u(k-1) + u(k-1)*y(k-2) + y(k-1)*y(k-3) + y(k-5),False
E2,MO-lex,17,4245,33,1.4158421669853851,native,ops,6,0.7380397796748813,0.6998362840681709,0.7380397796748813,7.0,0.023325343803451557,0.02833623162889271,0.02794252304881898,False,False,u(k-1) + u(k-1)*y(k-2) + y(k-5),False
E2,MO-lex,18,4250,14,1.2341488329984713,native,ops,3,0.6253498763579532,0.6217146936423233,0.6253498763579532,10.0,0.02326109572883389,0.028946790859196353,0.028439045742316725,False,False,u(k)*y(k-2) + u(k-1) + y(k-2)*y(k-2) + y(k-5),False
E2,MO-lex,19,4239,12,1.283203416998731,native,ops,6,0.671970927597131,0.6580306661154806,0.671970927597131,10.0,0.023012085763255842,0.02818268848553524,0.027800107337470525,False,False,u(k-1) + u(k-1)*y(k-2) + y(k-1)*y(k-3) + y(k-5),False
E2,MO-lex,20,4200,11,1.1766205000167247,native,ops,4,0.7035432988203949,0.6998360986547325,0.7035432988203949,7.0,0.02332534380345174,0.028336231628892795,0.02794287961312374,False,False,u(k-1) + u(k-1)*y(k-2) + y(k-5),False
E2,MO-lex,21,4228,15,1.4214644170133397,native,ops,4,0.6254090801132546,0.6221038671525944,0.6254090801132546,9.0,0.023026134745714598,0.028055878467765184,0.02794287961312378,False,False,u(k-1) + u(k-1)*y(k-2) + y(k-4) + y(k-5),False
E2,MO-lex,22,4231,15,1.069066791998921,native,ops,4,0.7035635153005244,0.6997773392503188,0.7035635153005244,7.0,0.02332534380345173,0.02833623162889277,0.028055878467765197,False,False,u(k-1) + u(k-1)*y(k-2) + y(k-5),False
E2,MO-lex,23,4253,14,1.3439665409969166,native,ops,5,0.7405086895433168,0.7356369980886572,0.7405086895433168,7.0,0.02332534380345157,0.028336231628892795,0.027942879613123726,False,False,u(k-1) + u(k-1)*y(k-2) + y(k-5),False
E2,MO-lex,24,4219,12,1.1558275840070564,native,ops,3,0.6254259780987053,0.6218646341257447,0.6254259780987053,9.0,0.023337761608879976,0.028336509178523917,0.028336509178523917,False,False,u(k) + u(k-1) + u(k-1)*y(k-2) + y(k-5),False
E2,MO-lex,25,4218,14,0.9954500840103719,native,ops,5,0.6609577812915974,0.6572303772438602,0.6609577812915974,11.0,0.022955150475536177,0.028061057151065962,0.028061057151065962,False,False,u(k-1) + u(k-1)*y(k-2) + y(k-2) + y(k-4) + y(k-5),False
E2,MO-lex,26,4229,15,1.1414543749997392,native,ops,5,0.7032157754704368,0.6999513584276074,0.7032157754704368,10.0,0.023099546114794617,0.02815717361602156,0.027762630425478364,False,False,u(k)*y(k-1) + u(k-1) + u(k-1)*y(k-2) + y(k-5),False
E2,MO-lex,27,4259,20,1.148066124995239,native,ops,6,0.7368305464366713,0.7311648845337518,0.7368305464366713,10.0,0.023012085763255974,0.028182688485535283,0.027762630425478337,False,False,u(k-1) + u(k-1)*y(k-2) + y(k-1)*y(k-3) + y(k-5),False
E2,MO-lex,28,4203,18,1.0099376669968478,native,ops,4,0.6622606065035548,0.6574588644741189,0.6622606065035548,10.0,0.022875711659460497,0.02862129641002024,0.028495472197663782,False,True,u(k)*u(k-2) + u(k-1) + y(k-2)*y(k-2) + y(k-5),False
E2,MO-lex,29,4205,7,1.2019196249893866,native,ops,5,0.6608762816314974,0.6553846862575279,0.6608762816314974,10.0,0.023096426351156597,0.028074039740755747,0.028074039740755747,False,False,u(k)*y(k-2) + u(k-1) + u(k-1)*y(k-2) + y(k-5),False
E2,SO,0,4224,5,1.086253499990562,native,ops,1,0.5081776103484965,0.5052116962139953,0.7022356417948475,12.0,0.022735364714429853,0.028439045742316746,0.028439045742316746,False,False,u(k)*y(k-2) + u(k-1) + y(k-2) + y(k-2)*y(k-2) + y(k-5),False
E2,SO,1,4244,5,1.058829916990362,native,ops,1,0.5081636359306865,0.5054533657226064,0.7023170780821824,12.0,0.02276223859483383,0.027974296687295588,0.027974296687295588,False,False,u(k-1) + u(k-1)*y(k-2) + y(k-3)*y(k-3) + y(k-4) + y(k-5),False
E2,SO,2,4238,23,1.144289416988613,native,ops,1,0.5081696231233497,0.5054697026011756,0.7030236496014238,12.0,0.022750724762789186,0.027942879613123903,0.027942879613123903,False,False,u(k-1) + u(k-1)*y(k-2) + y(k-1)*y(k-3) + y(k-4) + y(k-5),False
E2,SO,3,4203,12,1.043513582990272,native,ops,1,0.5081895454958173,0.5051823544572149,0.6608462259067983,12.0,0.022712412508043817,0.028495472197663716,0.028495472197663716,False,False,u(k)*u(k-2) + u(k-1) + y(k-2)*y(k-2) + y(k-4) + y(k-5),False
E2,SO,4,4238,15,1.0442833339911886,native,ops,1,0.5081895454958173,0.5051823544572148,0.701239033400467,12.0,0.022712412508043716,0.028495472197663872,0.028495472197663872,False,False,u(k)*u(k-2) + u(k-1) + y(k-2)*y(k-2) + y(k-4) + y(k-5),False
E2,SO,5,4231,11,1.1431565829843748,native,ops,1,0.5081777784522739,0.5051654979318954,0.7030894481561402,12.0,0.02273504143793509,0.02852788859250901,0.02852788859250901,False,False,u(k)*y(k-2) + u(k-1) + y(k-2) + y(k-2)*y(k-3) + y(k-5),False
E2,SO,6,4232,17,1.0986809580062982,native,ops,1,0.5081696231233496,0.5054697026011756,0.6254108930639056,12.0,0.022750724762789245,0.027942879613123753,0.027942879613123753,False,False,u(k-1) + u(k-1)*y(k-2) + y(k-1)*y(k-3) + y(k-4) + y(k-5),False
E2,SO,7,4269,28,1.2131314580037724,native,ops,1,0.5081777784522739,0.5051654979318952,0.7380541102525612,12.0,0.022735041437935043,0.028527888592509112,0.028527888592509112,False,False,u(k)*y(k-2) + u(k-1) + y(k-2) + y(k-2)*y(k-3) + y(k-5),False
E2,SO,8,4229,25,1.082105874986155,native,ops,1,0.5081776103484964,0.5052116962139953,0.7033077468718898,12.0,0.022735364714429947,0.028439045742316746,0.028439045742316746,False,False,u(k)*y(k-2) + u(k-1) + y(k-2) + y(k-2)*y(k-2) + y(k-5),False
E2,SO,9,4277,15,1.0818004160246346,native,ops,1,0.5081696231233496,0.5054697026011756,0.7400283766321236,12.0,0.02275072476278927,0.02794287961312382,0.02794287961312382,False,False,u(k-1) + u(k-1)*y(k-2) + y(k-1)*y(k-3) + y(k-4) + y(k-5),False
E2,SO,10,4251,24,1.2185083749936894,native,ops,1,0.5081696231233496,0.5054697026011756,0.6608287139888142,12.0,0.022750724762789252,0.02794287961312382,0.02794287961312382,False,False,u(k-1) + u(k-1)*y(k-2) + y(k-1)*y(k-3) + y(k-4) + y(k-5),False
E2,SO,11,4238,17,1.1611157080042176,native,ops,1,0.5081895454958172,0.5051823544572149,0.625246731165281,12.0,0.02271241250804399,0.028495472197663657,0.028495472197663657,False,False,u(k)*u(k-2) + u(k-1) + y(k-2)*y(k-2) + y(k-4) + y(k-5),False
E2,SO,12,4195,9,1.1734815000090748,native,ops,1,0.5081895454958172,0.5051823544572148,0.7022900879254745,12.0,0.022712412508043865,0.028495472197663768,0.028495472197663768,False,False,u(k)*u(k-2) + u(k-1) + y(k-2)*y(k-2) + y(k-4) + y(k-5),False
E2,SO,13,4245,15,1.1040422919904813,native,ops,1,0.5081895454958172,0.5051823544572148,0.703006515949461,12.0,0.02271241250804397,0.028495472197663806,0.028495472197663806,False,False,u(k)*u(k-2) + u(k-1) + y(k-2)*y(k-2) + y(k-4) + y(k-5),False
E2,SO,14,4228,16,1.0322453340049833,native,ops,1,0.5081696231233496,0.5054697026011756,0.7341024968809368,12.0,0.022750724762789293,0.027942879613123823,0.027942879613123823,False,False,u(k-1) + u(k-1)*y(k-2) + y(k-1)*y(k-3) + y(k-4) + y(k-5),False
E2,SO,15,4190,15,1.1403055840055458,native,ops,1,0.5081776103484964,0.5052116962139953,0.7025973432404659,12.0,0.022735364714429936,0.028439045742316763,0.028439045742316763,False,False,u(k)*y(k-2) + u(k-1) + y(k-2) + y(k-2)*y(k-2) + y(k-5),False
E2,SO,16,4230,16,1.121435333014233,native,ops,1,0.5081696231233496,0.5054697026011756,0.6253424767417074,12.0,0.022750724762789283,0.027942879613123882,0.027942879613123882,False,False,u(k-1) + u(k-1)*y(k-2) + y(k-1)*y(k-3) + y(k-4) + y(k-5),False
E2,SO,17,4245,33,1.1318125420075376,native,ops,1,0.5081520173375593,0.5054698880146141,0.7380397796748813,12.0,0.022784582043155217,0.02794252304881898,0.02794252304881898,False,False,u(k-1) + u(k-1)*y(k-2) + y(k-2)*y(k-2) + y(k-4) + y(k-5),False
E2,SO,18,4250,14,1.0482879590126686,native,ops,1,0.5081776103484964,0.5052116962139953,0.6253498763579532,12.0,0.022735364714429964,0.028439045742316725,0.028439045742316725,False,False,u(k)*y(k-2) + u(k-1) + y(k-2) + y(k-2)*y(k-2) + y(k-5),False
E2,SO,19,4239,12,1.105876707995776,native,ops,1,0.5081895454958172,0.5051823544572148,0.671970927597131,12.0,0.0227124125080439,0.028495472197663824,0.028495472197663824,False,False,u(k)*u(k-2) + u(k-1) + y(k-2)*y(k-2) + y(k-4) + y(k-5),False
E2,SO,20,4200,11,1.074513541010674,native,ops,1,0.5081696231233497,0.5054697026011757,0.7035432988203949,12.0,0.022750724762789203,0.02794287961312374,0.02794287961312374,False,False,u(k-1) + u(k-1)*y(k-2) + y(k-1)*y(k-3) + y(k-4) + y(k-5),False
E2,SO,21,4228,15,1.174441042006947,native,ops,1,0.5081696231233496,0.5054697026011756,0.6254090801132546,12.0,0.022750724762789352,0.02794287961312378,0.02794287961312378,False,False,u(k-1) + u(k-1)*y(k-2) + y(k-1)*y(k-3) + y(k-4) + y(k-5),False
E2,SO,22,4231,15,1.135456415999215,native,ops,1,0.5081895454958171,0.5051823544572149,0.7035635153005244,12.0,0.022712412508044136,0.0284954721976637,0.0284954721976637,False,False,u(k)*u(k-2) + u(k-1) + y(k-2)*y(k-2) + y(k-4) + y(k-5),False
E2,SO,23,4253,14,1.1407246250018943,native,ops,1,0.5081696231233497,0.5054697026011757,0.7405086895433168,12.0,0.02275072476278919,0.027942879613123726,0.027942879613123726,False,False,u(k-1) + u(k-1)*y(k-2) + y(k-1)*y(k-3) + y(k-4) + y(k-5),False
E2,SO,24,4219,12,1.061001624999335,native,ops,1,0.5081895454958172,0.5051823544572148,0.6254259780987053,12.0,0.022712412508043858,0.02849547219766375,0.02849547219766375,False,False,u(k)*u(k-2) + u(k-1) + y(k-2)*y(k-2) + y(k-4) + y(k-5),False
E2,SO,25,4218,14,1.0284176249988377,native,ops,1,0.5081895454958172,0.5051823544572149,0.6609577812915974,12.0,0.022712412508044014,0.02849547219766373,0.02849547219766373,False,False,u(k)*u(k-2) + u(k-1) + y(k-2)*y(k-2) + y(k-4) + y(k-5),False
E2,SO,26,4229,15,1.06385320899426,native,ops,1,0.5081777784522739,0.5051654979318952,0.7032157754704368,12.0,0.022735041437935026,0.028527888592509126,0.028527888592509126,False,False,u(k)*y(k-2) + u(k-1) + y(k-2) + y(k-2)*y(k-3) + y(k-5),False
E2,SO,27,4259,20,1.141018249996705,native,ops,1,0.5081696231233496,0.5054697026011756,0.7368305464366713,12.0,0.022750724762789273,0.027942879613123823,0.027942879613123823,False,False,u(k-1) + u(k-1)*y(k-2) + y(k-1)*y(k-3) + y(k-4) + y(k-5),False
E2,SO,28,4203,18,1.1417236660199706,native,ops,1,0.5081895454958172,0.5051823544572148,0.6622606065035548,12.0,0.022712412508043928,0.028495472197663782,0.028495472197663782,False,False,u(k)*u(k-2) + u(k-1) + y(k-2)*y(k-2) + y(k-4) + y(k-5),False
E2,SO,29,4205,7,1.1047562079911586,native,ops,1,0.5081776103484964,0.5052116962139953,0.6608762816314974,12.0,0.02273536471443003,0.02843904574231672,0.02843904574231672,False,False,u(k)*y(k-2) + u(k-1) + y(k-2) + y(k-2)*y(k-2) + y(k-5),False
E3,Green,0,4724,0,2.9792329579940997,native,ops,8,0.9314403102373049,0.8676296203023196,0.9314403102373049,16.0,0.010299776049321654,1.276566038211296,0.08133334320930861,False,False,u(k-4) + u(k-4)*y(k-2)*y(k-2) + u(k-7) + u(k-8) + y(k-1) + y(k-2) + y(k-8),False
E3,Green,1,4629,0,3.22867366601713,native,ops,9,0.9557567180010017,0.8933830274775352,0.9557567180010017,16.0,0.010109638919965065,1.3922219097010358,0.07861862313831593,False,False,u(k-3)*y(k-1)*y(k-4) + u(k-6) + u(k-7) + u(k-8) + y(k-1) + y(k-2) + y(k-8),False
E3,Green,2,4685,0,3.3017006249865517,native,ops,7,0.9544496049120468,0.8933830274775352,0.9544496049120468,14.0,0.011865350616984576,1.4546166097077473,0.07861862313831593,False,False,u(k) + u(k-1) + u(k-3) + u(k-5) + y(k-1) + y(k-7) + y(k-8),False
E3,Green,3,4682,0,3.4296121670049615,native,ops,7,0.9319711607533475,0.8701935225915904,0.9319711607533475,16.0,0.010045256615975658,1.4309455631297825,0.07861862313831601,False,False,u(k-2)*u(k-4)*y(k-3) + u(k-6) + u(k-7) + u(k-8) + y(k-1) + y(k-2) + y(k-8),False
E3,Green,4,4627,1,2.7772592499968596,native,ops,6,0.9304680954650975,0.8701935225915906,0.9304680954650975,14.0,0.011865350616662773,1.547386451878167,0.07861862313831591,False,False,u(k-3) + u(k-4) + u(k-5) + u(k-6) + y(k-1) + y(k-7) + y(k-8),False
E3,Green,5,4659,0,3.2923187499982305,native,ops,9,0.9556021279627709,0.8933830274775352,0.9556021279627709,16.0,0.010311969375693375,1.480975547599922,0.07861862313831593,False,False,u(k-3)*u(k-3)*u(k-3) + u(k-5) + u(k-6) + u(k-8) + y(k-1) + y(k-2) + y(k-8),False
E3,Green,6,4644,0,3.300687916984316,native,ops,9,0.9562982270320639,0.8933830274775352,0.9562982270320639,16.0,0.009473659734719034,1.4670512649722183,0.07861862313831597,False,False,u(k-3)*u(k-6)*y(k-4) + u(k-6) + u(k-7) + u(k-8) + y(k-1) + y(k-7) + y(k-8),False
E3,Green,7,4704,1,3.2097662500164006,native,ops,7,0.9543094469895358,0.8933830274775352,0.9543094469895358,14.0,0.011865350616995148,1.583083875952255,0.07861862313831591,False,False,u(k-3) + u(k-4) + u(k-6) + u(k-8) + y(k-1) + y(k-7) + y(k-8),False
E3,Green,8,4698,0,3.182771624997258,native,ops,9,0.9553845117661336,0.8933830274775352,0.9553845117661336,16.0,0.010697134441119869,1.5960982247822082,0.07861862313831593,False,False,u(k-2)*u(k-5)*y(k-3) + u(k-6) + u(k-7) + u(k-8) + y(k-1) + y(k-4) + y(k-8),False
E3,Green,9,4679,0,3.1740298329968937,native,ops,7,0.931594785554203,0.8701935225915906,0.931594785554203,16.0,0.010431504550220756,1.3353196394599163,0.07861862313831593,False,False,u(k-3)*u(k-5)*y(k-4) + u(k-4) + u(k-6) + u(k-7) + y(k-1) + y(k-6) + y(k-8),False
E3,Green,10,4703,2,3.1753635839850176,native,ops,7,0.9314104651152971,0.8676296203023188,0.9314104651152971,16.0,0.010450531840945087,,0.0813333432093094,False,False,u(k-5) + u(k-6) + u(k-8) + y(k-1) + y(k-2) + y(k-2)*y(k-2)*y(k-2) + y(k-8),True
E3,Green,11,4674,0,2.764997874997789,native,ops,8,0.9545492010648623,0.8933830274775352,0.9545492010648623,14.0,0.011865350616705307,1.4245364143098016,0.07861862313831591,False,False,u(k) + u(k-1) + u(k-2) + u(k-3) + y(k-1) + y(k-7) + y(k-8),False
E3,Green,12,4629,0,3.3608697500021663,native,ops,9,0.9559429367068867,0.8933830274775352,0.9559429367068867,16.0,0.010042680893884772,1.3714728850179907,0.07861862313831593,False,False,u(k-2)*u(k-5)*y(k-3) + u(k-6) + u(k-7) + u(k-8) + y(k-1) + y(k-2) + y(k-8),False
E3,Green,13,4646,1,3.3150989999994636,native,ops,8,0.9317245317426279,0.8676296203023198,0.9317245317426279,16.0,0.009947765102891378,1.3286320444481028,0.08133334320930838,False,False,u(k-3)*y(k-4)*y(k-5) + u(k-5) + u(k-7) + u(k-8) + y(k-1) + y(k-6) + y(k-8),False
E3,Green,14,4671,0,3.321388417010894,native,ops,8,0.9310633996845685,0.8676296203023194,0.9310633996845685,16.0,0.010653155902430394,1.1874152285898654,0.08133334320930882,False,False,u(k-2) + u(k-3)*u(k-6)*y(k-4) + u(k-6) + u(k-7) + y(k-1) + y(k-6) + y(k-8),False
E3,Green,15,4625,0,3.237309541000286,native,ops,9,0.9558262884395408,0.8933830274775352,0.9558262884395408,16.0,0.010081394401374925,1.270173117448562,0.07861862313831593,False,False,u(k-2) + u(k-3)*y(k-4)*y(k-6) + u(k-7) + u(k-8) + y(k-1) + y(k-7) + y(k-8),False
E3,Green,16,4668,0,3.278176291991258,native,ops,7,0.9315404598986943,0.8676296203023192,0.9315404598986943,16.0,0.01013107258173695,1.3053153407993008,0.08133334320930904,False,False,u(k-2)*y(k-3)*y(k-5) + u(k-6) + u(k-7) + u(k-8) + y(k-1) + y(k-2) + y(k-8),False
E3,Green,17,4703,0,3.256437583011575,native,ops,9,0.9552005562198368,0.8933830274775353,0.9552005562198368,16.0,0.011081523612848027,1.2671877242056455,0.07861862313831584,False,False,u(k-1) + u(k-3)*y(k-3)*y(k-6) + u(k-5) + u(k-8) + y(k-1) + y(k-7) + y(k-8),False
E3,Green,18,4615,0,3.061471165972762,native,ops,8,0.9320944761834024,0.8701935225915906,0.9320944761834024,16.0,0.00992645176730331,,0.07861862313831597,False,False,u(k-6) + u(k-7) + u(k-8) + y(k-1) + y(k-2)*y(k-4)*y(k-5) + y(k-6) + y(k-8),True
E3,Green,19,4697,0,3.568304332991829,native,ops,9,0.9554211499635984,0.8977580526246742,0.9554211499635984,18.0,0.010510355142594744,38259908804043.375,0.07398624357075691,False,False,u(k) + u(k-2) + u(k-4) + u(k-5) + y(k-1) + y(k-1)*y(k-4)*y(k-4) + y(k-10) + y(k-7),False
E3,Green,20,4681,0,3.5123025420180056,native,ops,8,0.9560436662154042,0.8933830274775352,0.9560436662154042,16.0,0.009818559325980096,1.376673442653737,0.07861862313831591,False,False,u(k-3)*u(k-6)*y(k-4) + u(k-4) + u(k-6) + u(k-8) + y(k-1) + y(k-7) + y(k-8),False
E3,Green,21,4631,0,3.436653084005229,native,ops,8,0.955027590929692,0.8933830274775352,0.955027590929692,18.0,0.010872221230422746,21.280180426380433,0.07861862313831593,False,False,u(k) + u(k)*u(k)*u(k) + u(k-2) + u(k-3) + u(k-6) + y(k-1) + y(k-10) + y(k-2),False
E3,Green,22,4629,0,3.0838889160077088,native,ops,8,0.931807467099953,0.8676296203023198,0.931807467099953,16.0,0.00985642537078844,1.4047718996224337,0.08133334320930838,False,False,u(k-3)*y(k-4)*y(k-5) + u(k-5) + u(k-6) + u(k-8) + y(k-1) + y(k-7) + y(k-8),False
E3,Green,23,4660,0,3.5127744170022197,native,ops,9,0.930434747247002,0.8676296203023198,0.930434747247002,14.0,0.01186535061711432,1.452865829264082,0.08133334320930845,False,False,u(k) + u(k-2) + u(k-3) + u(k-4) + y(k-1) + y(k-7) + y(k-8),False
E3,Green,24,4683,1,3.3138925419771113,native,ops,7,0.954367031894193,0.8933830274775352,0.954367031894193,14.0,0.011865350617062575,1.4565616308344411,0.07861862313831593,False,False,u(k) + u(k-1) + u(k-2) + u(k-6) + y(k-1) + y(k-7) + y(k-8),False
E3,Green,25,4636,0,3.282944792008493,native,ops,8,0.9561532990606366,0.8933830274775352,0.9561532990606366,20.0,0.009466694752210824,1.60537064792512,0.07861862313831601,False,False,u(k) + u(k)*u(k-2)*u(k-2)*u(k-2)*y(k-1) + u(k-5) + u(k-6) + u(k-8) + y(k-1) + y(k-10) + y(k-8),False
E3,Green,26,4624,1,2.9012333750142716,native,ops,8,0.9561452650925778,0.8933830274775352,0.9561452650925778,16.0,0.009690911965144188,,0.07861862313831601,False,False,u(k-6) + u(k-7) + u(k-8) + y(k-1) + y(k-3)*y(k-3)*y(k-5) + y(k-7) + y(k-8),True
E3,Green,27,4646,0,3.1474415409902576,native,ops,7,0.955013511491082,0.8933830274775352,0.955013511491082,14.0,0.011150322769556787,2.3969439364631615,0.07861862313831591,False,False,u(k-6) + u(k-7) + u(k-8) + y(k-1) + y(k-2) + y(k-3) + y(k-8),False
E3,Green,28,4659,1,3.065806166996481,native,ops,6,0.9545255913287375,0.8933830274775352,0.9545255913287375,12.0,0.011794489610708295,2.8987845805659593,0.07861862313831591,False,False,u(k-6) + u(k-7) + u(k-8) + y(k-1) + y(k-2) + y(k-7),False
E3,Green,29,4586,2,2.9609509999863803,native,ops,7,0.9323065082672948,0.8712988605758826,0.9323065082672948,16.0,0.009473659734145162,1.4670512656314283,0.07744826527259484,False,False,u(k-3)*u(k-6)*y(k-4) + u(k-6) + u(k-7) + u(k-8) + y(k-1) + y(k-7) + y(k-8),False
E3,MO-lex,0,4174,0,2.2173379579908215,native,ops,3,0.7810578619849,0.0,0.7810578619849,16.0,0.010039370722494428,1.4114130381953272,1.4114130381953272,False,False,u(k-3)*u(k-3)*y(k-3) + u(k-6) + u(k-7) + u(k-8) + y(k-1) + y(k-2) + y(k-8),False
E3,MO-lex,1,4221,2,1.7939081670192536,native,ops,2,0.7976127994426776,0.0,0.7976127994426776,16.0,0.009788352480229977,1.3685669607668864,1.3685669607668864,False,False,u(k-4)*y(k-4)*y(k-4) + u(k-5) + u(k-6) + u(k-8) + y(k-1) + y(k-7) + y(k-8),False
E3,MO-lex,2,4209,0,1.631274040992139,native,ops,4,0.8247517916683426,0.0,0.8247517916683426,16.0,0.009836633643372604,1.2543238892233024,1.2522088427975897,False,False,u(k-5) + u(k-5)*y(k-4)*y(k-4) + u(k-6) + u(k-7) + y(k-1) + y(k-7) + y(k-8),False
E3,MO-lex,3,4165,1,2.1196537089999765,native,ops,3,0.7972991275116788,0.0,0.7972991275116788,16.0,0.010039370717658593,1.4114130377786807,1.3937274818636392,False,False,u(k-3)*u(k-3)*y(k-3) + u(k-6) + u(k-7) + u(k-8) + y(k-1) + y(k-2) + y(k-8),False
E3,MO-lex,4,4133,0,1.8292099160025828,native,ops,4,0.7974228747250344,0.0,0.7974228747250344,16.0,0.010079715783236963,1.4073547064290304,1.3847582396988163,False,False,u(k-3)*y(k-2)*y(k-2) + u(k-6) + u(k-7) + u(k-8) + y(k-1) + y(k-2) + y(k-8),False
E3,MO-lex,5,4192,1,1.6258231670071837,native,ops,3,0.7973881187042071,0.0,0.7973881187042071,16.0,0.010074341668348665,1.339835537085711,1.318735813192184,False,False,u(k-3)*y(k-2)*y(k-3) + u(k-6) + u(k-7) + u(k-8) + y(k-1) + y(k-2) + y(k-8),False
E3,MO-lex,6,4183,0,2.0178165420074947,native,ops,4,0.797335213386427,0.5760260579090576,0.797335213386427,16.0,0.009473659734333303,1.4670512654174257,0.28493316949220443,False,False,u(k-3)*u(k-6)*y(k-4) + u(k-6) + u(k-7) + u(k-8) + y(k-1) + y(k-7) + y(k-8),False
E3,MO-lex,7,4213,1,2.2691337909782305,native,ops,5,0.7840327795546731,0.6810671429902496,0.7840327795546731,20.0,0.008654651609147187,1.1706935881100962,0.13970466148600044,False,False,u(k)*y(k-1)*y(k-6) + u(k-3)*u(k-3)*y(k-2) + u(k-6) + u(k-7) + u(k-8) + y(k-1) + y(k-4) + y(k-9),False
E3,MO-lex,8,4179,1,1.8404743749997579,native,ops,5,0.8243678358742318,0.7650413454408588,0.8243678358742318,16.0,0.009473659732928748,1.4670512654674763,0.0794053217908047,False,False,u(k-3)*u(k-6)*y(k-4) + u(k-6) + u(k-7) + u(k-8) + y(k-1) + y(k-7) + y(k-8),False
E3,MO-lex,9,4204,0,1.8313554999767803,native,ops,5,0.8244912935858778,0.0,0.8244912935858778,16.0,0.010266056857211795,1.299601640550438,1.299601640550438,False,False,u(k-3)*u(k-3)*u(k-5) + u(k-5) + u(k-6) + u(k-7) + y(k-1) + y(k-2) + y(k-8),False
E3,MO-lex,10,4194,0,2.1669969169888645,native,ops,5,0.7223950933803148,0.3599670560596355,0.7223950933803148,21.0,0.007795726488644577,0.5000326217763083,0.5000326217763083,False,False,u(k)*u(k)*u(k-2) + u(k-1)*u(k-2)*u(k-2) + u(k-1)*u(k-2)*u(k-4) + u(k-3) + u(k-5) + y(k-3)*y(k-6) + y(k-6),False
E3,MO-lex,11,4188,9,1.7956703749950975,native,ops,2,0.7163717324771421,0.5604233690336732,0.7163717324771421,20.0,0.008384216593913382,1.5731477329613914,0.15936494644949042,False,False,u(k)*u(k)*u(k) + u(k)*u(k-3)*y(k-1) + u(k-2) + u(k-2)*u(k-5)*y(k-3) + u(k-7) + y(k-5) + y(k-8),False
E3,MO-lex,12,4139,1,2.1059012499754317,native,ops,3,0.7972920532376917,0.0,0.7972920532376917,16.0,0.010045256624799024,1.4309455630478096,1.413237231933367,False,False,u(k-2)*u(k-4)*y(k-3) + u(k-6) + u(k-7) + u(k-8) + y(k-1) + y(k-2) + y(k-8),False
E3,MO-lex,13,4174,1,2.1213262079982087,native,ops,5,0.7965856756933456,0.0,0.7965856756933456,19.0,0.009460083222009934,1.4978106212189835,1.2914595046165889,False,False,u(k-3)*u(k-6)*y(k-4) + u(k-6) + u(k-7) + u(k-8) + y(k-1) + y(k-5)*y(k-5) + y(k-7) + y(k-8),False
E3,MO-lex,14,4228,0,1.5056418330059387,native,ops,4,0.8758332312745428,0.8025542282307918,0.8758332312745428,14.0,0.011865350616789182,1.424536414312042,0.09154445486372437,False,False,u(k) + u(k-1) + u(k-2) + u(k-3) + y(k-1) + y(k-7) + y(k-8),False
E3,MO-lex,15,4135,0,2.1019985000020824,native,ops,3,0.7582568917594662,0.48443734129092797,0.7582568917594662,20.0,0.007221068130828746,1.0777152814237663,0.35408354494542943,False,False,u(k-1)*u(k-1)*y(k-7) + u(k-3) + u(k-3)*u(k-3)*y(k-4) + u(k-8) + u(k-9) + y(k-1) + y(k-10) + y(k-5),False
E3,MO-lex,16,4181,0,2.078906916984124,native,ops,2,0.7978339930881431,0.0,0.7978339930881431,16.0,0.009489652131252179,1.3737644606081234,1.3737644606081234,False,False,u(k-3)*y(k-4)*y(k-6) + u(k-6) + u(k-7) + u(k-8) + y(k-1) + y(k-7) + y(k-8),False
E3,MO-lex,17,4222,1,1.8852496669860557,native,ops,4,0.824921865821315,0.0,0.824921865821315,16.0,0.010045256621092331,1.4309455630836678,1.4132372314242998,False,False,u(k-2)*u(k-4)*y(k-3) + u(k-6) + u(k-7) + u(k-8) + y(k-1) + y(k-2) + y(k-8),False
E3,MO-lex,18,4234,0,1.954633291985374,native,ops,2,0.7977858522786169,0.0,0.7977858522786169,16.0,0.009565855976881284,1.474250042250113,1.474250042250113,False,False,u(k-3)*y(k-4)*y(k-5) + u(k-6) + u(k-7) + u(k-8) + y(k-1) + y(k-7) + y(k-8),False
E3,MO-lex,19,4207,0,2.253140207991237,native,ops,4,0.8252922733160116,0.0,0.8252922733160116,16.0,0.009473659733035489,1.4670512654687449,1.4670512654687449,False,False,u(k-3)*u(k-6)*y(k-4) + u(k-6) + u(k-7) + u(k-8) + y(k-1) + y(k-7) + y(k-8),False
E3,MO-lex,20,4173,0,2.267791334015783,native,ops,3,0.8248038310993573,0.0,0.8248038310993573,16.0,0.010083309212071984,1.3814531183213783,1.3814531183213783,False,False,u(k-3)*u(k-3)*u(k-5) + u(k-5) + u(k-7) + u(k-8) + y(k-1) + y(k-2) + y(k-8),False
E3,MO-lex,21,4182,0,2.1277059169951826,native,ops,3,0.7715425215484807,0.4316410779658481,0.7715425215484807,20.0,0.007737156957317227,1.1192204615298393,0.4244785627122026,False,False,u(k)*u(k)*y(k-7) + u(k-1)*u(k-4)*y(k-2) + u(k-7) + u(k-8) + u(k-9) + y(k-1) + y(k-4) + y(k-8),False
E3,MO-lex,22,4231,1,1.7055492499785032,native,ops,2,0.8500827271029234,0.0,0.8500827271029234,14.0,0.01186535061655441,1.4245364143079842,1.2025204217894379,False,False,u(k) + u(k-1) + u(k-2) + u(k-3) + y(k-1) + y(k-7) + y(k-8),False
E3,MO-lex,23,4159,12,2.76667720801197,native,ops,3,0.7709988318532393,0.7027210667150415,0.7709988318532393,18.0,0.007036814935489782,0.06446755592298278,0.06295452017153055,False,False,u(k)*u(k)*y(k-1) + u(k-1)*u(k-1)*y(k-1) + u(k-1)*u(k-4)*y(k-3) + u(k-4) + u(k-5) + y(k-1),False
E3,MO-lex,24,4189,2,2.207237791008083,native,ops,4,0.824770355375534,0.0,0.824770355375534,16.0,0.009473659732476394,1.4670512654698473,1.4670512654698473,False,False,u(k-3)*u(k-6)*y(k-4) + u(k-6) + u(k-7) + u(k-8) + y(k-1) + y(k-7) + y(k-8),False
E3,MO-lex,25,4185,0,1.667021625005873,native,ops,4,0.8245022613134549,0.5488694700245627,0.8245022613134549,16.0,0.010074341671290751,1.3398355368559265,0.3413566359705248,False,False,u(k-3)*y(k-2)*y(k-3) + u(k-6) + u(k-7) + u(k-8) + y(k-1) + y(k-2) + y(k-8),False
E3,MO-lex,26,4175,1,1.83593704199302,native,ops,3,0.7974035904528044,0.0,0.7974035904528044,16.0,0.010034676427392636,1.4181047658819748,1.4181047658819748,False,False,u(k-3)*u(k-4)*y(k-2) + u(k-6) + u(k-7) + u(k-8) + y(k-1) + y(k-2) + y(k-8),False
E3,MO-lex,27,4200,0,2.0205361249973066,native,ops,3,0.7978579730809876,0.0,0.7978579730809876,16.0,0.009511896744697497,1.4296840167920426,1.4296840167920426,False,False,u(k-4)*y(k-4)*y(k-4) + u(k-6) + u(k-7) + u(k-8) + y(k-1) + y(k-7) + y(k-8),False
E3,MO-lex,28,4203,0,2.214047000015853,native,ops,3,0.8499131934211779,0.0,0.8499131934211779,14.0,0.011865350616708974,1.5473864518772669,1.5473864518772669,False,False,u(k-3) + u(k-4) + u(k-5) + u(k-6) + y(k-1) + y(k-7) + y(k-8),False
E3,MO-lex,29,4169,1,2.2354497499763966,native,ops,2,0.7977835238838984,0.0,0.7977835238838984,16.0,0.009529496275490932,,1.4655813557904531,False,False,u(k-6) + u(k-7) + u(k-8) + y(k-1) + y(k-4)*y(k-4)*y(k-4) + y(k-7) + y(k-8),True
E3,SO,0,4174,0,1.86280204099603,native,ops,1,0.7287291377762406,0.0,0.7810578619849,19.0,0.01002834113416381,1.4201369254348997,1.4201369254348997,False,False,u(k-3)*u(k-3)*y(k-3) + u(k-3)*y(k-5) + u(k-6) + u(k-7) + u(k-8) + y(k-1) + y(k-2) + y(k-8),False
E3,SO,1,4221,2,1.7388598750112578,native,ops,1,0.7701646147375989,0.0,0.7976127994426776,16.0,0.009788352480229977,1.3685669607668864,1.3685669607668864,False,False,u(k-4)*y(k-4)*y(k-4) + u(k-5) + u(k-6) + u(k-8) + y(k-1) + y(k-7) + y(k-8),False
E3,SO,2,4209,0,1.8388070000219159,native,ops,1,0.7288738609805439,0.0,0.8247517916683426,19.0,0.009831736026431007,1.2522088427975897,1.2522088427975897,False,False,u(k)*u(k) + u(k-5) + u(k-5)*y(k-4)*y(k-4) + u(k-6) + u(k-7) + y(k-1) + y(k-7) + y(k-8),False
E3,SO,3,4165,1,1.723417083005188,native,ops,1,0.7425114734209307,0.0,0.7972991275116788,18.0,0.009984702105425722,1.3937274818636392,1.3937274818636392,False,False,u(k-3)*u(k-3)*y(k-3) + u(k-6) + u(k-7) + u(k-8) + y(k-1) + y(k-2) + y(k-7) + y(k-8),False
E3,SO,4,4133,0,1.8506685830070637,native,ops,1,0.7424848974379417,0.0,0.7974228747250344,18.0,0.010020136749411145,1.3847582396988163,1.3847582396988163,False,False,u(k-3)*y(k-2)*y(k-2) + u(k-6) + u(k-7) + u(k-8) + y(k-1) + y(k-2) + y(k-7) + y(k-8),False
E3,SO,5,4192,1,1.7251885829900857,native,ops,1,0.7424899165548664,0.0,0.7973881187042071,18.0,0.010013444593511398,1.318735813192184,1.318735813192184,False,False,u(k-3)*y(k-2)*y(k-3) + u(k-6) + u(k-7) + u(k-8) + y(k-1) + y(k-2) + y(k-7) + y(k-8),False
E3,SO,6,4183,0,1.965414916019654,native,ops,1,0.7291654636955355,0.0,0.797335213386427,19.0,0.009435596489083872,1.503138715081509,1.503138715081509,False,False,u(k)*y(k-7) + u(k-3)*u(k-6)*y(k-4) + u(k-6) + u(k-7) + u(k-8) + y(k-1) + y(k-7) + y(k-8),False
E3,SO,7,4213,1,1.8771122909965925,native,ops,1,0.7159716405045048,0.0,0.7840327795546731,20.0,0.008654651609147187,1.1706935881100962,1.1706935881100962,False,False,u(k)*y(k-1)*y(k-6) + u(k-3)*u(k-3)*y(k-2) + u(k-6) + u(k-7) + u(k-8) + y(k-1) + y(k-4) + y(k-9),False
E3,SO,8,4179,1,1.8714379580051173,native,ops,1,0.7704093757632776,0.0,0.8243678358742318,16.0,0.009473659732928748,1.4670512654674763,1.4670512654674763,False,False,u(k-3)*u(k-6)*y(k-4) + u(k-6) + u(k-7) + u(k-8) + y(k-1) + y(k-7) + y(k-8),False
E3,SO,9,4204,0,1.926203999988502,native,ops,1,0.71482014693511,0.0,0.8244912935858778,20.0,0.010249027320616918,1.300967457472379,1.300967457472379,False,False,u(k-3)*u(k-3)*u(k-5) + u(k-5) + u(k-6) + u(k-6)*y(k-1)*y(k-1) + u(k-7) + y(k-1) + y(k-2) + y(k-8),False
E3,SO,10,4194,0,2.0673152079980355,native,ops,1,0.6477598237914468,0.3187254710308519,0.7223950933803148,25.0,0.007687078447145316,0.5117397039527375,0.5117397039527375,False,False,u(k)*u(k)*u(k-2) + u(k)*u(k-2)*y(k-1) + u(k-1)*u(k-2)*u(k-2) + u(k-1)*u(k-2)*u(k-4) + u(k-2) + u(k-3) + u(k-5)*y(k-6) + y(k-6),False
E3,SO,11,4188,9,2.180920207989402,native,ops,1,0.6612819667323597,0.5604233690336732,0.7163717324771421,24.0,0.008077049901460518,0.15936494644949042,0.15936494644949042,False,False,u(k)*u(k)*u(k) + u(k)*u(k-3)*y(k-1) + u(k)*y(k-1)*y(k-4) + u(k-2) + u(k-2)*u(k-5)*y(k-3) + u(k-5) + y(k-5) + y(k-8),False
E3,SO,12,4139,1,1.7648160420067143,native,ops,1,0.7425060307198428,0.0,0.7972920532376917,18.0,0.00999195904020968,1.413237231933367,1.413237231933367,False,False,u(k-2)*u(k-4)*y(k-3) + u(k-6) + u(k-7) + u(k-8) + y(k-1) + y(k-2) + y(k-7) + y(k-8),False
E3,SO,13,4174,1,1.9888739580055699,native,ops,1,0.7291474387393538,0.0,0.7965856756933456,19.0,0.009460083222009934,1.4978106212189835,1.4978106212189835,False,False,u(k-3)*u(k-6)*y(k-4) + u(k-6) + u(k-7) + u(k-8) + y(k-1) + y(k-5)*y(k-5) + y(k-7) + y(k-8),False
E3,SO,14,4228,0,1.7082780420023482,native,ops,1,0.7959973564475865,0.0,0.8758332312745428,14.0,0.011865350616789182,1.424536414312042,1.424536414312042,False,False,u(k) + u(k-1) + u(k-2) + u(k-3) + y(k-1) + y(k-7) + y(k-8),False
E3,SO,15,4135,0,2.1132695830019657,native,ops,1,0.717007006349957,0.0,0.7582568917594662,20.0,0.007221068130828746,1.0777152814237663,1.0777152814237663,False,False,u(k-1)*u(k-1)*y(k-7) + u(k-3) + u(k-3)*u(k-3)*y(k-4) + u(k-8) + u(k-9) + y(k-1) + y(k-10) + y(k-5),False
E3,SO,16,4181,0,1.8746025829750579,native,ops,1,0.7703969372312484,0.0,0.7978339930881431,16.0,0.009489652131252179,1.3737644606081234,1.3737644606081234,False,False,u(k-3)*y(k-4)*y(k-6) + u(k-6) + u(k-7) + u(k-8) + y(k-1) + y(k-7) + y(k-8),False
E3,SO,17,4222,1,2.149188542010961,native,ops,1,0.7425060307246962,0.0,0.824921865821315,18.0,0.009991959033738347,1.4132372314242998,1.4132372314242998,False,False,u(k-2)*u(k-4)*y(k-3) + u(k-6) + u(k-7) + u(k-8) + y(k-1) + y(k-2) + y(k-7) + y(k-8),False
E3,SO,18,4234,0,2.2263177919958252,native,ops,1,0.7703376675735367,0.0,0.7977858522786169,16.0,0.009565855976881284,1.474250042250113,1.474250042250113,False,False,u(k-3)*y(k-4)*y(k-5) + u(k-6) + u(k-7) + u(k-8) + y(k-1) + y(k-7) + y(k-8),False
E3,SO,19,4207,0,2.1125292080105282,native,ops,1,0.7291475360350292,0.0,0.8252922733160116,19.0,0.009459951046752792,1.506652679879836,1.506652679879836,False,False,u(k-3)*u(k-6)*y(k-4) + u(k-6) + u(k-6)*u(k-6) + u(k-7) + u(k-8) + y(k-1) + y(k-7) + y(k-8),False
E3,SO,20,4173,0,2.099176624993561,native,ops,1,0.7699352039461662,0.0,0.8248038310993573,16.0,0.010083309212071984,1.3814531183213783,1.3814531183213783,False,False,u(k-3)*u(k-3)*u(k-5) + u(k-5) + u(k-7) + u(k-8) + y(k-1) + y(k-2) + y(k-8),False
E3,SO,21,4182,0,1.7950298329815269,native,ops,1,0.7166342755308264,0.0,0.7715425215484807,20.0,0.007737156957317227,1.1192204615298393,1.1192204615298393,False,False,u(k)*u(k)*y(k-7) + u(k-1)*u(k-4)*y(k-2) + u(k-7) + u(k-8) + u(k-9) + y(k-1) + y(k-4) + y(k-8),False
E3,SO,22,4231,1,1.829249540984165,native,ops,1,0.7959973564477757,0.0,0.8500827271029234,14.0,0.01186535061655441,1.4245364143079842,1.4245364143079842,False,False,u(k) + u(k-1) + u(k-2) + u(k-3) + y(k-1) + y(k-7) + y(k-8),False
E3,SO,23,4159,12,2.203152542002499,native,ops,1,0.7033930055229698,0.6637405482118325,0.7709988318532393,21.0,0.006974580438160128,0.06295452017153055,0.06295452017153055,False,False,u(k)*u(k)*y(k-1) + u(k)*y(k-1) + u(k-1)*u(k-1)*y(k-1) + u(k-1)*u(k-4)*y(k-3) + u(k-4) + u(k-5) + y(k-1),False
E3,SO,24,4189,2,2.052786666987231,native,ops,1,0.7291432223855344,0.0,0.824770355375534,19.0,0.009465811098896704,1.5027628031419384,1.5027628031419384,False,False,u(k-3)*u(k-6)*y(k-4) + u(k-6) + u(k-7) + u(k-8) + y(k-1) + y(k-3)*y(k-4) + y(k-7) + y(k-8),False
E3,SO,25,4185,0,1.7049249169940595,native,ops,1,0.7425114734256802,0.0,0.8245022613134549,18.0,0.009984702099093001,1.3937274818561558,1.3937274818561558,False,False,u(k-3)*u(k-3)*y(k-3) + u(k-6) + u(k-7) + u(k-8) + y(k-1) + y(k-2) + y(k-7) + y(k-8),False
E3,SO,26,4175,1,1.979091665998567,native,ops,1,0.7287306363062537,0.0,0.7974035904528044,19.0,0.010026305395278103,1.4325346169094877,1.4325346169094877,False,False,u(k-2)*y(k-5) + u(k-3)*u(k-4)*y(k-2) + u(k-6) + u(k-7) + u(k-8) + y(k-1) + y(k-2) + y(k-8),False
E3,SO,27,4200,0,1.9709857080015354,native,ops,1,0.7291212000080011,0.0,0.7978579730809876,19.0,0.009495728291017448,1.4625786496880029,1.4625786496880029,False,False,u(k-4)*y(k-4)*y(k-4) + u(k-6) + u(k-7) + u(k-8) + y(k-1) + y(k-5)*y(k-6) + y(k-7) + y(k-8),False
E3,SO,28,4203,0,1.7451850420038681,native,ops,1,0.7959973564476511,0.0,0.8499131934211779,14.0,0.011865350616708974,1.5473864518772669,1.5473864518772669,False,False,u(k-3) + u(k-4) + u(k-5) + u(k-6) + y(k-1) + y(k-7) + y(k-8),False
E3,SO,29,4169,1,2.284197959001176,native,ops,1,0.7703659473412848,0.0,0.7977835238838984,16.0,0.009529496275490932,,,False,False,u(k-6) + u(k-7) + u(k-8) + y(k-1) + y(k-4)*y(k-4)*y(k-4) + y(k-7) + y(k-8),True
