example,config,HV_id,HV_val,HV_pop,sel_C,sel_val,best_val,evaluations,failures,runtime,n_delivered,recovered_fraction,front_has_truth_fraction,validation_failures
E1,Green,0.895884495962952,0.8933346292606131,0.895884495962952,7.0,1.0399897709939235e-15,3.040410643277214e-16,4682.5,18.5,1.9283615830063354,6.0,1.0,1.0,0
E1,MO-lex,0.82885303893022,0.8273496390707659,0.82885303893022,7.0,2.700813343538282e-16,2.616444726871463e-16,4209.0,25.5,0.9000222500035306,3.0,1.0,1.0,0
E1,SO,0.6399999999999999,0.6399999999999999,0.82885303893022,9.0,2.6758499521289876e-16,2.6758499521289876e-16,4209.0,25.5,0.896950292008114,1.0,1.0,1.0,0
E2,Green,0.8790836557370745,0.8743023423897742,0.8790836557370745,7.0,0.02833623162889279,0.02797429668729561,4685.0,6.0,2.20670706249075,8.0,0.0,0.0,0
E2,MO-lex,0.7023035830038284,0.6985849452365094,0.7023035830038284,10.0,0.028262338194419333,0.028037419923456493,4231.0,15.0,1.1918438330030767,4.0,0.0,0.06666666666666667,0
E2,SO,0.5081776103484964,0.5052116962139953,0.7023035830038284,12.0,0.028439045742316746,0.028439045742316746,4231.0,15.0,1.1053164579934673,1.0,0.0,0.0,0
E3,Green,0.9544875981203922,0.8933830274775352,0.9544875981203922,16.0,1.452865829264082,0.07861862313831593,4659.5,0.0,3.2468735620059306,8.0,0.0,0.0,3
E3,MO-lex,0.797698161663288,0.0,0.797698161663288,16.0,1.4114130381953272,1.3436513869795352,4186.5,0.0,2.0497215209907154,3.0,0.0,0.0,1
E3,SO,0.7358251805667386,0.0,0.797698161663288,18.5,1.3937274818636392,1.3937274818636392,4186.5,0.0,1.9016581454925472,1.0,0.0,0.0,1
