round,operation,ns_per_operation,result
0,add,1.234925000,1.0000800071120466
0,multiply,1.180062500,1.000000088817842
1,multiply,1.183487500,1.000000088817842
1,add,0.920700000,1.0000800071120466
2,add,0.916875000,1.0000800071120466
2,multiply,1.204300000,1.000000088817842
3,multiply,1.182587500,1.000000088817842
3,add,0.885100000,1.0000800071120466
4,add,0.885925000,1.0000800071120466
4,multiply,1.179325000,1.000000088817842
5,multiply,1.177824999,1.000000088817842
5,add,0.882937500,1.0000800071120466
6,add,0.881525000,1.0000800071120466
6,multiply,1.175912499,1.000000088817842
7,multiply,1.176337500,1.000000088817842
7,add,0.881962500,1.0000800071120466
8,add,0.882262500,1.0000800071120466
8,multiply,1.177862500,1.000000088817842
