arm,scenario,example,seed,max_U1,capacity_always_holds,hv_drop_count
native,karatsuba,E1,0,4,True,0
native,karatsuba,E1,1,8,True,0
native,karatsuba,E1,2,7,True,0
native,karatsuba,E1,3,7,True,0
native,karatsuba,E1,4,5,True,0
native,karatsuba,E1,5,8,True,0
native,karatsuba,E1,6,6,True,0
native,karatsuba,E1,7,8,True,0
native,karatsuba,E1,8,6,True,0
native,karatsuba,E1,9,6,True,0
native,karatsuba,E1,10,6,True,0
native,karatsuba,E1,11,6,True,0
native,karatsuba,E1,12,8,True,0
native,karatsuba,E1,13,4,True,0
native,karatsuba,E1,14,5,True,0
native,karatsuba,E1,15,7,True,0
native,karatsuba,E1,16,7,True,0
native,karatsuba,E1,17,5,True,0
native,karatsuba,E1,18,4,True,0
native,karatsuba,E1,19,6,True,0
native,karatsuba,E1,20,5,True,0
native,karatsuba,E1,21,6,True,0
native,karatsuba,E1,22,6,True,0
native,karatsuba,E1,23,8,True,0
native,karatsuba,E1,24,6,True,0
native,karatsuba,E1,25,6,True,0
native,karatsuba,E1,26,8,True,0
native,karatsuba,E1,27,7,True,0
native,karatsuba,E1,28,5,True,0
native,karatsuba,E1,29,7,True,0
native,karatsuba,E2,0,8,True,0
native,karatsuba,E2,1,8,True,0
native,karatsuba,E2,2,8,True,0
native,karatsuba,E2,3,8,True,0
native,karatsuba,E2,4,8,True,0
native,karatsuba,E2,5,8,True,0
native,karatsuba,E2,6,8,True,0
native,karatsuba,E2,7,8,True,0
native,karatsuba,E2,8,8,True,0
native,karatsuba,E2,9,8,True,0
native,karatsuba,E2,10,8,True,0
native,karatsuba,E2,11,8,True,0
native,karatsuba,E2,12,8,True,0
native,karatsuba,E2,13,8,True,0
native,karatsuba,E2,14,8,True,0
native,karatsuba,E2,15,8,True,0
native,karatsuba,E2,16,8,True,0
native,karatsuba,E2,17,8,True,0
native,karatsuba,E2,18,8,True,0
native,karatsuba,E2,19,8,True,0
native,karatsuba,E2,20,8,True,0
native,karatsuba,E2,21,8,True,0
native,karatsuba,E2,22,8,True,0
native,karatsuba,E2,23,8,True,0
native,karatsuba,E2,24,8,True,0
native,karatsuba,E2,25,9,True,0
native,karatsuba,E2,26,8,True,0
native,karatsuba,E2,27,8,True,0
native,karatsuba,E2,28,8,True,0
native,karatsuba,E2,29,8,True,0
native,karatsuba,E3,0,8,True,0
native,karatsuba,E3,1,8,True,0
native,karatsuba,E3,2,12,True,0
native,karatsuba,E3,3,10,True,0
native,karatsuba,E3,4,10,True,0
native,karatsuba,E3,5,9,True,0
native,karatsuba,E3,6,8,True,0
native,karatsuba,E3,7,9,True,0
native,karatsuba,E3,8,9,True,0
native,karatsuba,E3,9,8,True,0
native,karatsuba,E3,10,9,True,0
native,karatsuba,E3,11,10,True,0
native,karatsuba,E3,12,8,True,0
native,karatsuba,E3,13,9,True,0
native,karatsuba,E3,14,9,True,0
native,karatsuba,E3,15,7,True,0
native,karatsuba,E3,16,9,True,0
native,karatsuba,E3,17,7,True,0
native,karatsuba,E3,18,8,True,0
native,karatsuba,E3,19,11,True,0
native,karatsuba,E3,20,10,True,0
native,karatsuba,E3,21,9,True,0
native,karatsuba,E3,22,10,True,0
native,karatsuba,E3,23,12,True,0
native,karatsuba,E3,24,9,True,0
native,karatsuba,E3,25,11,True,0
native,karatsuba,E3,26,9,True,0
native,karatsuba,E3,27,7,True,0
native,karatsuba,E3,28,10,True,0
native,karatsuba,E3,29,9,True,0
native,ops,E1,0,6,True,0
native,ops,E1,1,7,True,0
native,ops,E1,2,7,True,0
native,ops,E1,3,6,True,0
native,ops,E1,4,7,True,0
native,ops,E1,5,8,True,0
native,ops,E1,6,5,True,0
native,ops,E1,7,6,True,0
native,ops,E1,8,8,True,0
native,ops,E1,9,6,True,0
native,ops,E1,10,7,True,0
native,ops,E1,11,8,True,0
native,ops,E1,12,6,True,0
native,ops,E1,13,6,True,0
native,ops,E1,14,4,True,0
native,ops,E1,15,6,True,0
native,ops,E1,16,7,True,0
native,ops,E1,17,7,True,0
native,ops,E1,18,4,True,0
native,ops,E1,19,8,True,0
native,ops,E1,20,4,True,0
native,ops,E1,21,5,True,0
native,ops,E1,22,6,True,0
native,ops,E1,23,8,True,0
native,ops,E1,24,7,True,0
native,ops,E1,25,7,True,0
native,ops,E1,26,7,True,0
native,ops,E1,27,8,True,0
native,ops,E1,28,5,True,0
native,ops,E1,29,5,True,0
native,ops,E2,0,8,True,0
native,ops,E2,1,8,True,0
native,ops,E2,2,8,True,0
native,ops,E2,3,8,True,0
native,ops,E2,4,8,True,0
native,ops,E2,5,8,True,0
native,ops,E2,6,8,True,0
native,ops,E2,7,8,True,0
native,ops,E2,8,7,True,0
native,ops,E2,9,8,True,0
native,ops,E2,10,8,True,0
native,ops,E2,11,8,True,0
native,ops,E2,12,8,True,0
native,ops,E2,13,8,True,0
native,ops,E2,14,8,True,0
native,ops,E2,15,8,True,0
native,ops,E2,16,8,True,0
native,ops,E2,17,8,True,0
native,ops,E2,18,8,True,0
native,ops,E2,19,8,True,0
native,ops,E2,20,8,True,0
native,ops,E2,21,8,True,0
native,ops,E2,22,8,True,0
native,ops,E2,23,8,True,0
native,ops,E2,24,8,True,0
native,ops,E2,25,9,True,0
native,ops,E2,26,8,True,0
native,ops,E2,27,8,True,0
native,ops,E2,28,8,True,0
native,ops,E2,29,8,True,0
native,ops,E3,0,8,True,0
native,ops,E3,1,10,True,0
native,ops,E3,2,9,True,0
native,ops,E3,3,9,True,0
native,ops,E3,4,7,True,0
native,ops,E3,5,9,True,0
native,ops,E3,6,9,True,0
native,ops,E3,7,8,True,0
native,ops,E3,8,9,True,0
native,ops,E3,9,8,True,0
native,ops,E3,10,8,True,0
native,ops,E3,11,8,True,0
native,ops,E3,12,9,True,0
native,ops,E3,13,8,True,0
native,ops,E3,14,9,True,0
native,ops,E3,15,9,True,0
native,ops,E3,16,9,True,0
native,ops,E3,17,9,True,0
native,ops,E3,18,9,True,0
native,ops,E3,19,9,True,0
native,ops,E3,20,9,True,0
native,ops,E3,21,8,True,0
native,ops,E3,22,9,True,0
native,ops,E3,23,9,True,0
native,ops,E3,24,8,True,0
native,ops,E3,25,8,True,0
native,ops,E3,26,9,True,0
native,ops,E3,27,8,True,0
native,ops,E3,28,12,True,0
native,ops,E3,29,8,True,0
equal_calls,karatsuba,E1,0,5,True,0
equal_calls,karatsuba,E1,1,7,True,0
equal_calls,karatsuba,E1,2,7,True,0
equal_calls,karatsuba,E1,3,7,True,0
equal_calls,karatsuba,E1,4,6,True,0
equal_calls,karatsuba,E1,5,8,True,0
equal_calls,karatsuba,E1,6,6,True,0
equal_calls,karatsuba,E1,7,7,True,0
equal_calls,karatsuba,E1,8,4,True,0
equal_calls,karatsuba,E1,9,5,True,0
equal_calls,karatsuba,E1,10,7,True,0
equal_calls,karatsuba,E1,11,7,True,0
equal_calls,karatsuba,E1,12,8,True,0
equal_calls,karatsuba,E1,13,6,True,0
equal_calls,karatsuba,E1,14,6,True,0
equal_calls,karatsuba,E1,15,7,True,0
equal_calls,karatsuba,E1,16,5,True,0
equal_calls,karatsuba,E1,17,8,True,0
equal_calls,karatsuba,E1,18,5,True,0
equal_calls,karatsuba,E1,19,6,True,0
equal_calls,karatsuba,E1,20,5,True,0
equal_calls,karatsuba,E1,21,6,True,0
equal_calls,karatsuba,E1,22,6,True,0
equal_calls,karatsuba,E1,23,5,True,0
equal_calls,karatsuba,E1,24,6,True,0
equal_calls,karatsuba,E1,25,7,True,0
equal_calls,karatsuba,E1,26,8,True,0
equal_calls,karatsuba,E1,27,6,True,0
equal_calls,karatsuba,E1,28,7,True,0
equal_calls,karatsuba,E1,29,5,True,0
equal_calls,karatsuba,E2,0,7,True,0
equal_calls,karatsuba,E2,1,8,True,0
equal_calls,karatsuba,E2,2,8,True,0
equal_calls,karatsuba,E2,3,8,True,0
equal_calls,karatsuba,E2,4,8,True,0
equal_calls,karatsuba,E2,5,8,True,0
equal_calls,karatsuba,E2,6,8,True,0
equal_calls,karatsuba,E2,7,8,True,0
equal_calls,karatsuba,E2,8,7,True,0
equal_calls,karatsuba,E2,9,8,True,0
equal_calls,karatsuba,E2,10,8,True,0
equal_calls,karatsuba,E2,11,8,True,0
equal_calls,karatsuba,E2,12,8,True,0
equal_calls,karatsuba,E2,13,8,True,0
equal_calls,karatsuba,E2,14,8,True,0
equal_calls,karatsuba,E2,15,8,True,0
equal_calls,karatsuba,E2,16,8,True,0
equal_calls,karatsuba,E2,17,8,True,0
equal_calls,karatsuba,E2,18,8,True,0
equal_calls,karatsuba,E2,19,8,True,0
equal_calls,karatsuba,E2,20,8,True,0
equal_calls,karatsuba,E2,21,8,True,0
equal_calls,karatsuba,E2,22,8,True,0
equal_calls,karatsuba,E2,23,8,True,0
equal_calls,karatsuba,E2,24,8,True,0
equal_calls,karatsuba,E2,25,8,True,0
equal_calls,karatsuba,E2,26,8,True,0
equal_calls,karatsuba,E2,27,8,True,0
equal_calls,karatsuba,E2,28,8,True,0
equal_calls,karatsuba,E2,29,8,True,0
equal_calls,karatsuba,E3,0,9,True,0
equal_calls,karatsuba,E3,1,9,True,0
equal_calls,karatsuba,E3,2,9,True,0
equal_calls,karatsuba,E3,3,10,True,0
equal_calls,karatsuba,E3,4,9,True,0
equal_calls,karatsuba,E3,5,8,True,0
equal_calls,karatsuba,E3,6,11,True,0
equal_calls,karatsuba,E3,7,10,True,0
equal_calls,karatsuba,E3,8,9,True,0
equal_calls,karatsuba,E3,9,9,True,0
equal_calls,karatsuba,E3,10,10,True,0
equal_calls,karatsuba,E3,11,10,True,0
equal_calls,karatsuba,E3,12,9,True,0
equal_calls,karatsuba,E3,13,8,True,0
equal_calls,karatsuba,E3,14,9,True,0
equal_calls,karatsuba,E3,15,9,True,0
equal_calls,karatsuba,E3,16,10,True,0
equal_calls,karatsuba,E3,17,8,True,0
equal_calls,karatsuba,E3,18,10,True,0
equal_calls,karatsuba,E3,19,9,True,0
equal_calls,karatsuba,E3,20,10,True,0
equal_calls,karatsuba,E3,21,9,True,0
equal_calls,karatsuba,E3,22,8,True,0
equal_calls,karatsuba,E3,23,9,True,0
equal_calls,karatsuba,E3,24,10,True,0
equal_calls,karatsuba,E3,25,8,True,0
equal_calls,karatsuba,E3,26,9,True,0
equal_calls,karatsuba,E3,27,9,True,0
equal_calls,karatsuba,E3,28,8,True,0
equal_calls,karatsuba,E3,29,9,True,0
equal_calls,ops,E1,0,6,True,0
equal_calls,ops,E1,1,7,True,0
equal_calls,ops,E1,2,8,True,0
equal_calls,ops,E1,3,7,True,0
equal_calls,ops,E1,4,7,True,0
equal_calls,ops,E1,5,7,True,0
equal_calls,ops,E1,6,5,True,0
equal_calls,ops,E1,7,4,True,0
equal_calls,ops,E1,8,6,True,0
equal_calls,ops,E1,9,7,True,0
equal_calls,ops,E1,10,7,True,0
equal_calls,ops,E1,11,7,True,0
equal_calls,ops,E1,12,6,True,0
equal_calls,ops,E1,13,6,True,0
equal_calls,ops,E1,14,5,True,0
equal_calls,ops,E1,15,8,True,0
equal_calls,ops,E1,16,6,True,0
equal_calls,ops,E1,17,6,True,0
equal_calls,ops,E1,18,4,True,0
equal_calls,ops,E1,19,6,True,0
equal_calls,ops,E1,20,4,True,0
equal_calls,ops,E1,21,8,True,0
equal_calls,ops,E1,22,5,True,0
equal_calls,ops,E1,23,6,True,0
equal_calls,ops,E1,24,5,True,0
equal_calls,ops,E1,25,6,True,0
equal_calls,ops,E1,26,7,True,0
equal_calls,ops,E1,27,7,True,0
equal_calls,ops,E1,28,7,True,0
equal_calls,ops,E1,29,5,True,0
equal_calls,ops,E2,0,8,True,0
equal_calls,ops,E2,1,8,True,0
equal_calls,ops,E2,2,8,True,0
equal_calls,ops,E2,3,8,True,0
equal_calls,ops,E2,4,8,True,0
equal_calls,ops,E2,5,8,True,0
equal_calls,ops,E2,6,8,True,0
equal_calls,ops,E2,7,9,True,0
equal_calls,ops,E2,8,7,True,0
equal_calls,ops,E2,9,7,True,0
equal_calls,ops,E2,10,8,True,0
equal_calls,ops,E2,11,8,True,0
equal_calls,ops,E2,12,8,True,0
equal_calls,ops,E2,13,8,True,0
equal_calls,ops,E2,14,9,True,0
equal_calls,ops,E2,15,8,True,0
equal_calls,ops,E2,16,8,True,0
equal_calls,ops,E2,17,8,True,0
equal_calls,ops,E2,18,8,True,0
equal_calls,ops,E2,19,8,True,0
equal_calls,ops,E2,20,8,True,0
equal_calls,ops,E2,21,8,True,0
equal_calls,ops,E2,22,8,True,0
equal_calls,ops,E2,23,8,True,0
equal_calls,ops,E2,24,8,True,0
equal_calls,ops,E2,25,8,True,0
equal_calls,ops,E2,26,8,True,0
equal_calls,ops,E2,27,8,True,0
equal_calls,ops,E2,28,8,True,0
equal_calls,ops,E2,29,8,True,0
equal_calls,ops,E3,0,9,True,0
equal_calls,ops,E3,1,9,True,0
equal_calls,ops,E3,2,8,True,0
equal_calls,ops,E3,3,9,True,0
equal_calls,ops,E3,4,9,True,0
equal_calls,ops,E3,5,8,True,0
equal_calls,ops,E3,6,9,True,0
equal_calls,ops,E3,7,10,True,0
equal_calls,ops,E3,8,10,True,0
equal_calls,ops,E3,9,9,True,0
equal_calls,ops,E3,10,8,True,0
equal_calls,ops,E3,11,9,True,0
equal_calls,ops,E3,12,8,True,0
equal_calls,ops,E3,13,8,True,0
equal_calls,ops,E3,14,9,True,0
equal_calls,ops,E3,15,7,True,0
equal_calls,ops,E3,16,8,True,0
equal_calls,ops,E3,17,7,True,0
equal_calls,ops,E3,18,10,True,0
equal_calls,ops,E3,19,9,True,0
equal_calls,ops,E3,20,8,True,0
equal_calls,ops,E3,21,9,True,0
equal_calls,ops,E3,22,9,True,0
equal_calls,ops,E3,23,9,True,0
equal_calls,ops,E3,24,8,True,0
equal_calls,ops,E3,25,7,True,0
equal_calls,ops,E3,26,9,True,0
equal_calls,ops,E3,27,8,True,0
equal_calls,ops,E3,28,8,True,0
equal_calls,ops,E3,29,7,True,0
