arm,scenario,example,error_reference,baseline,green_median,baseline_median,A12
equal_calls,karatsuba,E1,0.1,SO,0.07914093959731512,0.07381879194630853,0.8133333333333334
equal_calls,karatsuba,E1,0.1,MO-lex,0.07914093959731512,0.07914093959731522,0.21722222222222223
equal_calls,karatsuba,E1,0.1,Pareto-terms,0.07914093959731512,0.07914093959731512,0.5238888888888888
equal_calls,karatsuba,E1,0.1,Pareto-nodes,0.07914093959731512,0.07914093959731512,0.5588888888888889
equal_calls,karatsuba,E1,0.2,SO,0.16936062699454188,0.14763758389261725,1.0
equal_calls,karatsuba,E1,0.2,MO-lex,0.16936062699454188,0.16794303728507032,1.0
equal_calls,karatsuba,E1,0.2,Pareto-terms,0.16936062699454188,0.16936062699454188,0.5438888888888889
equal_calls,karatsuba,E1,0.2,Pareto-nodes,0.16936062699454188,0.16842025209630454,1.0
equal_calls,karatsuba,E1,1.0,SO,0.9267834457864882,0.7381879194630871,1.0
equal_calls,karatsuba,E1,1.0,MO-lex,0.9267834457864882,0.8827886748689628,1.0
equal_calls,karatsuba,E1,1.0,Pareto-terms,0.9267834457864882,0.9267834457864881,0.5916666666666667
equal_calls,karatsuba,E1,1.0,Pareto-nodes,0.9267834457864882,0.883265889680197,1.0
equal_calls,karatsuba,E2,0.1,SO,0.056996715648702324,0.04551564855705129,1.0
equal_calls,karatsuba,E2,0.1,MO-lex,0.056996715648702324,0.05527451122884404,0.9177777777777778
equal_calls,karatsuba,E2,0.1,Pareto-terms,0.056996715648702324,0.05696929388003674,0.6111111111111112
equal_calls,karatsuba,E2,0.1,Pareto-nodes,0.056996715648702324,0.05682614819462385,0.91
equal_calls,karatsuba,E2,0.2,SO,0.14651704454522999,0.10911967540268887,1.0
equal_calls,karatsuba,E2,0.2,MO-lex,0.14651704454522999,0.13503803165399747,1.0
equal_calls,karatsuba,E2,0.2,Pareto-terms,0.14651704454522999,0.14625614058443753,0.77
equal_calls,karatsuba,E2,0.2,Pareto-nodes,0.14651704454522999,0.14531083340333056,1.0
equal_calls,karatsuba,E2,1.0,SO,0.9039398633371762,0.6179518901677896,1.0
equal_calls,karatsuba,E2,1.0,MO-lex,0.9039398633371762,0.7684014239266374,1.0
equal_calls,karatsuba,E2,1.0,Pareto-terms,0.9039398633371762,0.9036789593763839,0.77
equal_calls,karatsuba,E2,1.0,Pareto-nodes,0.9039398633371762,0.8601564709872231,1.0
equal_calls,karatsuba,E3,0.1,SO,0.020662438943972263,0.0,0.9666666666666667
equal_calls,karatsuba,E3,0.1,MO-lex,0.020662438943972263,0.0,0.9588888888888889
equal_calls,karatsuba,E3,0.1,Pareto-terms,0.020662438943972263,0.02066243894397231,0.335
equal_calls,karatsuba,E3,0.1,Pareto-nodes,0.020662438943972263,0.018038999954063918,0.8633333333333333
equal_calls,karatsuba,E3,0.2,SO,0.11788542879904246,0.0,1.0
equal_calls,karatsuba,E3,0.2,MO-lex,0.11788542879904246,0.0,0.9977777777777778
equal_calls,karatsuba,E3,0.2,Pareto-terms,0.11788542879904246,0.11788542879904251,0.33666666666666667
equal_calls,karatsuba,E3,0.2,Pareto-nodes,0.11788542879904246,0.1146765508360178,0.8633333333333333
equal_calls,karatsuba,E3,1.0,SO,0.9044356323268579,0.0,1.0
equal_calls,karatsuba,E3,1.0,MO-lex,0.9044356323268579,0.0,1.0
equal_calls,karatsuba,E3,1.0,Pareto-terms,0.9044356323268579,0.9044356323268579,0.4066666666666667
equal_calls,karatsuba,E3,1.0,Pareto-nodes,0.9044356323268579,0.8877769578916488,0.8577777777777778
equal_calls,ops,E1,0.1,MO-lex,0.0719999999999997,0.07199999999999981,0.15444444444444444
equal_calls,ops,E1,0.1,Pareto-nodes,0.0719999999999997,0.07199999999999968,0.5638888888888889
equal_calls,ops,E1,0.1,Pareto-terms,0.0719999999999997,0.0719999999999997,0.49666666666666665
equal_calls,ops,E1,0.1,SO,0.0719999999999997,0.06399999999999983,0.7977777777777778
equal_calls,ops,E1,0.2,MO-lex,0.1573346292606131,0.15534963907076596,1.0
equal_calls,ops,E1,0.2,Pareto-nodes,0.1573346292606131,0.15591025673337228,1.0
equal_calls,ops,E1,0.2,Pareto-terms,0.1573346292606131,0.1573346292606131,0.5188888888888888
equal_calls,ops,E1,0.2,SO,0.1573346292606131,0.12799999999999984,1.0
equal_calls,ops,E1,1.0,MO-lex,0.8933346292606131,0.8273496390707659,1.0
equal_calls,ops,E1,1.0,Pareto-nodes,0.8933346292606131,0.8279102567333723,1.0
equal_calls,ops,E1,1.0,Pareto-terms,0.8933346292606131,0.8933346292606131,0.5133333333333333
equal_calls,ops,E1,1.0,SO,0.8933346292606131,0.6399999999999999,1.0
equal_calls,ops,E2,0.1,MO-lex,0.051828445155375616,0.049579238702918374,0.8944444444444445
equal_calls,ops,E2,0.1,Pareto-nodes,0.051828445155375616,0.05161313193132444,0.9855555555555555
equal_calls,ops,E2,0.1,Pareto-terms,0.051828445155375616,0.051809972077102015,0.5977777777777777
equal_calls,ops,E2,0.1,SO,0.051828445155375616,0.037211696213995296,1.0
equal_calls,ops,E2,0.2,MO-lex,0.13624195535204792,0.12235648076161701,1.0
equal_calls,ops,E2,0.2,Pareto-nodes,0.13624195535204792,0.13458988433156593,1.0
equal_calls,ops,E2,0.2,Pareto-terms,0.13624195535204792,0.13616273585617228,0.6822222222222222
equal_calls,ops,E2,0.2,SO,0.13624195535204792,0.08921169621399529,1.0
equal_calls,ops,E2,1.0,MO-lex,0.872241955352048,0.6985849452365094,1.0
equal_calls,ops,E2,1.0,Pareto-nodes,0.872241955352048,0.806589884331566,1.0
equal_calls,ops,E2,1.0,Pareto-terms,0.872241955352048,0.8721627358561723,0.6816666666666666
equal_calls,ops,E2,1.0,SO,0.872241955352048,0.5052116962139953,1.0
equal_calls,ops,E3,0.1,MO-lex,0.020193522591590518,0.0,0.9655555555555555
equal_calls,ops,E3,0.1,Pareto-nodes,0.020193522591590518,0.017629620302319474,0.8022222222222222
equal_calls,ops,E3,0.1,Pareto-terms,0.020193522591590518,0.020193522591590567,0.31722222222222224
equal_calls,ops,E3,0.1,SO,0.020193522591590518,0.0,0.9666666666666667
equal_calls,ops,E3,0.2,MO-lex,0.11560524969975747,0.0,1.0
equal_calls,ops,E3,0.2,Pareto-nodes,0.11560524969975747,0.11207406474676393,0.8022222222222222
equal_calls,ops,E3,0.2,Pareto-terms,0.11560524969975747,0.11560524969975752,0.30722222222222223
equal_calls,ops,E3,0.2,SO,0.11560524969975747,0.0,1.0
equal_calls,ops,E3,1.0,MO-lex,0.8933830274775352,0.0,1.0
equal_calls,ops,E3,1.0,Pareto-nodes,0.8933830274775352,0.8676296203023195,0.8022222222222222
equal_calls,ops,E3,1.0,Pareto-terms,0.8933830274775352,0.8933830274775352,0.42
equal_calls,ops,E3,1.0,SO,0.8933830274775352,0.0,1.0
native,karatsuba,E1,0.1,SO,0.07914093959731515,0.07381879194630853,0.825
native,karatsuba,E1,0.1,MO-lex,0.07914093959731515,0.07914093959731522,0.23
native,karatsuba,E1,0.2,SO,0.1693606269945419,0.14763758389261725,1.0
native,karatsuba,E1,0.2,MO-lex,0.1693606269945419,0.16794303728507032,1.0
native,karatsuba,E1,1.0,SO,0.9267834457864882,0.7381879194630871,1.0
native,karatsuba,E1,1.0,MO-lex,0.9267834457864882,0.8827886748689628,1.0
native,karatsuba,E2,0.1,SO,0.058417351585564326,0.04551564855705129,1.0
native,karatsuba,E2,0.1,MO-lex,0.058417351585564326,0.05527451122884404,0.9494444444444444
native,karatsuba,E2,0.2,SO,0.14822128255706263,0.10911967540268887,1.0
native,karatsuba,E2,0.2,MO-lex,0.14822128255706263,0.13503803165399747,1.0
native,karatsuba,E2,1.0,SO,0.905644101349009,0.6179518901677896,1.0
native,karatsuba,E2,1.0,MO-lex,0.905644101349009,0.7684014239266374,1.0
native,karatsuba,E3,0.1,SO,0.02066243894397222,0.0,0.9677777777777777
native,karatsuba,E3,0.1,MO-lex,0.02066243894397222,0.0,0.9588888888888889
native,karatsuba,E3,0.2,SO,0.1178854287990424,0.0,1.0
native,karatsuba,E3,0.2,MO-lex,0.1178854287990424,0.0,0.9955555555555555
native,karatsuba,E3,1.0,SO,0.9044356323268578,0.0,1.0
native,karatsuba,E3,1.0,MO-lex,0.9044356323268578,0.0,1.0
native,ops,E1,0.1,MO-lex,0.07199999999999972,0.07199999999999981,0.1827777777777778
native,ops,E1,0.1,SO,0.07199999999999972,0.06399999999999983,0.8055555555555556
native,ops,E1,0.2,MO-lex,0.15733462926061312,0.15534963907076596,1.0
native,ops,E1,0.2,SO,0.15733462926061312,0.12799999999999984,1.0
native,ops,E1,1.0,MO-lex,0.8933346292606131,0.8273496390707659,1.0
native,ops,E1,1.0,SO,0.8933346292606131,0.6399999999999999,1.0
native,ops,E2,0.1,MO-lex,0.05342653963404283,0.049579238702918374,0.9533333333333334
native,ops,E2,0.1,SO,0.05342653963404283,0.037211696213995296,1.0
native,ops,E2,0.2,MO-lex,0.13830234238977426,0.12235648076161701,1.0
native,ops,E2,0.2,SO,0.13830234238977426,0.08921169621399529,1.0
native,ops,E2,1.0,MO-lex,0.8743023423897742,0.6985849452365094,1.0
native,ops,E2,1.0,SO,0.8743023423897742,0.5052116962139953,1.0
native,ops,E3,0.1,MO-lex,0.020193522591590518,0.0,0.9666666666666667
native,ops,E3,0.1,SO,0.020193522591590518,0.0,0.9666666666666667
native,ops,E3,0.2,MO-lex,0.11560524969975748,0.0,1.0
native,ops,E3,0.2,SO,0.11560524969975748,0.0,1.0
native,ops,E3,1.0,MO-lex,0.8933830274775352,0.0,1.0
native,ops,E3,1.0,SO,0.8933830274775352,0.0,1.0
