example,config,seed,n_columns,rank,full_rank,smallest_scaled_singular_value,rank_tolerance
E1,Green,0,4,4,True,0.1596312805256858,7.337687845088701e-14
E1,Green,1,4,4,True,0.1596312805256858,7.337687845088701e-14
E1,Green,2,4,4,True,0.1596312805256858,7.337687845088701e-14
E1,Green,3,4,4,True,0.1596312805256858,7.337687845088701e-14
E1,Green,4,4,4,True,0.1596312805256858,7.337687845088701e-14
E1,Green,5,4,4,True,0.1596312805256858,7.337687845088701e-14
E1,Green,6,4,4,True,0.15963128052568573,7.337687845088701e-14
E1,Green,7,4,4,True,0.1596312805256858,7.337687845088701e-14
E1,Green,8,4,4,True,0.15963128052568573,7.337687845088702e-14
E1,Green,9,4,4,True,0.1596312805256858,7.337687845088701e-14
E1,Green,10,4,4,True,0.1596312805256858,7.337687845088701e-14
E1,Green,11,4,4,True,0.1596312805256858,7.337687845088701e-14
E1,Green,12,4,4,True,0.1596312805256858,7.337687845088701e-14
E1,Green,13,4,4,True,0.1596312805256858,7.337687845088701e-14
E1,Green,14,4,4,True,0.1596312805256858,7.337687845088701e-14
E1,Green,15,4,4,True,0.15963128052568573,7.337687845088702e-14
E1,Green,16,4,4,True,0.1596312805256858,7.337687845088701e-14
E1,Green,17,4,4,True,0.15963128052568573,7.337687845088701e-14
E1,Green,18,4,4,True,0.1596312805256858,7.337687845088701e-14
E1,Green,19,4,4,True,0.1596312805256858,7.337687845088701e-14
E1,Green,20,4,4,True,0.1596312805256858,7.337687845088701e-14
E1,Green,21,4,4,True,0.1596312805256858,7.337687845088701e-14
E1,Green,22,4,4,True,0.1596312805256858,7.337687845088701e-14
E1,Green,23,4,4,True,0.1596312805256858,7.337687845088701e-14
E1,Green,24,4,4,True,0.15963128052568573,7.337687845088701e-14
E1,Green,25,4,4,True,0.1596312805256858,7.337687845088701e-14
E1,Green,26,4,4,True,0.1596312805256858,7.337687845088701e-14
E1,Green,27,4,4,True,0.15963128052568573,7.337687845088701e-14
E1,Green,28,4,4,True,0.1596312805256858,7.337687845088701e-14
E1,Green,29,4,4,True,0.1596312805256858,7.337687845088701e-14
E1,MO-lex,0,4,4,True,0.1596312805256858,7.337687845088701e-14
E1,MO-lex,1,4,4,True,0.1596312805256858,7.337687845088701e-14
E1,MO-lex,2,4,4,True,0.1596312805256858,7.337687845088701e-14
E1,MO-lex,3,4,4,True,0.1596312805256858,7.337687845088701e-14
E1,MO-lex,4,4,4,True,0.1596312805256858,7.337687845088701e-14
E1,MO-lex,5,4,4,True,0.1596312805256858,7.337687845088701e-14
E1,MO-lex,6,4,4,True,0.1596312805256858,7.337687845088701e-14
E1,MO-lex,7,4,4,True,0.1596312805256858,7.337687845088701e-14
E1,MO-lex,8,4,4,True,0.1596312805256858,7.337687845088701e-14
E1,MO-lex,9,4,4,True,0.1596312805256858,7.337687845088701e-14
E1,MO-lex,10,4,4,True,0.1596312805256858,7.337687845088701e-14
E1,MO-lex,11,4,4,True,0.1596312805256858,7.337687845088701e-14
E1,MO-lex,12,4,4,True,0.1596312805256858,7.337687845088701e-14
E1,MO-lex,13,4,4,True,0.1596312805256858,7.337687845088701e-14
E1,MO-lex,14,4,4,True,0.1596312805256858,7.337687845088701e-14
E1,MO-lex,15,4,4,True,0.1596312805256858,7.337687845088701e-14
E1,MO-lex,16,4,4,True,0.1596312805256858,7.337687845088701e-14
E1,MO-lex,17,4,4,True,0.1596312805256858,7.337687845088701e-14
E1,MO-lex,18,4,4,True,0.15963128052568573,7.337687845088701e-14
E1,MO-lex,19,4,4,True,0.1596312805256858,7.337687845088701e-14
E1,MO-lex,20,4,4,True,0.1596312805256858,7.337687845088701e-14
E1,MO-lex,21,4,4,True,0.1596312805256858,7.337687845088701e-14
E1,MO-lex,22,4,4,True,0.1596312805256858,7.337687845088701e-14
E1,MO-lex,23,4,4,True,0.15963128052568573,7.337687845088701e-14
E1,MO-lex,24,4,4,True,0.1596312805256858,7.337687845088701e-14
E1,MO-lex,25,4,4,True,0.1596312805256858,7.337687845088701e-14
E1,MO-lex,26,4,4,True,0.1596312805256858,7.337687845088701e-14
E1,MO-lex,27,4,4,True,0.1596312805256858,7.337687845088701e-14
E1,MO-lex,28,4,4,True,0.1596312805256858,7.337687845088701e-14
E1,MO-lex,29,4,4,True,0.1596312805256858,7.337687845088701e-14
E1,Pareto-nodes,0,4,4,True,0.1596312805256858,7.337687845088701e-14
E1,Pareto-nodes,1,4,4,True,0.1596312805256858,7.337687845088701e-14
E1,Pareto-nodes,2,4,4,True,0.1596312805256858,7.337687845088701e-14
E1,Pareto-nodes,3,4,4,True,0.1596312805256858,7.337687845088701e-14
E1,Pareto-nodes,4,4,4,True,0.1596312805256858,7.337687845088701e-14
E1,Pareto-nodes,5,4,4,True,0.1596312805256858,7.337687845088701e-14
E1,Pareto-nodes,6,4,4,True,0.15963128052568573,7.337687845088701e-14
E1,Pareto-nodes,7,4,4,True,0.1596312805256858,7.337687845088701e-14
E1,Pareto-nodes,8,4,4,True,0.1596312805256858,7.337687845088701e-14
E1,Pareto-nodes,9,4,4,True,0.1596312805256858,7.337687845088701e-14
E1,Pareto-nodes,10,4,4,True,0.1596312805256858,7.337687845088701e-14
E1,Pareto-nodes,11,4,4,True,0.1596312805256858,7.337687845088701e-14
E1,Pareto-nodes,12,4,4,True,0.1596312805256858,7.337687845088701e-14
E1,Pareto-nodes,13,4,4,True,0.1596312805256858,7.337687845088701e-14
E1,Pareto-nodes,14,4,4,True,0.1596312805256858,7.337687845088701e-14
E1,Pareto-nodes,15,4,4,True,0.15963128052568573,7.337687845088702e-14
E1,Pareto-nodes,16,4,4,True,0.15963128052568573,7.337687845088702e-14
E1,Pareto-nodes,17,4,4,True,0.15963128052568573,7.337687845088701e-14
E1,Pareto-nodes,18,4,4,True,0.1596312805256858,7.337687845088701e-14
E1,Pareto-nodes,19,4,4,True,0.15963128052568573,7.337687845088702e-14
E1,Pareto-nodes,20,4,4,True,0.1596312805256858,7.337687845088701e-14
E1,Pareto-nodes,21,4,4,True,0.1596312805256858,7.337687845088701e-14
E1,Pareto-nodes,22,4,4,True,0.1596312805256858,7.337687845088701e-14
E1,Pareto-nodes,23,4,4,True,0.1596312805256858,7.337687845088701e-14
E1,Pareto-nodes,24,4,4,True,0.15963128052568573,7.337687845088702e-14
E1,Pareto-nodes,25,4,4,True,0.1596312805256858,7.337687845088701e-14
E1,Pareto-nodes,26,4,4,True,0.1596312805256858,7.337687845088701e-14
E1,Pareto-nodes,27,4,4,True,0.15963128052568573,7.337687845088701e-14
E1,Pareto-nodes,28,4,4,True,0.1596312805256858,7.337687845088701e-14
E1,Pareto-nodes,29,4,4,True,0.1596312805256858,7.337687845088701e-14
E1,Pareto-terms,0,4,4,True,0.1596312805256858,7.337687845088701e-14
E1,Pareto-terms,1,4,4,True,0.1596312805256858,7.337687845088701e-14
E1,Pareto-terms,2,4,4,True,0.1596312805256858,7.337687845088701e-14
E1,Pareto-terms,3,4,4,True,0.1596312805256858,7.337687845088701e-14
E1,Pareto-terms,4,4,4,True,0.1596312805256858,7.337687845088701e-14
E1,Pareto-terms,5,4,4,True,0.1596312805256858,7.337687845088701e-14
E1,Pareto-terms,6,4,4,True,0.15963128052568573,7.337687845088701e-14
E1,Pareto-terms,7,4,4,True,0.1596312805256858,7.337687845088701e-14
E1,Pareto-terms,8,4,4,True,0.15963128052568573,7.337687845088702e-14
E1,Pareto-terms,9,4,4,True,0.1596312805256858,7.337687845088701e-14
E1,Pareto-terms,10,4,4,True,0.1596312805256858,7.337687845088701e-14
E1,Pareto-terms,11,4,4,True,0.1596312805256858,7.337687845088701e-14
E1,Pareto-terms,12,4,4,True,0.1596312805256858,7.337687845088701e-14
E1,Pareto-terms,13,4,4,True,0.1596312805256858,7.337687845088701e-14
E1,Pareto-terms,14,4,4,True,0.1596312805256858,7.337687845088701e-14
E1,Pareto-terms,15,4,4,True,0.15963128052568573,7.337687845088702e-14
E1,Pareto-terms,16,4,4,True,0.1596312805256858,7.337687845088701e-14
E1,Pareto-terms,17,4,4,True,0.15963128052568573,7.337687845088701e-14
E1,Pareto-terms,18,4,4,True,0.1596312805256858,7.337687845088701e-14
E1,Pareto-terms,19,4,4,True,0.1596312805256858,7.337687845088701e-14
E1,Pareto-terms,20,4,4,True,0.1596312805256858,7.337687845088701e-14
E1,Pareto-terms,21,4,4,True,0.1596312805256858,7.337687845088701e-14
E1,Pareto-terms,22,4,4,True,0.1596312805256858,7.337687845088701e-14
E1,Pareto-terms,23,4,4,True,0.1596312805256858,7.337687845088701e-14
E1,Pareto-terms,24,4,4,True,0.1596312805256858,7.337687845088701e-14
E1,Pareto-terms,25,4,4,True,0.1596312805256858,7.337687845088701e-14
E1,Pareto-terms,26,4,4,True,0.1596312805256858,7.337687845088701e-14
E1,Pareto-terms,27,4,4,True,0.15963128052568573,7.337687845088701e-14
E1,Pareto-terms,28,4,4,True,0.1596312805256858,7.337687845088701e-14
E1,Pareto-terms,29,4,4,True,0.1596312805256858,7.337687845088701e-14
E1,SO,0,5,5,True,0.011576735967846325,8.380520650629184e-14
E1,SO,1,5,5,True,0.1554330407203992,8.48454384037659e-14
E1,SO,2,5,5,True,0.11263652116398438,8.435833690274823e-14
E1,SO,3,6,6,True,0.03213772102894128,9.111944357987782e-14
E1,SO,4,5,5,True,0.032498284619956706,8.322498427844718e-14
E1,SO,5,6,6,True,0.004220782547451548,9.46865416956194e-14
E1,SO,6,4,4,True,0.1596312805256858,7.337687845088701e-14
E1,SO,7,5,5,True,0.004779581465677484,8.4502465388406e-14
E1,SO,8,6,6,True,0.03070774324402987,9.465390539179389e-14
E1,SO,9,4,4,True,0.1596312805256858,7.337687845088701e-14
E1,SO,10,4,4,True,0.1596312805256858,7.337687845088701e-14
E1,SO,11,4,4,True,0.1596312805256858,7.337687845088701e-14
E1,SO,12,5,5,True,0.11915396634856698,8.585333114887597e-14
E1,SO,13,4,4,True,0.1596312805256858,7.337687845088701e-14
E1,SO,14,5,5,True,0.011576735967846297,8.380520650629184e-14
E1,SO,15,5,5,True,0.018980590945492475,8.363958011227592e-14
E1,SO,16,5,5,True,0.011576735967846297,8.380520650629184e-14
E1,SO,17,5,5,True,0.03249828461995675,8.32249842784472e-14
E1,SO,18,5,5,True,0.1106446098935417,8.341247234483693e-14
E1,SO,19,4,4,True,0.1596312805256858,7.337687845088701e-14
E1,SO,20,4,4,True,0.1596312805256858,7.337687845088701e-14
E1,SO,21,5,5,True,0.15543304072039918,8.484543840376592e-14
E1,SO,22,6,6,True,0.0042207825474515955,9.46865416956194e-14
E1,SO,23,6,6,True,0.08125202392193515,9.374178799896945e-14
E1,SO,24,5,5,True,0.038021840367656747,8.210673013262615e-14
E1,SO,25,6,6,True,0.004220782547451548,9.46865416956194e-14
E1,SO,26,5,5,True,0.011576735967846297,8.380520650629184e-14
E1,SO,27,5,5,True,0.011576735967846297,8.380520650629184e-14
E1,SO,28,5,5,True,0.011576735967846297,8.380520650629184e-14
E1,SO,29,5,5,True,0.011576735967846297,8.380520650629184e-14
E2,Green,0,4,4,True,0.31349675051178155,7.092976432487204e-14
E2,Green,1,4,4,True,0.3134967505117816,7.092976432487204e-14
E2,Green,2,4,4,True,0.3134967505117816,7.092976432487204e-14
E2,Green,3,4,4,True,0.31349675051178155,7.092976432487204e-14
E2,Green,4,4,4,True,0.31349675051178144,7.092976432487204e-14
E2,Green,5,4,4,True,0.31349675051178155,7.092976432487204e-14
E2,Green,6,4,4,True,0.3134967505117816,7.092976432487204e-14
E2,Green,7,4,4,True,0.3134967505117816,7.092976432487204e-14
E2,Green,8,4,4,True,0.3134967505117816,7.092976432487204e-14
E2,Green,9,4,4,True,0.31349675051178166,7.092976432487204e-14
E2,Green,10,4,4,True,0.30347320035853287,7.099524359037471e-14
E2,Green,11,4,4,True,0.3134967505117816,7.092976432487204e-14
E2,Green,12,4,4,True,0.3134967505117817,7.092976432487204e-14
E2,Green,13,4,4,True,0.31349675051178155,7.092976432487204e-14
E2,Green,14,4,4,True,0.31349675051178166,7.092976432487204e-14
E2,Green,15,4,4,True,0.31349675051178155,7.092976432487204e-14
E2,Green,16,4,4,True,0.31349675051178155,7.092976432487204e-14
E2,Green,17,4,4,True,0.31349675051178155,7.092976432487204e-14
E2,Green,18,4,4,True,0.3134967505117816,7.092976432487204e-14
E2,Green,19,4,4,True,0.3134967505117818,7.092976432487204e-14
E2,Green,20,4,4,True,0.31349675051178166,7.092976432487204e-14
E2,Green,21,4,4,True,0.31349675051178155,7.092976432487204e-14
E2,Green,22,4,4,True,0.3134967505117818,7.092976432487204e-14
E2,Green,23,4,4,True,0.3134967505117818,7.092976432487204e-14
E2,Green,24,5,5,True,0.03168177794916323,8.250804557164412e-14
E2,Green,25,4,4,True,0.31443319743357506,7.08380020375198e-14
E2,Green,26,5,5,True,0.028710983077644636,8.225527262968963e-14
E2,Green,27,4,4,True,0.3134967505117816,7.092976432487204e-14
E2,Green,28,4,4,True,0.3134967505117817,7.092976432487204e-14
E2,Green,29,4,4,True,0.3134967505117816,7.092976432487204e-14
E2,MO-lex,0,5,5,True,0.1710452194643496,8.09031088285259e-14
E2,MO-lex,1,5,5,True,0.028710983077644636,8.225527262968964e-14
E2,MO-lex,2,5,5,True,0.19170364242921728,8.083641314683051e-14
E2,MO-lex,3,5,5,True,0.11411237187915015,8.300465700922237e-14
E2,MO-lex,4,5,5,True,0.17104521946434958,8.09031088285259e-14
E2,MO-lex,5,5,5,True,0.2079095317043399,8.073413118037608e-14
E2,MO-lex,6,5,5,True,0.028710983077644612,8.225527262968963e-14
E2,MO-lex,7,6,6,True,0.02429820272173282,9.336478709246826e-14
E2,MO-lex,8,5,5,True,0.028710983077644636,8.225527262968964e-14
E2,MO-lex,9,4,4,True,0.31349675051178155,7.092976432487204e-14
E2,MO-lex,10,5,5,True,0.11411237187915006,8.300465700922239e-14
E2,MO-lex,11,5,5,True,0.17104521946434972,8.090310882852591e-14
E2,MO-lex,12,5,5,True,0.02838642077557447,8.231472909839461e-14
E2,MO-lex,13,5,5,True,0.11411237187915002,8.300465700922237e-14
E2,MO-lex,14,5,5,True,0.028710983077644622,8.225527262968963e-14
E2,MO-lex,15,5,5,True,0.03262975611731431,8.230109218162853e-14
E2,MO-lex,16,5,5,True,0.09235776378410733,8.304182263250523e-14
E2,MO-lex,17,4,4,True,0.3134967505117816,7.092976432487204e-14
E2,MO-lex,18,5,5,True,0.11523787963389136,8.295589093486296e-14
E2,MO-lex,19,5,5,True,0.09235776378410741,8.304182263250526e-14
E2,MO-lex,20,4,4,True,0.3134967505117818,7.092976432487204e-14
E2,MO-lex,21,5,5,True,0.028710983077644647,8.225527262968963e-14
E2,MO-lex,22,4,4,True,0.3134967505117817,7.092976432487204e-14
E2,MO-lex,23,4,4,True,0.3134967505117818,7.092976432487204e-14
E2,MO-lex,24,5,5,True,0.021594257423589232,8.030250190513137e-14
E2,MO-lex,25,6,6,True,0.02476003807503371,9.345771641911594e-14
E2,MO-lex,26,5,5,True,0.06365686269020146,8.20802993633456e-14
E2,MO-lex,27,5,5,True,0.09235776378410741,8.304182263250523e-14
E2,MO-lex,28,5,5,True,0.1710452194643497,8.090310882852591e-14
E2,MO-lex,29,5,5,True,0.03145463307864059,8.204787336426918e-14
E2,Pareto-nodes,0,6,6,True,0.01928295306820828,9.245293204538692e-14
E2,Pareto-nodes,1,6,6,True,0.019282953068208254,9.245293204538689e-14
E2,Pareto-nodes,2,6,6,True,0.015758721803194032,9.195945194875082e-14
E2,Pareto-nodes,3,6,6,True,0.019282953068208285,9.245293204538692e-14
E2,Pareto-nodes,4,6,6,True,0.019282953068208302,9.245293204538692e-14
E2,Pareto-nodes,5,6,6,True,0.019282953068208295,9.245293204538692e-14
E2,Pareto-nodes,6,6,6,True,0.030402875828247362,9.256967875889104e-14
E2,Pareto-nodes,7,6,6,True,0.016677029661899146,9.177315073776103e-14
E2,Pareto-nodes,8,6,6,True,0.015519772406435135,9.20482999888271e-14
E2,Pareto-nodes,9,6,6,True,0.019282953068208306,9.245293204538692e-14
E2,Pareto-nodes,10,6,6,True,0.019282953068208285,9.245293204538689e-14
E2,Pareto-nodes,11,6,6,True,0.015758721803194042,9.195945194875082e-14
E2,Pareto-nodes,12,6,6,True,0.019282953068208285,9.245293204538689e-14
E2,Pareto-nodes,13,6,6,True,0.015758721803194025,9.195945194875082e-14
E2,Pareto-nodes,14,6,6,True,0.030402875828247362,9.256967875889104e-14
E2,Pareto-nodes,15,6,6,True,0.019282953068208295,9.245293204538689e-14
E2,Pareto-nodes,16,6,6,True,0.03040287582824737,9.256967875889104e-14
E2,Pareto-nodes,17,6,6,True,0.019282953068208295,9.245293204538692e-14
E2,Pareto-nodes,18,6,6,True,0.030402875828247362,9.256967875889104e-14
E2,Pareto-nodes,19,6,6,True,0.019282953068208302,9.245293204538692e-14
E2,Pareto-nodes,20,6,6,True,0.01928295306820829,9.245293204538692e-14
E2,Pareto-nodes,21,6,6,True,0.01928295306820832,9.245293204538692e-14
E2,Pareto-nodes,22,6,6,True,0.019282953068208285,9.245293204538689e-14
E2,Pareto-nodes,23,6,6,True,0.0192829530682083,9.245293204538689e-14
E2,Pareto-nodes,24,6,6,True,0.019282953068208302,9.245293204538689e-14
E2,Pareto-nodes,25,5,5,True,0.02564053436641047,8.24947510270672e-14
E2,Pareto-nodes,26,6,6,True,0.019282953068208306,9.245293204538693e-14
E2,Pareto-nodes,27,6,6,True,0.0192829530682083,9.245293204538689e-14
E2,Pareto-nodes,28,6,6,True,0.019282953068208306,9.245293204538692e-14
E2,Pareto-nodes,29,6,6,True,0.019282953068208288,9.245293204538689e-14
E2,Pareto-terms,0,4,4,True,0.3134967505117818,7.092976432487204e-14
E2,Pareto-terms,1,4,4,True,0.3134967505117816,7.092976432487204e-14
E2,Pareto-terms,2,4,4,True,0.31443319743357506,7.083800203751979e-14
E2,Pareto-terms,3,4,4,True,0.31349675051178155,7.092976432487204e-14
E2,Pareto-terms,4,4,4,True,0.31349675051178155,7.092976432487204e-14
E2,Pareto-terms,5,4,4,True,0.3134967505117816,7.092976432487204e-14
E2,Pareto-terms,6,5,5,True,0.14157707003736653,8.291707789797392e-14
E2,Pareto-terms,7,4,4,True,0.3134967505117816,7.092976432487204e-14
E2,Pareto-terms,8,4,4,True,0.3134967505117816,7.092976432487204e-14
E2,Pareto-terms,9,4,4,True,0.31349675051178155,7.092976432487204e-14
E2,Pareto-terms,10,4,4,True,0.30347320035853287,7.099524359037471e-14
E2,Pareto-terms,11,4,4,True,0.31349675051178155,7.092976432487204e-14
E2,Pareto-terms,12,4,4,True,0.3134967505117816,7.092976432487204e-14
E2,Pareto-terms,13,4,4,True,0.31349675051178155,7.092976432487204e-14
E2,Pareto-terms,14,4,4,True,0.31349675051178144,7.092976432487204e-14
E2,Pareto-terms,15,4,4,True,0.3134967505117818,7.092976432487204e-14
E2,Pareto-terms,16,4,4,True,0.31349675051178144,7.092976432487204e-14
E2,Pareto-terms,17,4,4,True,0.3134967505117816,7.092976432487204e-14
E2,Pareto-terms,18,4,4,True,0.31349675051178166,7.092976432487204e-14
E2,Pareto-terms,19,4,4,True,0.31349675051178155,7.092976432487204e-14
E2,Pareto-terms,20,4,4,True,0.31349675051178155,7.092976432487204e-14
E2,Pareto-terms,21,4,4,True,0.3134967505117817,7.092976432487204e-14
E2,Pareto-terms,22,4,4,True,0.3134967505117817,7.092976432487204e-14
E2,Pareto-terms,23,4,4,True,0.3134967505117818,7.092976432487204e-14
E2,Pareto-terms,24,4,4,True,0.3134967505117816,7.092976432487204e-14
E2,Pareto-terms,25,5,5,True,0.11795484114112621,8.198782115731311e-14
E2,Pareto-terms,26,4,4,True,0.31349675051178155,7.092976432487204e-14
E2,Pareto-terms,27,4,4,True,0.31349675051178155,7.092976432487204e-14
E2,Pareto-terms,28,4,4,True,0.31349675051178166,7.092976432487204e-14
E2,Pareto-terms,29,4,4,True,0.3134967505117818,7.092976432487204e-14
E2,SO,0,6,6,True,0.031469212283758374,9.12934005155438e-14
E2,SO,1,6,6,True,0.028596052828210546,9.106965221477228e-14
E2,SO,2,6,6,True,0.028701509747770148,9.114102089248215e-14
E2,SO,3,6,6,True,0.02847232973520376,8.871345485932708e-14
E2,SO,4,6,6,True,0.02847232973520381,8.871345485932706e-14
E2,SO,5,6,6,True,0.03182005965503418,9.123347539789545e-14
E2,SO,6,6,6,True,0.02870150974777009,9.114102089248209e-14
E2,SO,7,6,6,True,0.03182005965503419,9.123347539789545e-14
E2,SO,8,6,6,True,0.03146921228375839,9.129340051554378e-14
E2,SO,9,6,6,True,0.02870150974777011,9.114102089248215e-14
E2,SO,10,6,6,True,0.028701509747770138,9.114102089248215e-14
E2,SO,11,6,6,True,0.028472329735203732,8.871345485932708e-14
E2,SO,12,6,6,True,0.028472329735203732,8.871345485932706e-14
E2,SO,13,6,6,True,0.02847232973520376,8.871345485932708e-14
E2,SO,14,6,6,True,0.028701509747770124,9.114102089248211e-14
E2,SO,15,6,6,True,0.03146921228375838,9.12934005155438e-14
E2,SO,16,6,6,True,0.028701509747770148,9.114102089248215e-14
E2,SO,17,6,6,True,0.02851516140344832,9.11616726377907e-14
E2,SO,18,6,6,True,0.03146921228375838,9.129340051554378e-14
E2,SO,19,6,6,True,0.028472329735203788,8.871345485932708e-14
E2,SO,20,6,6,True,0.02870150974777016,9.114102089248211e-14
E2,SO,21,6,6,True,0.02870150974777015,9.114102089248211e-14
E2,SO,22,6,6,True,0.02847232973520372,8.871345485932708e-14
E2,SO,23,6,6,True,0.028701509747770124,9.114102089248211e-14
E2,SO,24,6,6,True,0.028472329735203757,8.871345485932708e-14
E2,SO,25,6,6,True,0.02847232973520373,8.871345485932708e-14
E2,SO,26,6,6,True,0.031820059655034205,9.123347539789545e-14
E2,SO,27,6,6,True,0.028701509747770106,9.114102089248215e-14
E2,SO,28,6,6,True,0.028472329735203736,8.871345485932706e-14
E2,SO,29,6,6,True,0.031469212283758353,9.129340051554378e-14
E3,Green,0,8,8,True,6.022480712646943e-06,1.6402204628845032e-13
E3,Green,1,8,8,True,6.382269308761822e-05,1.6253306629713081e-13
E3,Green,2,8,8,True,0.0001964555563577014,1.612360374634182e-13
E3,Green,3,9,9,True,5.805961462295812e-05,1.6125945394766133e-13
E3,Green,4,8,8,True,5.8336169014040493e-05,1.6129361886199326e-13
E3,Green,5,8,8,True,5.510952368195347e-06,1.5877103091726314e-13
E3,Green,6,8,8,True,3.266887008267144e-05,1.63198262549253e-13
E3,Green,7,9,9,True,8.967081475582936e-05,1.729359949042772e-13
E3,Green,8,8,8,True,3.1528024421543794e-05,1.632380771261248e-13
E3,Green,9,8,8,True,6.20950890070207e-05,1.6324630056296915e-13
E3,Green,10,9,9,True,3.158794112877988e-05,1.6232199531044772e-13
E3,Green,11,8,8,True,0.00012131825452402582,1.6168339010820552e-13
E3,Green,12,8,8,True,6.365205116691896e-05,1.6232505094786257e-13
E3,Green,13,8,8,True,3.236654315142627e-05,1.6338998034717143e-13
E3,Green,14,8,8,True,2.9255988113439426e-05,1.6131405385746645e-13
E3,Green,15,8,8,True,3.3345180196653196e-06,1.5883331277778853e-13
E3,Green,16,8,8,True,0.00012577552556327333,1.615409559764319e-13
E3,Green,17,8,8,True,7.92889234088638e-06,1.6384170355404878e-13
E3,Green,18,8,8,True,2.926411862749618e-05,1.612944777502959e-13
E3,Green,19,8,8,True,9.519833096655429e-05,1.61810227923625e-13
E3,Green,20,8,8,True,8.64336834021887e-05,1.6107375351013142e-13
E3,Green,21,8,8,True,5.961434711220685e-05,1.612061093245635e-13
E3,Green,22,9,9,True,9.173567048029991e-06,1.6098046342287098e-13
E3,Green,23,8,8,True,0.0001837627264962692,1.61628530075483e-13
E3,Green,24,8,8,True,6.161938603179772e-05,1.6308587242042952e-13
E3,Green,25,7,7,True,0.0001174472867396848,1.522804125841882e-13
E3,Green,26,8,8,True,6.413696342096972e-05,1.626166305834479e-13
E3,Green,27,8,8,True,5.1113399412591526e-05,1.640357591718746e-13
E3,Green,28,8,8,True,3.334518019648167e-06,1.5883331277778853e-13
E3,Green,29,8,8,True,5.11133994126056e-05,1.640357591718746e-13
E3,MO-lex,0,8,8,True,2.9292625368570374e-05,1.6136145664417329e-13
E3,MO-lex,1,8,8,True,6.437856593102101e-05,1.627161222015476e-13
E3,MO-lex,2,8,8,True,3.2977753070289456e-05,1.6339848102398249e-13
E3,MO-lex,3,8,8,True,2.9292625368571394e-05,1.6136145664417329e-13
E3,MO-lex,4,8,8,True,3.0027857793422345e-05,1.6093309792481808e-13
E3,MO-lex,5,8,8,True,3.0124675746945384e-05,1.6116230889894242e-13
E3,MO-lex,6,8,8,True,3.150682645039569e-05,1.63129064623122e-13
E3,MO-lex,7,9,9,True,2.7811898785705744e-05,1.6982112860112584e-13
E3,MO-lex,8,8,8,True,3.1506826450418185e-05,1.6312906462312209e-13
E3,MO-lex,9,8,8,True,2.96770075071455e-05,1.6303898111392879e-13
E3,MO-lex,10,8,8,True,0.0016139485119229145,1.5076443711381295e-13
E3,MO-lex,11,8,8,True,0.006167898476213577,1.5564470072598346e-13
E3,MO-lex,12,8,8,True,2.9255988113429868e-05,1.6131405385746643e-13
E3,MO-lex,13,9,9,True,3.039585687833063e-05,1.6326529398251293e-13
E3,MO-lex,14,8,8,True,3.3345180196510382e-06,1.588333127777885e-13
E3,MO-lex,15,9,9,True,0.0001379474247355173,1.6588159959182381e-13
E3,MO-lex,16,8,8,True,3.2456407778419615e-05,1.6301366450892285e-13
E3,MO-lex,17,8,8,True,2.92559881134163e-05,1.613140538574664e-13
E3,MO-lex,18,8,8,True,3.226497479745402e-05,1.6289358784147782e-13
E3,MO-lex,19,8,8,True,3.150682645040918e-05,1.63129064623122e-13
E3,MO-lex,20,8,8,True,5.7472474778139276e-05,1.6175471219153576e-13
E3,MO-lex,21,9,9,True,2.6976465664361343e-05,1.6879454576439389e-13
E3,MO-lex,22,8,8,True,3.334518019700731e-06,1.588333127777885e-13
E3,MO-lex,23,7,7,True,0.004564090002745584,1.5280577116545921e-13
E3,MO-lex,24,8,8,True,3.150682645039478e-05,1.63129064623122e-13
E3,MO-lex,25,8,8,True,3.0124675746996135e-05,1.6116230889894245e-13
E3,MO-lex,26,8,8,True,2.9250817424792215e-05,1.613884830092629e-13
E3,MO-lex,27,8,8,True,3.2367192444191764e-05,1.629909353248598e-13
E3,MO-lex,28,8,8,True,2.687317309423861e-06,1.6446501655920438e-13
E3,MO-lex,29,8,8,True,3.3498382020650773e-05,1.6298448609433483e-13
E3,Pareto-nodes,0,8,8,True,2.9396090254591064e-05,1.6149437595046218e-13
E3,Pareto-nodes,1,8,8,True,0.00036849762779798273,1.5754620088462995e-13
E3,Pareto-nodes,2,8,8,True,5.437579845102291e-06,1.6002258754075706e-13
E3,Pareto-nodes,3,8,8,True,4.176016015930127e-05,1.5883114662156552e-13
E3,Pareto-nodes,4,8,8,True,9.106145049435745e-06,1.5771482905870317e-13
E3,Pareto-nodes,5,8,8,True,8.670454055026132e-06,1.60852525686185e-13
E3,Pareto-nodes,6,8,8,True,3.334518019645617e-06,1.588333127777885e-13
E3,Pareto-nodes,7,8,8,True,3.334518019701489e-06,1.5883331277778853e-13
E3,Pareto-nodes,8,8,8,True,3.334518019636844e-06,1.5883331277778853e-13
E3,Pareto-nodes,9,8,8,True,5.989975353401594e-05,1.6305672331277076e-13
E3,Pareto-nodes,10,8,8,True,1.3792160805201826e-05,1.5887909660761486e-13
E3,Pareto-nodes,11,8,8,True,0.00018223032239367978,1.587254947858947e-13
E3,Pareto-nodes,12,8,8,True,9.011489104554484e-06,1.6049163117557943e-13
E3,Pareto-nodes,13,8,8,True,5.102195801775423e-06,1.6103562492818785e-13
E3,Pareto-nodes,14,8,8,True,0.00012166378239819508,1.6123612316979563e-13
E3,Pareto-nodes,15,8,8,True,3.0844384245787248e-06,1.6122000554559929e-13
E3,Pareto-nodes,16,8,8,True,3.3345180196994763e-06,1.5883331277778853e-13
E3,Pareto-nodes,17,8,8,True,5.437579845035426e-06,1.60022587540757e-13
E3,Pareto-nodes,18,8,8,True,9.049116587171878e-05,1.6228444474557258e-13
E3,Pareto-nodes,19,8,8,True,3.3345180196521703e-06,1.588333127777885e-13
E3,Pareto-nodes,20,8,8,True,3.3345180196353817e-06,1.588333127777885e-13
E3,Pareto-nodes,21,8,8,True,0.00012065685805086299,1.6243330227495323e-13
E3,Pareto-nodes,22,9,9,True,1.8042507722175494e-06,1.685366053388967e-13
E3,Pareto-nodes,23,8,8,True,5.10219580176626e-06,1.610356249281879e-13
E3,Pareto-nodes,24,8,8,True,0.0003779104919744571,1.5775861560202944e-13
E3,Pareto-nodes,25,8,8,True,3.3345180196707263e-06,1.588333127777885e-13
E3,Pareto-nodes,26,9,9,True,6.590793371769758e-06,1.6623872964401004e-13
E3,Pareto-nodes,27,8,8,True,0.00017863732153949584,1.6100792033967016e-13
E3,Pareto-nodes,28,8,8,True,1.7307105559642684e-05,1.6034395584331955e-13
E3,Pareto-nodes,29,8,8,True,6.2699068902026925e-06,1.6335812008998473e-13
E3,Pareto-terms,0,8,8,True,9.129284578353286e-05,1.622737316346143e-13
E3,Pareto-terms,1,9,9,True,6.357997169935048e-05,1.6312626598612659e-13
E3,Pareto-terms,2,8,8,True,3.219668004241196e-05,1.6272731391333998e-13
E3,Pareto-terms,3,8,8,True,6.048309735300684e-05,1.6243238159125154e-13
E3,Pareto-terms,4,8,8,True,0.00013193948582556502,1.617037685932053e-13
E3,Pareto-terms,5,8,8,True,0.00012054540212126256,1.6143896569820637e-13
E3,Pareto-terms,6,8,8,True,0.0001172625592626704,1.6072367335160125e-13
E3,Pareto-terms,7,8,8,True,0.00022542493639180896,1.567160805531057e-13
E3,Pareto-terms,8,8,8,True,6.364125010119156e-05,1.6309214859643323e-13
E3,Pareto-terms,9,9,9,True,0.0046375594860605125,1.6606911999806773e-13
E3,Pareto-terms,10,8,8,True,0.0004853821884514519,1.5839044178514453e-13
E3,Pareto-terms,11,8,8,True,3.124928632331046e-05,1.6116044174654987e-13
E3,Pareto-terms,12,8,8,True,0.00019902270091841178,1.607791217391599e-13
E3,Pareto-terms,13,8,8,True,3.2264974797465866e-05,1.6289358784147782e-13
E3,Pareto-terms,14,8,8,True,5.967680904341674e-05,1.628900544018941e-13
E3,Pareto-terms,15,8,8,True,3.3498382020642113e-05,1.6298448609433488e-13
E3,Pareto-terms,16,8,8,True,0.00014903764729997878,1.5944816334547963e-13
E3,Pareto-terms,17,8,8,True,0.00020900372940992537,1.5704887292965203e-13
E3,Pareto-terms,18,8,8,True,6.627659723762066e-05,1.6262077382300778e-13
E3,Pareto-terms,19,8,8,True,6.593791059005783e-05,1.629322617724631e-13
E3,Pareto-terms,20,8,8,True,0.0005096278654305846,1.5976404060235843e-13
E3,Pareto-terms,21,8,8,True,6.0976926360162306e-05,1.6193010204465066e-13
E3,Pareto-terms,22,9,9,True,0.026596556898104147,1.4515336202613856e-13
E3,Pareto-terms,23,8,8,True,0.0012021820809258268,1.5050672254544726e-13
E3,Pareto-terms,24,8,8,True,3.2367192444190646e-05,1.6299093532485977e-13
E3,Pareto-terms,25,8,8,True,3.375038045026617e-05,1.630838711193027e-13
E3,Pareto-terms,26,8,8,True,9.710885295390182e-05,1.6176115133127353e-13
E3,Pareto-terms,27,8,8,True,5.891402347124014e-05,1.6228303193926304e-13
E3,Pareto-terms,28,8,8,True,0.0001849527541959596,1.6138234827528118e-13
E3,Pareto-terms,29,6,6,True,0.003810161301506799,1.2621652006243612e-13
E3,SO,0,9,9,True,2.8567376018848768e-05,1.6151935193765994e-13
E3,SO,1,8,8,True,6.437856593102101e-05,1.627161222015476e-13
E3,SO,2,9,9,True,3.162233566777483e-05,1.6348657134018518e-13
E3,SO,3,9,9,True,2.9226250016171863e-05,1.7296880231252043e-13
E3,SO,4,9,9,True,2.9963642635560873e-05,1.7252951323574787e-13
E3,SO,5,9,9,True,3.0018182761280915e-05,1.7277695721931914e-13
E3,SO,6,9,9,True,3.114523188877944e-05,1.6327922036927286e-13
E3,SO,7,9,9,True,2.7811898785705744e-05,1.6982112860112584e-13
E3,SO,8,8,8,True,3.1506826450418185e-05,1.6312906462312209e-13
E3,SO,9,9,9,True,2.9609242243308323e-05,1.7312873451815694e-13
E3,SO,10,9,9,True,0.0015499129854153924,1.6379501564845915e-13
E3,SO,11,9,9,True,0.005170172419518614,1.6847344860879074e-13
E3,SO,12,9,9,True,2.919549848410246e-05,1.7292385647123306e-13
E3,SO,13,9,9,True,3.039585687833063e-05,1.6326529398251293e-13
E3,SO,14,8,8,True,3.3345180196510382e-06,1.588333127777885e-13
E3,SO,15,9,9,True,0.0001379474247355173,1.6588159959182381e-13
E3,SO,16,8,8,True,3.2456407778419615e-05,1.6301366450892285e-13
E3,SO,17,9,9,True,2.9195498484104774e-05,1.7292385647123314e-13
E3,SO,18,8,8,True,3.226497479745402e-05,1.6289358784147782e-13
E3,SO,19,9,9,True,3.042131009841026e-05,1.632590135290785e-13
E3,SO,20,8,8,True,5.7472474778139276e-05,1.6175471219153576e-13
E3,SO,21,9,9,True,2.6976465664361343e-05,1.6879454576439389e-13
E3,SO,22,8,8,True,3.334518019700731e-06,1.588333127777885e-13
E3,SO,23,8,8,True,0.00456227686039937,1.5311067841554717e-13
E3,SO,24,9,9,True,3.036678405970071e-05,1.6327563367437362e-13
E3,SO,25,9,9,True,2.9226250016162264e-05,1.7296880231252046e-13
E3,SO,26,9,9,True,2.859698438960182e-05,1.6154914299168696e-13
E3,SO,27,9,9,True,3.1377989663711084e-05,1.631215638718347e-13
E3,SO,28,8,8,True,2.687317309423861e-06,1.6446501655920438e-13
E3,SO,29,8,8,True,3.3498382020650773e-05,1.6298448609433483e-13
