arm,scenario,example,seed,lex_identical,first_div,prior_tie
native,karatsuba,E1,0,True,,False
native,karatsuba,E1,1,True,,False
native,karatsuba,E1,2,True,,False
native,karatsuba,E1,3,True,,False
native,karatsuba,E1,4,True,,False
native,karatsuba,E1,5,True,,False
native,karatsuba,E1,6,True,,False
native,karatsuba,E1,7,True,,False
native,karatsuba,E1,8,True,,False
native,karatsuba,E1,9,True,,False
native,karatsuba,E1,10,True,,False
native,karatsuba,E1,11,True,,False
native,karatsuba,E1,12,True,,False
native,karatsuba,E1,13,True,,False
native,karatsuba,E1,14,True,,False
native,karatsuba,E1,15,True,,False
native,karatsuba,E1,16,True,,False
native,karatsuba,E1,17,True,,False
native,karatsuba,E1,18,True,,False
native,karatsuba,E1,19,True,,False
native,karatsuba,E1,20,True,,False
native,karatsuba,E1,21,True,,False
native,karatsuba,E1,22,True,,False
native,karatsuba,E1,23,True,,False
native,karatsuba,E1,24,True,,False
native,karatsuba,E1,25,True,,False
native,karatsuba,E1,26,True,,False
native,karatsuba,E1,27,True,,False
native,karatsuba,E1,28,True,,False
native,karatsuba,E1,29,True,,False
native,karatsuba,E2,0,True,,False
native,karatsuba,E2,1,True,,False
native,karatsuba,E2,2,True,,False
native,karatsuba,E2,3,True,,False
native,karatsuba,E2,4,True,,False
native,karatsuba,E2,5,True,,False
native,karatsuba,E2,6,True,,False
native,karatsuba,E2,7,True,,False
native,karatsuba,E2,8,True,,False
native,karatsuba,E2,9,True,,False
native,karatsuba,E2,10,True,,False
native,karatsuba,E2,11,True,,False
native,karatsuba,E2,12,True,,False
native,karatsuba,E2,13,True,,False
native,karatsuba,E2,14,True,,False
native,karatsuba,E2,15,True,,False
native,karatsuba,E2,16,True,,False
native,karatsuba,E2,17,True,,False
native,karatsuba,E2,18,True,,False
native,karatsuba,E2,19,True,,False
native,karatsuba,E2,20,True,,False
native,karatsuba,E2,21,True,,False
native,karatsuba,E2,22,True,,False
native,karatsuba,E2,23,True,,False
native,karatsuba,E2,24,True,,False
native,karatsuba,E2,25,True,,False
native,karatsuba,E2,26,True,,False
native,karatsuba,E2,27,True,,False
native,karatsuba,E2,28,True,,False
native,karatsuba,E2,29,True,,False
native,karatsuba,E3,0,True,,False
native,karatsuba,E3,1,True,,False
native,karatsuba,E3,2,True,,False
native,karatsuba,E3,3,True,,False
native,karatsuba,E3,4,True,,False
native,karatsuba,E3,5,True,,False
native,karatsuba,E3,6,True,,False
native,karatsuba,E3,7,True,,False
native,karatsuba,E3,8,True,,False
native,karatsuba,E3,9,True,,False
native,karatsuba,E3,10,True,,False
native,karatsuba,E3,11,True,,False
native,karatsuba,E3,12,True,,False
native,karatsuba,E3,13,True,,False
native,karatsuba,E3,14,True,,False
native,karatsuba,E3,15,True,,False
native,karatsuba,E3,16,True,,False
native,karatsuba,E3,17,True,,False
native,karatsuba,E3,18,True,,False
native,karatsuba,E3,19,True,,False
native,karatsuba,E3,20,True,,False
native,karatsuba,E3,21,True,,False
native,karatsuba,E3,22,True,,False
native,karatsuba,E3,23,True,,False
native,karatsuba,E3,24,True,,False
native,karatsuba,E3,25,True,,False
native,karatsuba,E3,26,True,,False
native,karatsuba,E3,27,True,,False
native,karatsuba,E3,28,True,,False
native,karatsuba,E3,29,True,,False
native,ops,E1,0,True,,False
native,ops,E1,1,True,,False
native,ops,E1,2,True,,False
native,ops,E1,3,True,,False
native,ops,E1,4,True,,False
native,ops,E1,5,True,,False
native,ops,E1,6,True,,False
native,ops,E1,7,True,,False
native,ops,E1,8,True,,False
native,ops,E1,9,True,,False
native,ops,E1,10,True,,False
native,ops,E1,11,True,,False
native,ops,E1,12,True,,False
native,ops,E1,13,True,,False
native,ops,E1,14,True,,False
native,ops,E1,15,True,,False
native,ops,E1,16,True,,False
native,ops,E1,17,True,,False
native,ops,E1,18,True,,False
native,ops,E1,19,True,,False
native,ops,E1,20,True,,False
native,ops,E1,21,True,,False
native,ops,E1,22,True,,False
native,ops,E1,23,True,,False
native,ops,E1,24,True,,False
native,ops,E1,25,True,,False
native,ops,E1,26,True,,False
native,ops,E1,27,True,,False
native,ops,E1,28,True,,False
native,ops,E1,29,True,,False
native,ops,E2,0,True,,False
native,ops,E2,1,True,,False
native,ops,E2,2,True,,False
native,ops,E2,3,True,,False
native,ops,E2,4,True,,False
native,ops,E2,5,True,,False
native,ops,E2,6,True,,False
native,ops,E2,7,True,,False
native,ops,E2,8,True,,False
native,ops,E2,9,True,,False
native,ops,E2,10,True,,False
native,ops,E2,11,True,,False
native,ops,E2,12,True,,False
native,ops,E2,13,True,,False
native,ops,E2,14,True,,False
native,ops,E2,15,True,,False
native,ops,E2,16,True,,False
native,ops,E2,17,True,,False
native,ops,E2,18,True,,False
native,ops,E2,19,True,,False
native,ops,E2,20,True,,False
native,ops,E2,21,True,,False
native,ops,E2,22,True,,False
native,ops,E2,23,True,,False
native,ops,E2,24,True,,False
native,ops,E2,25,True,,False
native,ops,E2,26,True,,False
native,ops,E2,27,True,,False
native,ops,E2,28,True,,False
native,ops,E2,29,True,,False
native,ops,E3,0,True,,False
native,ops,E3,1,True,,False
native,ops,E3,2,True,,False
native,ops,E3,3,True,,False
native,ops,E3,4,True,,False
native,ops,E3,5,True,,False
native,ops,E3,6,True,,False
native,ops,E3,7,True,,False
native,ops,E3,8,True,,False
native,ops,E3,9,True,,False
native,ops,E3,10,True,,False
native,ops,E3,11,True,,False
native,ops,E3,12,True,,False
native,ops,E3,13,True,,False
native,ops,E3,14,True,,False
native,ops,E3,15,True,,False
native,ops,E3,16,True,,False
native,ops,E3,17,True,,False
native,ops,E3,18,True,,False
native,ops,E3,19,True,,False
native,ops,E3,20,True,,False
native,ops,E3,21,True,,False
native,ops,E3,22,True,,False
native,ops,E3,23,True,,False
native,ops,E3,24,True,,False
native,ops,E3,25,True,,False
native,ops,E3,26,True,,False
native,ops,E3,27,True,,False
native,ops,E3,28,True,,False
native,ops,E3,29,True,,False
equal_calls,karatsuba,E1,0,True,,False
equal_calls,karatsuba,E1,1,True,,False
equal_calls,karatsuba,E1,2,True,,False
equal_calls,karatsuba,E1,3,True,,False
equal_calls,karatsuba,E1,4,True,,False
equal_calls,karatsuba,E1,5,True,,False
equal_calls,karatsuba,E1,6,True,,False
equal_calls,karatsuba,E1,7,True,,False
equal_calls,karatsuba,E1,8,True,,False
equal_calls,karatsuba,E1,9,True,,False
equal_calls,karatsuba,E1,10,True,,False
equal_calls,karatsuba,E1,11,True,,False
equal_calls,karatsuba,E1,12,True,,False
equal_calls,karatsuba,E1,13,True,,False
equal_calls,karatsuba,E1,14,True,,False
equal_calls,karatsuba,E1,15,True,,False
equal_calls,karatsuba,E1,16,True,,False
equal_calls,karatsuba,E1,17,True,,False
equal_calls,karatsuba,E1,18,True,,False
equal_calls,karatsuba,E1,19,True,,False
equal_calls,karatsuba,E1,20,True,,False
equal_calls,karatsuba,E1,21,True,,False
equal_calls,karatsuba,E1,22,True,,False
equal_calls,karatsuba,E1,23,True,,False
equal_calls,karatsuba,E1,24,True,,False
equal_calls,karatsuba,E1,25,True,,False
equal_calls,karatsuba,E1,26,True,,False
equal_calls,karatsuba,E1,27,True,,False
equal_calls,karatsuba,E1,28,True,,False
equal_calls,karatsuba,E1,29,True,,False
equal_calls,karatsuba,E2,0,True,,False
equal_calls,karatsuba,E2,1,True,,False
equal_calls,karatsuba,E2,2,True,,False
equal_calls,karatsuba,E2,3,True,,False
equal_calls,karatsuba,E2,4,True,,False
equal_calls,karatsuba,E2,5,True,,False
equal_calls,karatsuba,E2,6,True,,False
equal_calls,karatsuba,E2,7,True,,False
equal_calls,karatsuba,E2,8,True,,False
equal_calls,karatsuba,E2,9,True,,False
equal_calls,karatsuba,E2,10,True,,False
equal_calls,karatsuba,E2,11,True,,False
equal_calls,karatsuba,E2,12,True,,False
equal_calls,karatsuba,E2,13,True,,False
equal_calls,karatsuba,E2,14,True,,False
equal_calls,karatsuba,E2,15,True,,False
equal_calls,karatsuba,E2,16,True,,False
equal_calls,karatsuba,E2,17,True,,False
equal_calls,karatsuba,E2,18,True,,False
equal_calls,karatsuba,E2,19,True,,False
equal_calls,karatsuba,E2,20,True,,False
equal_calls,karatsuba,E2,21,True,,False
equal_calls,karatsuba,E2,22,True,,False
equal_calls,karatsuba,E2,23,True,,False
equal_calls,karatsuba,E2,24,True,,False
equal_calls,karatsuba,E2,25,True,,False
equal_calls,karatsuba,E2,26,True,,False
equal_calls,karatsuba,E2,27,True,,False
equal_calls,karatsuba,E2,28,True,,False
equal_calls,karatsuba,E2,29,True,,False
equal_calls,karatsuba,E3,0,True,,False
equal_calls,karatsuba,E3,1,True,,False
equal_calls,karatsuba,E3,2,True,,False
equal_calls,karatsuba,E3,3,True,,False
equal_calls,karatsuba,E3,4,True,,False
equal_calls,karatsuba,E3,5,True,,False
equal_calls,karatsuba,E3,6,True,,False
equal_calls,karatsuba,E3,7,True,,False
equal_calls,karatsuba,E3,8,True,,False
equal_calls,karatsuba,E3,9,True,,False
equal_calls,karatsuba,E3,10,True,,False
equal_calls,karatsuba,E3,11,True,,False
equal_calls,karatsuba,E3,12,True,,False
equal_calls,karatsuba,E3,13,True,,False
equal_calls,karatsuba,E3,14,True,,False
equal_calls,karatsuba,E3,15,True,,False
equal_calls,karatsuba,E3,16,True,,False
equal_calls,karatsuba,E3,17,True,,False
equal_calls,karatsuba,E3,18,True,,False
equal_calls,karatsuba,E3,19,True,,False
equal_calls,karatsuba,E3,20,True,,False
equal_calls,karatsuba,E3,21,True,,False
equal_calls,karatsuba,E3,22,True,,False
equal_calls,karatsuba,E3,23,True,,False
equal_calls,karatsuba,E3,24,True,,False
equal_calls,karatsuba,E3,25,True,,False
equal_calls,karatsuba,E3,26,True,,False
equal_calls,karatsuba,E3,27,True,,False
equal_calls,karatsuba,E3,28,True,,False
equal_calls,karatsuba,E3,29,True,,False
equal_calls,ops,E1,0,True,,False
equal_calls,ops,E1,1,True,,False
equal_calls,ops,E1,2,True,,False
equal_calls,ops,E1,3,True,,False
equal_calls,ops,E1,4,True,,False
equal_calls,ops,E1,5,True,,False
equal_calls,ops,E1,6,True,,False
equal_calls,ops,E1,7,True,,False
equal_calls,ops,E1,8,True,,False
equal_calls,ops,E1,9,True,,False
equal_calls,ops,E1,10,True,,False
equal_calls,ops,E1,11,True,,False
equal_calls,ops,E1,12,True,,False
equal_calls,ops,E1,13,True,,False
equal_calls,ops,E1,14,True,,False
equal_calls,ops,E1,15,True,,False
equal_calls,ops,E1,16,True,,False
equal_calls,ops,E1,17,True,,False
equal_calls,ops,E1,18,True,,False
equal_calls,ops,E1,19,True,,False
equal_calls,ops,E1,20,True,,False
equal_calls,ops,E1,21,True,,False
equal_calls,ops,E1,22,True,,False
equal_calls,ops,E1,23,True,,False
equal_calls,ops,E1,24,True,,False
equal_calls,ops,E1,25,True,,False
equal_calls,ops,E1,26,True,,False
equal_calls,ops,E1,27,True,,False
equal_calls,ops,E1,28,True,,False
equal_calls,ops,E1,29,True,,False
equal_calls,ops,E2,0,True,,False
equal_calls,ops,E2,1,True,,False
equal_calls,ops,E2,2,True,,False
equal_calls,ops,E2,3,True,,False
equal_calls,ops,E2,4,True,,False
equal_calls,ops,E2,5,True,,False
equal_calls,ops,E2,6,True,,False
equal_calls,ops,E2,7,True,,False
equal_calls,ops,E2,8,True,,False
equal_calls,ops,E2,9,True,,False
equal_calls,ops,E2,10,True,,False
equal_calls,ops,E2,11,True,,False
equal_calls,ops,E2,12,True,,False
equal_calls,ops,E2,13,True,,False
equal_calls,ops,E2,14,True,,False
equal_calls,ops,E2,15,True,,False
equal_calls,ops,E2,16,True,,False
equal_calls,ops,E2,17,True,,False
equal_calls,ops,E2,18,True,,False
equal_calls,ops,E2,19,True,,False
equal_calls,ops,E2,20,True,,False
equal_calls,ops,E2,21,True,,False
equal_calls,ops,E2,22,True,,False
equal_calls,ops,E2,23,True,,False
equal_calls,ops,E2,24,True,,False
equal_calls,ops,E2,25,True,,False
equal_calls,ops,E2,26,True,,False
equal_calls,ops,E2,27,True,,False
equal_calls,ops,E2,28,True,,False
equal_calls,ops,E2,29,True,,False
equal_calls,ops,E3,0,True,,False
equal_calls,ops,E3,1,True,,False
equal_calls,ops,E3,2,True,,False
equal_calls,ops,E3,3,True,,False
equal_calls,ops,E3,4,True,,False
equal_calls,ops,E3,5,True,,False
equal_calls,ops,E3,6,True,,False
equal_calls,ops,E3,7,True,,False
equal_calls,ops,E3,8,True,,False
equal_calls,ops,E3,9,True,,False
equal_calls,ops,E3,10,True,,False
equal_calls,ops,E3,11,True,,False
equal_calls,ops,E3,12,True,,False
equal_calls,ops,E3,13,True,,False
equal_calls,ops,E3,14,True,,False
equal_calls,ops,E3,15,True,,False
equal_calls,ops,E3,16,True,,False
equal_calls,ops,E3,17,True,,False
equal_calls,ops,E3,18,True,,False
equal_calls,ops,E3,19,True,,False
equal_calls,ops,E3,20,True,,False
equal_calls,ops,E3,21,True,,False
equal_calls,ops,E3,22,True,,False
equal_calls,ops,E3,23,True,,False
equal_calls,ops,E3,24,True,,False
equal_calls,ops,E3,25,True,,False
equal_calls,ops,E3,26,True,,False
equal_calls,ops,E3,27,True,,False
equal_calls,ops,E3,28,True,,False
equal_calls,ops,E3,29,True,,False
