example,config,simulator,E_uJ,CO2_ug,t_us
E1,Green,canonical,52.20871442801125,0.004217376444232725,7.791433909569456
E1,Green,numpy_allgenes,2372.9964721746273,0.19168867752520627,336.68749880998604
E1,Green-K,canonical,51.13967855326098,0.004131020617133628,7.784651926063143
E1,Green-K,numpy_allgenes,2353.0932867505994,0.19008091479264114,329.5592343686842
E1,MO-lex,canonical,51.60552441419499,0.004168651257574993,7.7842890975980765
E1,MO-lex,numpy_allgenes,2306.417996654792,0.1863105237547769,328.88696389436575
E1,MO-lex-K,canonical,52.47389505477015,0.004238797514278454,7.822569837002469
E1,MO-lex-K,numpy_allgenes,2315.0107458643215,0.18700463887529833,333.7416958932024
E1,SO,canonical,65.37360764396118,0.005280825547472813,9.909683913453112
E1,SO,numpy_allgenes,2108.336164073341,0.17030963838704108,312.78897969083044
E2,Green,canonical,51.21101891498901,0.004136783432103717,7.661409734575611
E2,Green,numpy_allgenes,2232.5670686393596,0.18034490733213027,323.71825937084435
E2,Green-K,canonical,50.3811112281155,0.004069744180747814,7.652422940647001
E2,Green-K,numpy_allgenes,2250.0163593706593,0.18175444649632908,321.3563914347009
E2,MO-lex,canonical,65.65047487512525,0.005303190651683555,9.494087990538837
E2,MO-lex,numpy_allgenes,2243.747453811625,0.1812480495293582,327.9752784702714
E2,MO-lex-K,canonical,62.740201374979755,0.005068101183569719,9.4444711990065
E2,MO-lex-K,numpy_allgenes,2233.0253629145955,0.18038192796177194,326.19616783264746
E2,SO,canonical,76.71765987674422,0.006197188633460167,11.694861893751632
E2,SO,numpy_allgenes,2341.5892963614433,0.18915163203566374,337.88725622298654
E3,Green,canonical,228.376660603199,0.018448076329642585,33.61136698409556
E3,Green,numpy_allgenes,5257.3977594401185,0.42468820984277333,788.6150200151578
E3,Green-K,canonical,218.83200017093938,0.017677066613808343,32.94496942639634
E3,Green-K,numpy_allgenes,5377.041812029347,0.4343529567075539,783.2625766173933
E3,MO-lex,canonical,232.3165513385327,0.018766337420000556,35.340490544317674
E3,MO-lex,numpy_allgenes,5550.595181533562,0.44837245326829656,831.818604276719
E3,MO-lex-K,canonical,232.62220734205493,0.018791028057251746,35.3823721216793
E3,MO-lex-K,numpy_allgenes,5595.262715279655,0.4519806594213611,830.1612131132827
E3,SO,canonical,250.7651620193901,0.02025660081695798,38.43438182200737
E3,SO,numpy_allgenes,5802.332615265309,0.4687075933839523,847.6809267989743
