round,position,example,config,simulator,n_models,n_sims,work_s,pm_s,pm_J,pm_W,pm_samples,idle_W,idle_bracket_W,t_us,net_W,E_uJ,E_bracket_uJ,E_gross_uJ,CO2_ug,carbon_intensity_g_per_kWh,country
0,1,E1,MO-lex-K,numpy_allgenes,30,30240,10.00706312499824,10.007086833007634,68.35040018268538,6.830199569892473,93,0.12199718636363636,0.11356001590909091,330.9213996361852,6.708202383528838,2219.8929809974156,2222.6850278679026,2260.264556305733,0.17932110509415375,290.805,IRL
0,2,E3,MO-lex-K,canonical,29,282199,10.00046908398508,10.0004967910063,65.38591410948835,6.53826659574468,94,0.12199718636363636,0.11356001590909091,35.43764890727848,6.4162694093810435,227.37813258993478,227.67712690265688,231.70143802596166,0.018367416068837773,290.805,IRL
0,3,E2,MO-lex-K,canonical,30,1056570,10.000124291982502,10.000150999985635,65.45632241800321,6.54553340425532,94,0.12199718636363636,0.11356001590909091,9.464705880332113,6.423536217891684,60.7970433883164,60.87689893840591,61.95171395932424,0.004911134500705376,290.805,IRL
0,4,E3,Green-K,numpy_allgenes,29,12876,10.01313491698238,10.013141375005944,66.98462424486968,6.689671276595744,94,0.12199718636363636,0.11356001590909091,777.6588161682495,6.567674090232108,5107.412952039269,5113.974196258467,5202.285200750985,0.4125725620882721,290.805,IRL
0,5,E1,MO-lex-K,canonical,30,1272960,10.000227792013902,10.000250459008384,65.71724697025758,6.57156010638298,94,0.12199718636363636,0.11356001590909091,7.8558853318359585,6.449562920019344,50.66714158443854,50.7334231782913,51.625539663663886,0.004092849474572958,290.805,IRL
0,6,E2,MO-lex,numpy_allgenes,30,29640,10.0025277910172,10.002539833978515,70.76937801642461,7.075140833333331,84,0.12199718636363636,0.11356001590909091,337.46719942703106,6.953143646969697,2346.4607388727745,2349.308010585246,2387.6308372612893,0.18954514310219367,290.805,IRL
0,7,E3,MO-lex-K,numpy_allgenes,29,11977,10.009240666986445,10.00924766701064,75.86304994457254,7.579295913978496,93,0.12199718636363636,0.11356001590909091,835.705157133376,7.45729872761486,6232.107363411576,6239.158355203204,6334.061112513362,0.5034244393935843,290.805,IRL
0,8,E3,MO-lex,canonical,29,279473,10.00029395800084,10.000300542014884,75.31421720407376,7.531195376344086,93,0.12199718636363636,0.11356001590909091,35.78268368679923,7.409198189980451,265.12116975578033,265.42307455613553,269.4865593602021,0.021416267158563807,290.805,IRL
0,9,E1,Green,canonical,30,1279530,10.000144082994666,10.00015983398771,67.45114367269332,6.745006559139784,93,0.12199718636363636,0.11356001590909091,7.815482312251112,6.623009372776149,51.76209413594068,51.828034796255054,52.71556248989342,0.004181298829222841,290.805,IRL
0,10,E2,MO-lex-K,numpy_allgenes,30,30780,10.000950499990722,10.000970624998445,68.32148355763691,6.831485274725275,91,0.12199718636363636,0.11356001590909091,324.91717024011444,6.709488088361639,2180.0322703210436,2182.773657386476,2219.6713306574698,0.1761011901029753,290.805,IRL
0,11,E2,Green-K,canonical,30,1299600,10.000198833004106,10.000219291978285,66.37937389407128,6.63779182795699,93,0.12199718636363636,0.11356001590909091,7.694828280243233,6.515794641593352,50.138023451393174,50.202946162034344,51.076772771676886,0.004050107752717331,290.805,IRL
0,12,E3,Green-K,canonical,29,303456,10.00013533301535,10.000164875003977,65.76887359376319,6.576778924731183,93,0.12199718636363636,0.11356001590909091,32.95415260537063,6.454781738367546,212.7124908251616,212.99053144925196,216.73281659866072,0.017182737748447533,290.805,IRL
0,13,E1,SO,numpy_allgenes,30,31860,10.00151633299538,10.001542707992485,68.16380008341133,6.815328602150538,93,0.12199718636363636,0.11356001590909091,313.9207888573565,6.693331415786902,2101.18141913812,2103.830029327566,2139.478973113978,0.1697316840534614,290.805,IRL
0,14,E2,Green,numpy_allgenes,30,30600,10.002628165995702,10.002638624981046,69.07853764468446,6.906031521739131,92,0.12199718636363636,0.11356001590909091,326.8832733985524,6.784034335375495,2217.5896691576645,2220.347641937867,2257.4685504798845,0.17913504548316517,290.805,IRL
0,15,E3,Green,canonical,30,297480,10.00038479201612,10.000404791993788,66.14023203397842,6.613755483870968,93,0.12199718636363636,0.11356001590909091,33.61699876299624,6.4917582975073325,218.23386710655424,218.5175000225301,222.33505457166336,0.01762874992331153,290.805,IRL
0,16,E1,Green-K,numpy_allgenes,30,29640,10.0047432090214,10.00477533301455,70.17314345656138,7.013964943820225,89,0.12199718636363636,0.11356001590909091,337.5419436242038,6.89196775745659,2326.335661799369,2329.183569857536,2367.5149614224483,0.18791945614710154,290.805,IRL
0,17,E1,Green-K,canonical,30,1281990,10.000062540988438,10.000089665991254,66.21281627910226,6.621222258064518,93,0.12199718636363636,0.11356001590909091,7.8004216421254755,6.499225071700882,50.69683342028193,50.76264708581187,51.64846549435039,0.004095247956329191,290.805,IRL
0,18,E2,Green-K,numpy_allgenes,30,31500,10.004035833000671,10.00404620799236,69.48861945451992,6.946051428571429,91,0.12199718636363636,0.11356001590909091,317.5884391428784,6.824054242207793,2167.2429830124775,2169.9225335868264,2205.9879191911086,0.17506808213192876,290.805,IRL
0,19,E2,SO,numpy_allgenes,30,32430,10.006456332979724,10.006479417002993,84.14649424522027,8.409200752688172,93,0.12199718636363636,0.11356001590909091,308.5555452661031,8.287203566324536,2557.0685140592122,2559.671855794987,2594.711509257486,0.2065578636752748,290.805,IRL
0,20,E3,SO,numpy_allgenes,29,11832,10.018264167010784,10.018282792007083,71.99132412715805,7.18599440860215,93,0.12199718636363636,0.11356001590909091,846.7092771307289,7.063997222238515,5981.163101279408,5988.306945057128,6084.459442795643,0.4831533710187662,290.805,IRL
0,21,E3,MO-lex,numpy_allgenes,29,12006,10.001507000008132,10.001534583017929,67.04744547294975,6.703715806451615,93,0.12199718636363636,0.11356001590909091,833.0423954696096,6.581718620087979,5482.865766658583,5489.894306728877,5584.494875308158,0.4429013275758748,290.805,IRL
0,22,E1,Green,numpy_allgenes,30,29730,10.000498791981954,10.000518542015923,71.98014894628639,7.197641666666666,90,0.12199718636363636,0.11356001590909091,336.37735593615724,7.075644480303031,2380.091282273228,2382.929360967235,2421.1284542982307,0.19226179037262947,290.805,IRL
0,23,E3,Green,numpy_allgenes,30,12570,10.00257062498713,10.002578791987617,69.44669133676169,6.9428787096774185,93,0.12199718636363636,0.11356001590909091,795.7494530618242,6.820881523313782,5427.717173250487,5434.431052506892,5524.796446838638,0.43844647015752997,290.805,IRL
0,24,E2,MO-lex,canonical,30,1051740,10.000147999991896,10.00015654199524,67.39476682256858,6.739371182795698,93,0.12199718636363636,0.11356001590909091,9.508194040344472,6.61737399643206,62.91932974047698,62.999552062835114,64.07930365163308,0.005082571023660947,290.805,IRL
0,25,E2,SO,canonical,30,854370,10.000018499995347,10.000026083987905,66.44418944152358,6.644401612903227,93,0.12199718636363636,0.11356001590909091,11.704552477258503,6.522404426539591,76.34188278581186,76.44063616505096,77.76980633861626,0.0061668336732022275,290.805,IRL
0,26,E3,SO,canonical,29,259492,10.000163332995726,10.0001727079798,67.26231111608988,6.72611494623656,93,0.12199718636363636,0.11356001590909091,38.537462939110746,6.604117759872925,254.50618201164548,254.83132946016843,259.20764846735113,0.02055879729441571,290.805,IRL
0,27,E1,SO,canonical,30,1008720,10.00016404199414,10.00017874999321,69.46443520292463,6.946319354838711,93,0.12199718636363636,0.11356001590909091,9.913716434683698,6.824322168475076,67.65449434163298,67.7381381800516,68.86394163189452,0.005465073674171828,290.805,IRL
0,28,E1,MO-lex,canonical,30,1286640,10.000212999992073,10.000228124990826,73.10001056663556,7.309834301075268,93,0.12199718636363636,0.11356001590909091,7.772347354343152,7.187837114711632,55.8664512780515,55.93202799669454,56.81465722085087,0.004512845378864936,290.805,IRL
0,29,E2,Green,canonical,30,1306590,10.00016749999486,10.000181167008122,66.1220720856436,6.612087419354839,93,0.12199718636363636,0.11356001590909091,7.653638478784363,6.490090232991203,49.6728722247545,49.737447365450805,50.606595860708865,0.004012533224255481,290.805,IRL
0,30,E1,MO-lex,numpy_allgenes,30,31560,10.000726750004103,10.000753542000894,69.53307182290582,6.952783260869565,92,0.12199718636363636,0.11356001590909091,316.8798083017777,6.830786074505929,2164.543980648465,2167.2175567672152,2203.2025292428966,0.17485005897013245,290.805,IRL
1,1,E2,Green,numpy_allgenes,30,30720,10.00732745800633,10.00735070797964,71.92432841700017,7.187149777777779,90,0.12199718636363636,0.13809796420454545,325.75935735697686,7.065152591414143,2301.544914963298,2296.299923735263,2341.2867323242244,0.1859168802766394,290.805,IRL
1,2,E2,MO-lex-K,numpy_allgenes,30,31140,10.01041670900304,10.010433666000608,69.04612877926155,6.8974163440860226,93,0.12199718636363636,0.13809796420454545,321.46489110478615,6.775419157722386,2178.063071218037,2172.8872276551774,2217.280949879947,0.17594211984043368,290.805,IRL
1,3,E1,Green-K,numpy_allgenes,30,30900,10.002835833001882,10.002850208024029,74.59107242775859,7.456981847826088,92,0.12199718636363636,0.13809796420454545,323.7163700000609,7.334984661462452,2374.4580209308333,2369.2459280837365,2413.9505640051325,0.1918067402157753,290.805,IRL
1,4,E2,Green-K,numpy_allgenes,30,32280,10.005835292016856,10.005853999988176,75.03945293283047,7.499555053763442,93,0.12199718636363636,0.13809796420454545,309.9701143747477,7.377557867399806,2286.8267316501415,2281.8359623700185,2324.6422841645126,0.18472795769375538,290.805,IRL
1,5,E2,Green-K,canonical,30,1287330,10.00023258299916,10.000241457979428,69.6948161296488,6.969313333333334,93,0.12199718636363636,0.13809796420454545,7.7681966418860435,6.847316146969698,53.19134550489643,53.06627138554057,54.13904447938664,0.00429675256376428,290.805,IRL
1,6,E2,MO-lex-K,canonical,30,1050600,10.00013212498743,10.00016450000112,71.04552351835473,7.104435483870968,93,0.12199718636363636,0.13809796420454545,9.51849621643578,6.982438297507332,66.46252768530466,66.30927199618695,67.623761201556,0.005368787600979173,290.805,IRL
1,7,E1,MO-lex,canonical,30,1281330,10.00021787500009,10.000239459011937,66.61315206300931,6.66115569892473,93,0.12199718636363636,0.13809796420454545,7.804560788399623,6.539158512561093,51.03537026842987,50.90971049781227,51.98750678046195,0.004122594680808542,290.805,IRL
1,8,E1,SO,numpy_allgenes,30,31620,10.000808125012554,10.000823040987598,67.95624638075901,6.795065376344088,93,0.12199718636363636,0.13809796420454545,316.2810918726298,6.673068189980452,2110.568441127068,2105.476061936392,2149.1539019847887,0.17048995986721027,290.805,IRL
1,9,E1,Green-K,canonical,30,1282320,10.000222040980589,10.000228542019611,68.0683792688487,6.806682365591401,93,0.12199718636363636,0.13809796420454545,7.798538618270469,6.684685179227766,52.13080941085609,52.005246791452684,53.08220979852822,0.00421108334186778,290.805,IRL
1,10,E1,Green,canonical,30,1276920,10.000179750000823,10.00020358301117,74.79700227878776,7.479547956989248,93,0.12199718636363636,0.13809796420454545,7.831484940325802,7.357550770625612,57.62068538248038,57.4945920827796,58.57610678725978,0.004654550947958947,290.805,IRL
1,11,E3,Green,canonical,30,297570,10.000058625009842,10.000066791981226,68.41890536746877,6.841844838709675,93,0.12199718636363636,0.13809796420454545,33.60573520519488,6.719847652346039,225.82560525388521,225.2845263352713,229.9254137428799,0.01824200420440447,290.805,IRL
1,12,E3,SO,canonical,29,259637,10.00037287498708,10.000379583012544,65.80927318221745,6.580677526881721,93,0.12199718636363636,0.13809796420454545,38.51674790182863,6.458680340518086,248.7675293217899,248.14737930468584,253.46646734563046,0.020095233712339754,290.805,IRL
1,13,E1,SO,canonical,30,1006830,10.000206917000469,10.00022991700098,65.8096560518408,6.58081430107527,93,0.12199718636363636,0.13809796420454545,9.932368837838036,6.458817114711634,64.15150138452094,63.99158215262316,65.36322522356386,0.005182104822257115,290.805,IRL
1,14,E3,SO,numpy_allgenes,29,11803,10.0109966659802,10.01100425000186,66.77226807283903,6.669887096774193,93,0.12199718636363636,0.13809796420454545,848.1739105295433,6.547889910410558,5553.753598378751,5540.0973283293,5657.228507399731,0.44862758754903687,290.805,IRL
1,15,E2,MO-lex,numpy_allgenes,30,30540,10.01038870899356,10.010399625025457,68.62687215241732,6.855557692307693,91,0.12199718636363636,0.13809796420454545,327.77959099520496,6.733560505944057,2207.1261153827318,2201.8486032523692,2247.114346837502,0.17828980832885424,290.805,IRL
1,16,E1,MO-lex-K,canonical,30,1274730,10.000114583002867,10.000149583996972,68.85803106581285,6.8857001075268816,93,0.12199718636363636,0.13809796420454545,7.844888394407339,6.763702921163246,53.06068026433027,52.93437101701688,54.01773792553157,0.004286197534519046,290.805,IRL
1,17,E1,MO-lex,numpy_allgenes,30,29520,10.009253166004784,10.00926791600068,70.02463593070067,6.995979777777777,90,0.12199718636363636,0.13809796420454545,339.06684166682874,6.8739825914141415,2330.743001605311,2325.283753669482,2372.1082632351176,0.18827547738384237,290.805,IRL
1,18,E3,MO-lex-K,numpy_allgenes,29,12064,10.015238749998389,10.01525599998422,67.29759669081527,6.719508387096775,93,0.12199718636363636,0.13809796420454545,830.175625828779,6.597511200733139,5477.102423583029,5463.735927240558,5578.381688562274,0.44243576952501745,290.805,IRL
1,19,E3,Green,numpy_allgenes,30,12630,10.012259749986695,10.012292415980482,73.08450886597073,7.29947806451613,93,0.12199718636363636,0.13809796420454545,792.736322247561,7.177480878152493,5689.868358049972,5677.104644996296,5786.580274423653,0.4596228244063117,290.805,IRL
1,20,E3,MO-lex,canonical,29,280546,10.00073720799992,10.000755332992412,67.54896847775952,6.754386666666667,93,0.12199718636363636,0.13809796420454545,35.64740615799163,6.632389480303031,236.42791009539724,235.85395808803375,240.77680122960052,0.019098449554247776,290.805,IRL
1,21,E3,Green-K,numpy_allgenes,29,12702,10.015599874983309,10.015609416994266,70.95556876048713,7.084498387096772,93,0.12199718636363636,0.13809796420454545,788.5057372841528,6.962501200733136,5489.977373003991,5477.281805206451,5586.172946031107,0.4434757972101182,290.805,IRL
1,22,E3,Green-K,canonical,29,303630,10.000388208020013,10.000427082995884,65.62614137088701,6.562333870967741,93,0.12199718636363636,0.13809796420454545,32.936100543490475,6.440336684604104,212.12040116038204,211.59010226113782,216.1385283762705,0.017134909238734695,290.805,IRL
1,23,E2,Green,canonical,30,1298610,10.00000837497646,10.000016750011127,70.04476141087828,7.00446440860215,93,0.12199718636363636,0.13809796420454545,7.70054779724202,6.882467222238513,52.998812194413794,52.87482728123947,53.93825814592394,0.004281199883387918,290.805,IRL
1,24,E2,MO-lex,canonical,30,1055190,10.00026733300183,10.000274416990578,66.79016289278228,6.678833010752689,93,0.12199718636363636,0.13809796420454545,9.477219584152456,6.556835824389053,62.14061690410748,61.9880261889414,63.296811846949154,0.0050196672496663815,290.805,IRL
1,25,E1,MO-lex-K,numpy_allgenes,30,30930,10.00300441699801,10.003013209003257,69.46303188524223,6.944210752688172,93,0.12199718636363636,0.13809796420454545,323.40783760097025,6.822213566324536,2206.359276384919,2201.1521540629715,2245.8141572984878,0.17822786371364346,290.805,IRL
1,26,E2,SO,numpy_allgenes,30,30360,10.003094124986092,10.003104125004027,68.96584637890173,6.894444516129033,93,0.12199718636363636,0.13809796420454545,329.4826786886064,6.772447329765398,2231.406318206481,2226.1013854911916,2271.6023181456435,0.18025114287945437,290.805,IRL
1,27,E3,MO-lex-K,canonical,29,280720,10.000707415980289,10.00072712500696,68.85848822926764,6.885348172043011,93,0.12199718636363636,0.13809796420454545,35.62520453113525,6.763350985679375,240.94623702773688,240.3726423936271,245.29242030944587,0.01946343623856973,290.805,IRL
1,28,E2,SO,canonical,30,849420,10.00033258300391,10.00036116602132,66.57928732648607,6.657688279569895,93,0.12199718636363636,0.13809796420454545,11.773130586757917,6.5356910932062595,76.94576464129794,76.7562075394367,78.38205755278433,0.006215614746253513,290.805,IRL
1,29,E3,MO-lex,numpy_allgenes,29,12064,10.01290654100012,10.012921708985232,66.80874163591642,6.672252473118279,93,0.12199718636363636,0.13809796420454545,829.9823061173839,6.550255286754643,5436.604224149606,5423.240843183526,5537.859883613762,0.4391643587232851,290.805,IRL
1,30,E1,Green,numpy_allgenes,30,28200,10.002971333015012,10.002981958008604,73.41543644230771,7.33935507936508,63,0.12199718636363636,0.13809796420454545,354.71529549698624,7.217357893001445,2560.1099570278175,2554.3987587919123,2603.3842710038193,0.20680354890374292,290.805,IRL
2,1,E3,MO-lex,numpy_allgenes,29,12064,10.023428084008629,10.023452791007005,66.56996090157449,6.641420106382979,94,0.12199718636363636,0.28671033125,830.8544499344023,6.519422920019341,5416.704895840758,5279.851909117717,5518.067050859954,0.4375569075652699,290.805,IRL
2,2,E3,MO-lex-K,canonical,29,283098,10.00030537499697,10.000315499986757,65.58815221955452,6.5586082978723415,94,0.12199718636363636,0.28671033125,35.32453558483977,6.436611111508704,227.37052845942915,221.5521072206402,231.68002677360673,0.018366801813512305,290.805,IRL
2,3,E3,Green,canonical,30,297750,10.000130291009556,10.000159750023158,65.69108876023306,6.569003936170213,94,0.12199718636363636,0.28671033125,33.58566008735367,6.447006749806577,216.52761513868464,210.99559914609907,220.6249832417567,0.017490920311223665,290.805,IRL
2,4,E3,SO,numpy_allgenes,29,11832,10.00496804199065,10.004988959000912,66.7779901422986,6.674469148936171,94,0.12199718636363636,0.28671033125,845.5855343129354,6.552471962572535,5540.687089224243,5401.407745411668,5643.846360910971,0.4475720858282934,290.805,IRL
2,5,E3,Green-K,numpy_allgenes,29,12847,10.017913584015332,10.017939624987775,67.0093928122127,6.688939574468085,94,0.12199718636363636,0.28671033125,779.7862212201551,6.566942388104449,5120.824501035526,4992.38312632443,5215.956473278797,0.4136559358398989,290.805,IRL
2,6,E1,Green,numpy_allgenes,30,29370,10.000085290987045,10.000090290996011,69.74860650561506,6.974797674418605,86,0.12199718636363636,0.28671033125,340.4863905681663,6.85280048805497,2333.2864700963987,2277.2038578738056,2374.824872509876,0.18848093664899535,290.805,IRL
2,7,E2,Green,canonical,30,1307100,10.000107334024506,10.00012137502199,66.19881943601106,6.619801595744681,94,0.12199718636363636,0.28671033125,7.650606177051875,6.497804409381045,49.7122123517432,48.452055178669035,50.645566089825614,0.004015711086930189,290.805,IRL
2,8,E1,SO,canonical,30,1009530,10.000052249990404,10.000073458999395,65.86076997328495,6.586028617021275,94,0.12199718636363636,0.28671033125,9.905651392222524,6.464031430657639,64.03057774197632,62.39898328859063,65.23904190394039,0.0051723367111820625,290.805,IRL
2,9,E2,SO,numpy_allgenes,30,28830,10.001985082984902,10.00199783302378,68.37187008260037,6.835821325301203,83,0.12199718636363636,0.28671033125,346.9297635443948,6.713824138937565,2329.2283901823203,2272.084424930015,2371.552899153672,0.18815312833526934,290.805,IRL
2,10,E3,MO-lex,canonical,29,283098,10.000246208015596,10.00027400002,65.81105423744054,6.580925106382979,94,0.12199718636363636,0.28671033125,35.32432658660816,6.458927920019343,228.15791332532433,222.33951623220244,232.4673937556625,0.018430406106825264,290.805,IRL
2,11,E2,MO-lex,canonical,30,1059750,10.000051332986914,10.000079958001152,66.08131347513216,6.6080785106382995,94,0.12199718636363636,0.28671033125,9.436236218907208,6.4860813242746636,61.20437070709566,59.650094114505464,62.355568270943294,0.004944038062076932,290.805,IRL
2,12,E1,Green-K,canonical,30,1284690,10.00011908300803,10.000136082991958,66.83489141171596,6.683398191489362,94,0.12199718636363636,0.28671033125,7.784071708356125,6.561401005125726,51.07450275656966,49.79236164585718,52.02413921780037,0.004125755770590067,290.805,IRL
2,13,E2,SO,canonical,30,852270,10.000145750003869,10.0001652079809,67.43471831227953,6.743360425531915,94,0.12199718636363636,0.28671033125,11.733541894005267,6.6213632391682795,77.69219413300283,75.75952178645805,79.12365601544056,0.006275910698568857,290.805,IRL
2,14,E1,Green-K,numpy_allgenes,30,30120,10.004806165990884,10.00482104200637,71.25907796383939,7.12247402173913,92,0.12199718636363636,0.28671033125,332.1648793489669,7.000476835375495,2325.3160008845584,2270.6039976357492,2365.8392418273365,0.18783708878812058,290.805,IRL
2,15,E1,Green,canonical,30,1283940,10.000095958006568,10.000125749997096,66.90177532177934,6.690093404255318,94,0.12199718636363636,0.28671033125,7.788600680722283,6.568096217891682,51.15643107699514,49.87354234267646,52.10662127652331,0.004132373872040437,290.805,IRL
2,16,E1,MO-lex,numpy_allgenes,30,28710,10.0014232499816,10.001437208004065,70.63793556549533,7.062778488372092,86,0.12199718636363636,0.28671033125,348.36026645703936,6.940781302008454,2417.8957982071142,2360.516203086465,2460.394829867479,0.19531560766600553,290.805,IRL
2,17,E1,SO,numpy_allgenes,30,32100,10.006745582999429,10.0067638749897,68.43056493113929,6.838431063829786,94,0.12199718636363636,0.28671033125,311.7366225233467,6.716433877466151,2093.762239681784,2042.4150263489237,2131.793300035492,0.16913236891962813,290.805,IRL
2,18,E1,MO-lex-K,canonical,30,1280400,10.00011620798614,10.000121999997646,67.17505144050716,6.717423191489361,94,0.12199718636363636,0.28671033125,7.810150115578054,6.595426005125725,51.511297011257696,50.224861878590616,52.46411390230175,0.004161039646488554,290.805,IRL
2,19,E1,MO-lex-K,numpy_allgenes,30,29760,10.00910166700487,10.009114749991568,70.26332605549118,7.0199341111111115,90,0.12199718636363636,0.28671033125,336.32734096118514,6.897936924747476,2319.9678164651023,2264.5702100135027,2360.9988593915045,0.18740506690753725,290.805,IRL
2,20,E2,Green,numpy_allgenes,30,31350,10.010160708014157,10.010188499989454,68.78214672481833,6.8712139361702125,94,0.12199718636363636,0.28671033125,319.3033718664803,6.7492167498065765,2155.053648894737,2102.460040322533,2194.0078700101544,0.1740834378796761,290.805,IRL
2,21,E3,MO-lex-K,numpy_allgenes,29,12064,10.006888083007652,10.0068974159949,67.00319048022193,6.695700744680852,94,0.12199718636363636,0.28671033125,829.483428631271,6.573703558317215,5452.783251926476,5316.156300339628,5553.977990734576,0.44047128710457745,290.805,IRL
2,22,E2,MO-lex,numpy_allgenes,30,30420,10.011649499996564,10.011657124996418,68.95524431099969,6.887495591397848,93,0.12199718636363636,0.28671033125,329.1140532543249,6.765498405034212,2226.6222981891083,2172.4128461647124,2266.7733172583726,0.17986469372913433,290.805,IRL
2,23,E2,MO-lex-K,canonical,30,1058610,10.000145333004184,10.00016733299708,66.23276572098271,6.62316574468085,94,0.12199718636363636,0.28671033125,9.446486744886393,6.501168558317214,61.413337719454304,59.857373756514384,62.56578505869273,0.0049609182431960865,290.805,IRL
2,24,E2,MO-lex-K,numpy_allgenes,30,30570,10.004058834019816,10.004079250007637,68.75457676385122,6.87265414893617,94,0.12199718636363636,0.28671033125,327.2508614334254,6.750656962572533,2209.1628146284406,2155.260186072302,2249.0865804334717,0.17845433119667325,290.805,IRL
2,25,E2,Green-K,numpy_allgenes,30,30390,10.00278741598595,10.00281541698496,69.84023102926234,6.982057362637362,91,0.12199718636363636,0.28671033125,329.1473318850263,6.860060176273724,2257.976824372339,2203.7617804417896,2298.131985168224,0.18239748622544388,290.805,IRL
2,26,E3,SO,canonical,29,260188,10.0001073750027,10.000119042000732,65.80096840495133,6.580018510638297,94,0.12199718636363636,0.28671033125,38.43416058773926,6.458021324274662,248.20891823806562,241.87829939074774,252.89778316045064,0.02005010957450574,290.805,IRL
2,27,E3,Green,numpy_allgenes,30,12720,10.00870050000958,10.008724874991458,67.01463974264962,6.6956221276595755,94,0.12199718636363636,0.28671033125,786.8475235856588,6.5736249412959395,5172.453102894097,5042.848657103043,5268.446520648556,0.41782645127419943,290.805,IRL
2,28,E3,Green-K,canonical,29,303456,10.00003995798761,10.00008191697998,65.89496989479807,6.589443010752688,93,0.12199718636363636,0.28671033125,32.953838309302206,6.467445824389052,213.12805822761993,207.7001051086602,217.14835064984072,0.017216306936911948,290.805,IRL
2,29,E1,MO-lex,canonical,30,1284720,10.00009470799705,10.000102207995951,66.75783763065499,6.675715531914893,94,0.12199718636363636,0.28671033125,7.7838709664339705,6.553718345551257,51.01333621172761,49.73122938388646,51.962947280851076,0.004120814788069847,290.805,IRL
2,30,E2,Green-K,canonical,30,1310280,10.000147999991896,10.00015712500317,68.26092307055761,6.82598505376344,93,0.12199718636363636,0.28671033125,7.632069481326049,6.703987867399804,51.1653478936662,49.90824458031558,52.09643974612877,0.004133094165060444,290.805,IRL
3,1,E1,SO,numpy_allgenes,30,31140,10.007704791001744,10.007713166996837,69.57058626396801,6.951696666666665,93,0.12199718636363636,0.3451913465909091,321.37780317924677,6.82969948030303,2194.915652397562,2123.185943466821,2234.1228729597947,0.17730345730429808,290.805,IRL
3,2,E1,Green,numpy_allgenes,30,29130,10.004454999987502,10.004473332985071,70.13923301394888,7.010787142857142,91,0.12199718636363636,0.3451913465909091,343.4416409195847,6.888789956493507,2365.901662076027,2289.247352976414,2407.8006527273906,0.19111556467778307,290.805,IRL
3,3,E2,Green-K,canonical,30,1307610,10.000057791010477,10.000081833975855,66.2453625378111,6.624482043010754,93,0.12199718636363636,0.3451913465909091,7.647584364612137,6.5024848566471185,49.72842108171392,48.02152080782626,50.661407099831834,0.004017020414629949,290.805,IRL
3,4,E3,Green,canonical,30,296220,10.000279708008748,10.000293874996714,76.70253359933311,7.6700279569892444,93,0.12199718636363636,0.3451913465909091,33.759637121088204,7.548030770625609,254.81914078648975,247.28417625520953,258.9377273625451,0.020584077843448654,290.805,IRL
3,5,E3,MO-lex,numpy_allgenes,29,12064,10.021451999986311,10.02146095901844,75.56886513611668,7.540703440860216,93,0.12199718636363636,0.3451913465909091,830.6906498662394,7.418706254496582,6162.65542903377,5977.249961278588,6263.9974416542345,0.49781417001115713,290.805,IRL
3,6,E3,MO-lex-K,canonical,29,283069,10.000701709010173,10.000706999999238,74.42477651347207,7.441951505376343,93,0.12199718636363636,0.3451913465909091,35.32955466338657,7.319954319012708,258.61086306810364,250.72550861196814,262.9209716128296,0.020890370009588856,290.805,IRL
3,7,E1,Green-K,canonical,30,1281480,10.000018416001694,10.000026041991076,79.2887763756961,7.928856989247313,93,0.12199718636363636,0.3451913465909091,7.8034916003384325,7.806859802883679,60.920811354847594,59.17911627205812,61.87281609989708,0.004921132373901793,290.805,IRL
3,8,E1,MO-lex,numpy_allgenes,30,30360,10.006420457997592,10.006428874999983,80.61739697162372,8.056560235294118,85,0.12199718636363636,0.3451913465909091,329.59224169952546,7.934563048930482,2615.172621980431,2541.609496498561,2655.3819819375403,0.2112514650930609,290.805,IRL
3,9,E3,Green-K,canonical,29,304268,10.000925457978155,10.00093266699696,76.32882472528878,7.632170645161288,93,0.12199718636363636,0.3451913465909091,32.868804665551934,7.510173458797651,246.85060236010023,239.514471816961,250.86050693891167,0.019940385949813597,290.805,IRL
3,10,E3,MO-lex,canonical,29,282779,10.000699625001287,10.000705040991306,81.16368325927064,8.115796129032258,93,0.12199718636363636,0.3451913465909091,35.36577901824848,7.993798942668622,282.7070800258048,274.81364040226595,287.0216078961685,0.02283684233525116,290.805,IRL
3,11,E1,MO-lex,canonical,30,1287240,10.000027959002182,10.00003395898966,74.68365039146343,7.468339677419354,93,0.12199718636363636,0.3451913465909091,7.768580807776469,7.34634249105572,57.070689525594204,55.33678661570878,58.0184350948257,0.004610122740969561,290.805,IRL
3,12,E1,MO-lex-K,numpy_allgenes,30,29520,10.00858141601202,10.008607625000876,71.72200926619148,7.166032674418605,86,0.12199718636363636,0.3451913465909091,339.0440859082663,7.04403548805497,2388.244827118013,2312.5719689233533,2429.607359965836,0.1929204269305705,290.805,IRL
3,13,E2,MO-lex-K,numpy_allgenes,30,31050,10.006368542002749,10.00637341698166,70.8304811324633,7.078536666666667,93,0.12199718636363636,0.3451913465909091,322.2662976490418,6.956539480303031,2241.859314972227,2169.931324256487,2281.1749156993014,0.18109552724736067,290.805,IRL
3,14,E2,Green-K,numpy_allgenes,30,29520,10.008530916995367,10.00853779198951,76.56858475589107,7.650326785714285,84,0.12199718636363636,0.3451913465909091,339.04237523697043,7.528329599350649,2552.4245022240593,2476.752172021281,2593.786746473275,0.206182724269241,290.805,IRL
3,15,E2,MO-lex,numpy_allgenes,30,29280,10.002339333004784,10.002351333008846,74.61599911838198,7.459845853658536,82,0.12199718636363636,0.3451913465909091,341.6099498977044,7.3378486672949,2506.6851229075933,2430.4396855418468,2548.3606256278,0.2024879353242063,290.805,IRL
3,16,E1,MO-lex-K,canonical,30,1279770,10.000208582991036,10.000245125003858,67.62356833480159,6.762191075268818,93,0.12199718636363636,0.3451913465909091,7.814067045634009,6.6401938889051815,51.88710984521004,50.143049340008226,52.8404075222904,0.004191397494037863,290.805,IRL
3,17,E2,Green,canonical,30,1301190,10.000029250018995,10.000036999990698,70.57801812688251,7.05777569892473,93,0.12199718636363636,0.3451913465909091,7.6852951913394625,6.935778512561094,53.30354656072625,51.5882322250377,54.24113167706677,0.004305816071553332,290.805,IRL
3,18,E2,Green,numpy_allgenes,30,30780,10.011317541007884,10.011328041990057,74.88482956141848,7.480009569892474,93,0.12199718636363636,0.3451913465909091,325.25398118934,7.358012383528836,2393.2253316612196,2320.6304663236065,2432.9054438407566,0.19332274793715026,290.805,IRL
3,19,E2,MO-lex,canonical,30,1054860,10.000053750001824,10.000062000006436,77.45776303090213,7.745728279569894,93,0.12199718636363636,0.3451913465909091,9.4799819407332,7.623731093206259,72.27289270940165,70.1570143555802,73.42942478708277,0.005838144045654873,290.805,IRL
3,20,E3,SO,numpy_allgenes,29,11774,10.015742999996291,10.01575612500892,71.6760032588969,7.156324731182795,93,0.12199718636363636,0.3451913465909091,850.666128757966,7.03432754481916,5983.872022451286,5794.008061404698,6087.651032690411,0.4833721954135962,290.805,IRL
3,21,E1,Green-K,numpy_allgenes,30,29520,10.003548208012944,10.003557708027074,74.21901974528218,7.419262417582417,91,0.12199718636363636,0.3451913465909091,338.8735842822813,7.297265231218782,2472.852772739723,2397.218095845137,2514.194435815792,0.1997549862712709,290.805,IRL
3,22,E2,MO-lex-K,canonical,30,1061040,10.000172457977897,10.000196125009095,67.85587595861902,6.7854545161290325,93,0.12199718636363636,0.3451913465909091,9.424877910331276,6.663457329765397,62.802420425510235,60.698837736611196,63.95223173360008,0.005073127186622363,290.805,IRL
3,23,E2,SO,numpy_allgenes,30,29940,10.007244375010488,10.007252666022396,70.53819080584375,7.048706888888888,90,0.12199718636363636,0.3451913465909091,334.2432990985467,6.926709702525252,2315.2082210206754,2240.6070067596534,2355.984996855169,0.18702059075386598,290.805,IRL
3,24,E3,Green,numpy_allgenes,30,12540,10.001696207997156,10.00170274998527,68.29073912907485,6.827911290322582,93,0.12199718636363636,0.3451913465909091,797.583429664845,6.705914103958947,5348.529468479363,5170.513388246047,5445.832466433401,0.43204975335587253,290.805,IRL
3,25,E2,SO,canonical,30,857040,10.000009999988832,10.000018416001694,68.19017504117224,6.819004946236559,93,0.12199718636363636,0.3451913465909091,11.668078502740633,6.697007759872924,78.14127803933945,75.53702886471895,79.56475198493914,0.006312187322286142,290.805,IRL
3,26,E3,SO,canonical,29,253170,10.000125958002172,10.000148124992847,89.76541995310433,8.976409032258063,93,0.12199718636363636,0.3451913465909091,39.49964829167031,8.854411845894427,349.74692901463686,340.93081864253065,354.56578565037063,0.02825226547002819,290.805,IRL
3,27,E3,MO-lex-K,numpy_allgenes,29,11977,10.011861666978804,10.01188016598462,73.91559908171331,7.382789032258064,93,0.12199718636363636,0.3451913465909091,835.923993235268,7.260791845894429,6069.481328484035,5882.907630066817,6171.461892102639,0.4902876438138332,290.805,IRL
3,28,E3,Green-K,numpy_allgenes,29,12818,10.01003295899136,10.010050542012324,69.59870496858561,6.9528824731182794,93,0.12199718636363636,0.3451913465909091,780.9356341856264,6.830885286754642,5334.491103690303,5160.190524461329,5429.763221141021,0.4309157459468496,290.805,IRL
3,29,E1,Green,canonical,30,1285200,10.000052165996747,10.00006033401587,70.90403746737054,7.090360967741939,93,0.12199718636363636,0.3451913465909091,7.780930723620251,6.968363781378303,54.22040012694834,52.483740409804916,55.1696525578669,0.0043798787385881145,290.805,IRL
3,30,E1,SO,canonical,30,1009920,10.000079209014077,10.00008749999688,68.85490785149463,6.885430537634408,93,0.12199718636363636,0.3451913465909091,9.901852828950885,6.763433351270771,66.97057718740577,64.76053962823174,68.17857637386588,0.005409827416384315,290.805,IRL
4,1,E1,SO,numpy_allgenes,30,33030,10.005801334016724,10.0058079159935,68.75871883301068,6.871880752688171,93,0.12199718636363636,0.17440632591930538,302.93070947674005,6.749883566324535,2044.7483626994992,2028.8720144271254,2081.705081229509,0.16517306878189664,290.805,IRL
4,2,E2,MO-lex-K,numpy_allgenes,30,30480,10.000009750016034,10.000029584014555,69.89536501969613,6.989515824175825,91,0.12199718636363636,0.17440632591930538,328.0843093837281,6.867518637812189,2253.129578310145,2235.9349278498617,2293.155020331238,0.18200592972791158,290.805,IRL
4,3,E3,MO-lex,canonical,29,283504,10.00047208397882,10.000484374992084,67.59989464135609,6.759662043010751,93,0.12199718636363636,0.17440632591930538,35.274536105235974,6.637664856647116,234.14083640912844,232.29212605148533,238.44423585330748,0.018913701647765725,290.805,IRL
4,4,E1,SO,canonical,30,1008420,10.00015266702394,10.000167875026818,69.93681490497356,6.993564086021506,93,0.12199718636363636,0.17440632591930538,9.916654436667201,6.8715668996578705,68.14305801259025,67.62333389591029,69.35286379184622,0.005504539440375363,290.805,IRL
4,5,E2,SO,canonical,30,849900,10.000336249999236,10.000344665982992,74.08565446775435,7.408310107526882,93,0.12199718636363636,0.17440632591930538,11.766485763030046,7.286312921163248,85.73436940326842,85.1176974898618,87.16984876780133,0.006925550915088187,290.805,IRL
4,6,E2,MO-lex,canonical,30,1046730,10.000246124982368,10.000263624999208,87.6273713059939,8.762506129032259,93,0.12199718636363636,0.17440632591930538,9.553797182637709,8.640508942668621,82.54981445152941,82.04910728548272,83.71535286654047,0.006668305219882503,290.805,IRL
4,7,E3,Green,canonical,30,290910,10.000847042014357,10.000859584019054,111.09681555058138,11.108726666666668,93,0.12199718636363636,0.17440632591930538,34.377804276285985,10.986729480303032,377.70010938129747,375.8983959798486,381.89411003602964,0.03051030008573006,290.805,IRL
4,8,E2,Green-K,numpy_allgenes,30,32010,10.003458541992586,10.003477166988889,74.18668805897731,7.41609010752688,93,0.12199718636363636,0.17440632591930538,312.51041993103985,7.2940929211632435,2279.4842858716584,2263.1058531666704,2317.6097487965417,0.18413484104247432,290.805,IRL
4,9,E3,MO-lex-K,numpy_allgenes,29,12006,10.007468875002814,10.007481792010369,68.84451468685597,6.879304516129032,93,0.12199718636363636,0.17440632591930538,833.5389700985186,6.7573073297653945,5632.486262339279,5588.801145744386,5734.175802669996,0.454987546533215,290.805,IRL
4,10,E1,Green,numpy_allgenes,30,30300,10.007982667011674,10.008002665999811,72.61749545862797,7.255942857142855,91,0.12199718636363636,0.17440632591930538,330.296457657151,7.133945670779219,2356.3216928137367,2339.0111050778987,2396.6170118359064,0.19034170274408296,290.805,IRL
4,11,E2,MO-lex-K,canonical,30,1061040,10.000192750012502,10.000204292009585,68.06732386596384,6.806593333333335,93,0.12199718636363636,0.17440632591930538,9.424897034996325,6.6845961469696995,63.00170312078443,62.50775180667268,64.15151536790681,0.005089225076677698,290.805,IRL
4,12,E3,Green-K,numpy_allgenes,29,12731,10.00134016701486,10.001362874987535,68.11586487151679,6.810658279569892,93,0.12199718636363636,0.17440632591930538,785.5895190491602,6.688661093206256,5254.553981695592,5213.381817477376,5350.393910259743,0.4244584918463852,290.805,IRL
4,13,E3,Green,numpy_allgenes,30,12690,10.003275333001511,10.00328304199502,67.9184594145571,6.789616881720432,93,0.12199718636363636,0.17440632591930538,788.2801680852255,6.667619695356795,5255.95642466782,5214.643307491873,5352.1244613520175,0.42457178002097934,290.805,IRL
4,14,E3,Green-K,canonical,29,302383,10.000492333987497,10.000516708998475,69.00049093969473,6.89969258064516,93,0.12199718636363636,0.17440632591930538,33.07227037891514,6.7776953942815235,224.15432097377956,222.42102751538175,228.1890547408245,0.018106999252994433,290.805,IRL
4,15,E3,SO,canonical,29,259956,10.00012974999845,10.000137790979352,66.61826523878074,6.661734731182794,93,0.12199718636363636,0.17440632591930538,38.46854756188913,6.539737544819158,251.57440707286074,249.55830197406186,256.2674654125342,0.020321970958006464,290.805,IRL
4,16,E2,Green-K,canonical,30,1308180,10.000198124995222,10.000227041979088,66.7931820425921,6.679166559139785,93,0.12199718636363636,0.17440632591930538,7.644359434477841,6.5571693727761495,50.12550450280015,49.724869043894294,51.05809754207532,0.004049096482482444,290.805,IRL
4,17,E2,Green,canonical,30,1305360,10.000007624999853,10.00001825002255,67.51480278433492,6.751467956989246,93,0.12199718636363636,0.17440632591930538,7.660727787736604,6.62947077062561,50.786624911324964,50.38513233301348,51.72121313992685,0.004102501238149404,290.805,IRL
4,18,E1,Green-K,canonical,30,1285350,10.000042041996494,10.00007008301327,66.77228086021078,6.677181290322581,93,0.12199718636363636,0.17440632591930538,7.780014814639198,6.555184103958945,50.9995724484724,50.59182742295629,51.94871502719943,0.0041197029627438935,290.805,IRL
4,19,E1,Green,canonical,30,1284840,10.00019125000108,10.000206541008083,66.8997731239693,6.689839139784945,93,0.12199718636363636,0.17440632591930538,7.783219116778027,6.5678419534213095,51.11903121237747,50.71111877176759,52.06856349737656,0.004129352742143175,290.805,IRL
4,20,E2,MO-lex,numpy_allgenes,30,30540,10.008764333004365,10.008770666987402,72.35624912383288,7.229284347826086,92,0.12199718636363636,0.17440632591930538,327.7264025214265,7.10728716146245,2329.2471271611503,2312.0712575256944,2369.2288514680054,0.18815464189280506,290.805,IRL
4,21,E2,Green,numpy_allgenes,30,30600,10.01106920800521,10.011078333016483,78.0843306734486,7.799792197802197,91,0.12199718636363636,0.17440632591930538,327.1591244446147,7.677795011438563,2511.8629831488447,2494.716839310354,2551.7755122042026,0.20290619855961106,290.805,IRL
4,22,E1,Green-K,numpy_allgenes,30,27840,10.008174791990314,10.00818237499334,78.46288072682162,7.839873194444444,72,0.12199718636363636,0.17440632591930538,359.48903706861756,7.717876008080809,2774.4939165394508,2755.6533911518923,2818.350600819742,0.22412130649979306,290.805,IRL
4,23,E1,MO-lex,canonical,30,1285560,10.000143457989909,10.000173334003192,67.752679740309,6.775150537634408,93,0.12199718636363636,0.17440632591930538,7.778822814952168,6.653153351270773,51.75385569744855,51.34617306898884,52.702853029270514,0.004180633335026813,290.805,IRL
4,24,E1,MO-lex,numpy_allgenes,30,30480,10.002977791999,10.003013832989382,70.77853392992749,7.07572088888889,90,0.12199718636363636,0.17440632591930538,328.181686089206,6.953723702525254,2282.0929917042736,2264.8932099473695,2322.130378278461,0.18434557012571148,290.805,IRL
4,25,E1,MO-lex-K,numpy_allgenes,30,29190,10.011304124986054,10.011314333009068,71.9864169571894,7.190506117647061,85,0.12199718636363636,0.17440632591930538,342.9703365873948,7.068508931283425,2424.2913592586624,2406.31656069702,2466.1328179921006,0.19583223575811537,290.805,IRL
4,26,E3,MO-lex-K,canonical,29,282228,10.000027417001547,10.00003458300489,67.93610302775222,6.79358680851064,94,0.12199718636363636,0.17440632591930538,35.432442624408445,6.671589622147004,236.39088589752458,234.53390073651212,240.71354730130327,0.01909545877039712,290.805,IRL
4,27,E3,SO,numpy_allgenes,29,11832,10.01308783298009,10.013104790996294,67.44671544956495,6.735844361702127,94,0.12199718636363636,0.17440632591930538,846.2717911578846,6.613847175338491,5597.121774704121,5552.769323184778,5700.364726974725,0.4521308326924533,290.805,IRL
4,28,E3,MO-lex,numpy_allgenes,29,12035,10.022540499980096,10.022554374998435,67.47031134474945,6.731847872340426,94,0.12199718636363636,0.17440632591930538,832.7827586190358,6.60985068597679,5504.577308751399,5460.931820513461,5606.174602804275,0.4446551678531807,290.805,IRL
4,29,E2,SO,numpy_allgenes,30,29790,10.00612087501213,10.006137415999548,68.70940769257373,6.866726373626373,91,0.12199718636363636,0.17440632591930538,335.8885825784535,6.7447291872627355,2265.4812716164447,2247.8776109166015,2306.458801361992,0.18300368922011673,290.805,IRL
4,30,E1,MO-lex-K,canonical,30,1282500,10.000108582986286,10.000136874994496,66.66906358411077,6.666815106382978,94,0.12199718636363636,0.17440632591930538,7.797355620262211,6.544817920019343,51.03241717123602,50.62376331622052,51.98367530924817,0.004122356132078136,290.805,IRL
5,1,E2,MO-lex-K,canonical,30,1059060,10.000127084000267,10.000140541989822,65.88669831218009,6.5885772340425515,94,0.12199718636363636,0.06688301171475997,9.44245565312661,6.466580047678916,61.060477501573466,61.58089135191673,62.2124320738958,0.004932414488845853,290.805,IRL
5,2,E3,Green,canonical,30,297720,10.000646291009616,10.000672416994348,65.84291113410843,6.58384840425532,94,0.12199718636363636,0.06688301171475997,33.59077754604869,6.4618512178916845,217.05917384620008,218.9105066629287,221.15716490027015,0.017533859180651173,290.805,IRL
5,3,E3,SO,numpy_allgenes,29,11803,10.00776500001666,10.007780874992022,66.94682871449085,6.689477872340427,94,0.12199718636363636,0.06688301171475997,847.9001101429009,6.567480685976791,5568.576430229435,5615.307819112938,5672.018022069885,0.4498249635535752,290.805,IRL
5,4,E2,MO-lex-K,numpy_allgenes,30,29550,10.003534291987307,10.003547583008183,69.30271536674579,6.927813837209303,86,0.12199718636363636,0.06688301171475997,338.52907925506963,6.805816650845669,2303.969905514857,2322.627681101939,2345.269555558233,0.1861127689925689,290.805,IRL
5,5,E1,SO,canonical,30,1008510,10.000031833013054,10.000038250000216,66.26650346840768,6.626625,94,0.12199718636363636,0.06688301171475997,9.915649654453654,6.504627813636364,64.49765192053515,65.04414511803043,65.70733405559457,0.005210066574097563,290.805,IRL
5,6,E1,MO-lex-K,numpy_allgenes,30,29910,10.00900904199807,10.009014417009894,70.31477702428079,7.025144943820225,89,0.12199718636363636,0.06688301171475997,334.6375473753952,6.903147757456589,2310.0536752635408,2328.496957398018,2350.8785364186156,0.18660421084305945,290.805,IRL
5,7,E1,MO-lex,canonical,30,1284720,10.000211541977478,10.000224749994231,66.63627208460282,6.66347744680851,94,0.12199718636363636,0.06688301171475997,7.783961907635499,6.541480260444873,50.91870041884576,51.34770762150408,51.86832312457409,0.004113170187584011,290.805,IRL
5,8,E2,MO-lex,numpy_allgenes,30,30480,10.002651042013897,10.002673083014088,70.13169510779562,7.011295333333333,90,0.12199718636363636,0.06688301171475997,328.1709659453378,6.889298146969698,2260.872609434141,2278.959521220652,2300.9086321455256,0.18263140532958205,290.805,IRL
5,9,E3,MO-lex-K,numpy_allgenes,29,12093,10.016313250001986,10.01631916698534,67.17799815555975,6.706854787234044,94,0.12199718636363636,0.06688301171475997,828.273650045645,6.584857600870409,5454.067262008383,5499.716907580872,5555.114376545088,0.44057500836898555,290.805,IRL
5,10,E1,SO,numpy_allgenes,30,32010,10.000074334006058,10.00010191599722,68.40947485445383,6.840877765957446,94,0.12199718636363636,0.06688301171475997,312.40469647004244,6.71888057959381,2099.0156375305396,2116.2336120230366,2137.128236627736,0.16955673402001903,290.805,IRL
5,11,E1,MO-lex,numpy_allgenes,30,31290,10.00467125000432,10.004681000020357,69.47633325111552,6.94438265957447,94,0.12199718636363636,0.06688301171475997,319.74021252810223,6.822385473210833,2181.393107019728,2199.0153421089394,2220.400551329994,0.17621111735746448,290.805,IRL
5,12,E2,Green,numpy_allgenes,30,31470,10.000116375013022,10.000126124999952,70.2415816096989,7.0240695698924736,93,0.12199718636363636,0.06688301171475997,317.7666468068961,6.902072383528838,2193.250535721875,2210.763999266967,2232.0172103495042,0.17716895056683332,290.805,IRL
5,13,E3,Green-K,numpy_allgenes,29,12702,10.001637124980334,10.001647250028329,73.9262648602816,7.391408936170212,94,0.12199718636363636,0.06688301171475997,787.4064812612451,7.269411749806575,5723.987721364869,5767.385023625497,5820.0491938499135,0.4623789581420863,290.805,IRL
5,14,E2,SO,canonical,30,855810,10.000286459020572,10.000316124991514,66.19136049328758,6.61892680851064,94,0.12199718636363636,0.06688301171475997,11.685171310244764,6.496929622147005,75.91796083627406,76.56198131915784,77.34352308723616,0.006132589611386855,290.805,IRL
5,15,E3,MO-lex,numpy_allgenes,29,12093,10.016385875002015,10.016399790998548,67.29748043990342,6.718729468085105,94,0.12199718636363636,0.06688301171475997,828.2796555860427,6.596732281721468,5463.946733474595,5509.596746493207,5564.994661366362,0.44137306384113323,290.805,IRL
5,16,E3,MO-lex,canonical,29,283040,10.00093158299569,10.000952625006905,66.2446951405899,6.623838510638297,94,0.12199718636363636,0.06688301171475997,35.33398665558116,6.50184132427466,229.73645795429277,231.6838655632165,234.04711397890722,0.018557919626499476,290.805,IRL
5,17,E2,Green-K,numpy_allgenes,30,31170,10.003304082987595,10.003315749985632,69.57998591714988,6.9556922580645155,93,0.12199718636363636,0.06688301171475997,320.9273045552645,6.833695071700879,2193.12189738032,2210.8095615225266,2232.2741712271377,0.1771585592688011,290.805,IRL
5,18,E2,SO,numpy_allgenes,30,28530,10.008599041990236,10.008627584000353,69.25088374059207,6.919118846153847,78,0.12199718636363636,0.06688301171475997,350.8096404483083,6.79712165979021,2384.5026055374183,2403.8372444669712,2427.300516669894,0.19261813338980802,290.805,IRL
5,19,E1,Green-K,canonical,30,1284960,10.000139291980304,10.000157917005708,66.83435328376859,6.683329787234043,94,0.12199718636363636,0.06688301171475997,7.782451821053032,6.561332600870407,51.063349952295674,51.492274160017466,52.01278894577932,0.004124854856354818,290.805,IRL
5,20,E1,MO-lex-K,canonical,30,1282230,10.000219417008338,10.000229790981392,66.55127180625678,6.65497425531915,94,0.12199718636363636,0.06688301171475997,7.799083952963461,6.532977068955516,50.95128947908506,51.38113000007509,51.9027567645873,0.004115802704712592,290.805,IRL
5,21,E3,Green,numpy_allgenes,30,12690,10.003595834015869,10.003607499995269,67.51737470505718,6.749302659574469,94,0.12199718636363636,0.06688301171475997,788.30542427233,6.627305473210834,5224.346945356311,5267.793798853045,5320.518101265341,0.42201839262342833,290.805,IRL
5,22,E2,Green-K,canonical,30,1306530,10.000156583002536,10.000187541008929,66.6025437282511,6.660129468085107,94,0.12199718636363636,0.06688301171475997,7.653981602414438,6.53813228172147,50.04289911838176,50.46474330309752,50.97666622905797,0.004042423688366947,290.805,IRL
5,23,E2,MO-lex,canonical,30,1059750,10.00000329100294,10.000013208016751,66.48005057280365,6.6479962765957445,94,0.12199718636363636,0.06688301171475997,9.436190885588998,6.52599909023211,61.58063420412965,62.10070259237,62.73182408379679,0.004974432313814423,290.805,IRL
5,24,E3,Green-K,canonical,29,303804,10.00044400000479,10.00047512500896,69.22357700104683,6.9220288172043025,93,0.12199718636363636,0.06688301171475997,32.91742044214293,6.800031630840668,223.8401968818587,225.65441898759627,227.85604205687494,0.018081624570619143,290.805,IRL
5,25,E1,Green,numpy_allgenes,30,29700,10.0088299580093,10.008849374979036,72.35078469815328,7.22868153846154,91,0.12199718636363636,0.06688301171475997,336.99764168381483,7.106684352097903,2394.9405129854676,2413.5138958974844,2436.0533568401775,0.19346129885520527,290.805,IRL
5,26,E1,Green-K,numpy_allgenes,30,30810,10.003658250003356,10.003686042007756,70.10539117060065,7.007955955056181,89,0.12199718636363636,0.06688301171475997,324.68868062328323,6.885958768692546,2235.7990788773295,2253.6940772431763,2275.4102944044353,0.1806059864258116,290.805,IRL
5,27,E3,MO-lex-K,canonical,29,283185,10.00049195799511,10.000515166990226,66.26356081589421,6.626014731182795,93,0.12199718636363636,0.06688301171475997,35.31434206612324,6.504017544819159,229.68563343162432,231.63195876485963,233.99389380049865,0.01855381406391209,290.805,IRL
5,28,E3,SO,canonical,29,260188,10.000222500006204,10.000230458012084,66.25553010239406,6.625400322580646,93,0.12199718636363636,0.06688301171475997,38.43460305627548,6.503403136217011,249.95591696591944,252.0742100770233,254.6448341291453,0.0201912306759095,290.805,IRL
5,29,E1,Green,canonical,30,1281660,10.00003970801481,10.000060958991526,68.70621559780187,6.870579677419355,93,0.12199718636363636,0.06688301171475997,7.802412268475891,6.748582491055718,52.65533472008181,53.085359146367466,53.60720908649866,0.0042534540592426085,290.805,IRL
5,30,E2,Green,canonical,30,1305930,10.000209791003726,10.000236624997342,68.59906942361249,6.8597446236559145,93,0.12199718636363636,0.06688301171475997,7.657538911736254,6.737747437292279,51.59470162443028,52.01674169386752,52.528902332906426,0.004167777001636791,290.805,IRL
6,1,E3,SO,canonical,29,260420,10.000478500005556,10.000497916014863,65.52583774277336,6.5522575268817205,93,0.12199718636363636,0.40908867039141417,38.40134590279378,6.430260340518086,246.9311309990943,235.90641021065483,251.61599624749775,0.01994689098616434,290.805,IRL
6,2,E2,SO,canonical,30,854070,10.0000355829834,10.000046416011172,69.44987074419818,6.944954838709679,93,0.12199718636363636,0.40908867039141417,11.70868381161193,6.8229576523460445,79.8879403537638,76.52647330080642,81.31636838221478,0.0064532812484934116,290.805,IRL
6,3,E2,Green,numpy_allgenes,30,31380,10.003084666997893,10.003110749996267,71.74829677602207,7.1725984615384615,91,0.12199718636363636,0.40908867039141417,318.77261526443255,7.0506012751748255,2247.5444681210543,2156.0273263074587,2286.4339316769306,0.18155476918109534,290.805,IRL
6,4,E3,MO-lex-K,canonical,29,283069,10.000801041984232,10.000811832986074,66.25821840902208,6.625283978494623,93,0.12199718636363636,0.40908867039141417,35.329905577736284,6.503286792130987,229.76075622567507,219.6178302584567,234.07090995136195,0.01855988242061318,290.805,IRL
6,5,E3,Green-K,numpy_allgenes,29,12702,10.002549500000896,10.002566665993072,77.38811053448386,7.736825268817205,93,0.12199718636363636,0.40908867039141417,787.4783105023537,7.614828082453569,5996.522244120453,5770.443539331701,6092.59254719602,0.48439406977818017,290.805,IRL
6,6,E2,SO,numpy_allgenes,30,31470,10.005524333013454,10.005545249994611,71.22037804372462,7.118090645161289,93,0.12199718636363636,0.40908867039141417,317.9384916750383,6.996093458797654,2224.332051960319,2133.0544277363583,2263.1197344685297,0.17967968954731128,290.805,IRL
6,7,E1,MO-lex-K,numpy_allgenes,30,30060,10.005346082994947,10.00536108299275,70.20358503628873,7.0165968478260865,92,0.12199718636363636,0.40908867039141417,332.8458444110096,6.894599661462451,2294.8422866138185,2199.284935930181,2335.448604001621,0.18537544754409208,290.805,IRL
6,8,E1,Green,numpy_allgenes,30,30810,10.000549207994482,10.00055558301392,76.26788331520201,7.626364623655915,93,0.12199718636363636,0.40908867039141417,324.5877704639559,7.504367437292279,2435.827447971476,2342.6410038484714,2475.4262679390463,0.19676411139092917,290.805,IRL
6,9,E2,Green,canonical,30,1305150,10.000178957998289,10.000193249987204,68.44234305273977,6.844102043010753,93,0.12199718636363636,0.40908867039141417,7.662091681414618,6.722104856647118,51.505457313832665,49.30573289847551,52.44021227655041,0.004160567920596974,290.805,IRL
6,10,E2,MO-lex,numpy_allgenes,30,31770,10.000586999987718,10.000594584009376,71.09943270173855,7.109520549450551,91,0.12199718636363636,0.40908867039141417,314.78083097222907,6.9875233630869165,2199.540078707145,2109.16911426637,2237.9424835296995,0.17767701460789756,290.805,IRL
6,11,E2,MO-lex-K,canonical,30,1054260,10.000122208002722,10.000130417000037,69.42921299004026,6.942830752688172,93,0.12199718636363636,0.40908867039141417,9.485442118645041,6.820833566324537,64.698675104715,61.97548321477527,65.85587330453613,0.0052263050593962905,290.805,IRL
6,12,E1,SO,numpy_allgenes,30,32370,10.004503374977505,10.004511125007411,72.26730856698886,7.223472258064516,93,0.12199718636363636,0.40908867039141417,309.06714164280214,7.1014750717008805,2194.8343020943544,2106.103689000416,2232.5396529808113,0.17729688589459688,290.805,IRL
6,13,E3,MO-lex-K,numpy_allgenes,29,12064,10.01904574999935,10.01906224997947,69.06851388673672,6.893710425531915,94,0.12199718636363636,0.40908867039141417,830.4911928049859,6.77171323916828,5623.857467028939,5385.430125358406,5725.175222706956,0.45429051963870853,290.805,IRL
6,14,E3,MO-lex,canonical,29,282953,10.000582917011345,10.000609833019553,66.93721191081104,6.693313010752688,93,0.12199718636363636,0.40908867039141417,35.343618611611625,6.571315824389052,232.25470537248992,222.10782614468752,236.56653900404322,0.018761341554401924,290.805,IRL
6,15,E2,Green-K,numpy_allgenes,30,31080,10.001092666003387,10.001101707981434,69.94977999276715,6.994207441860465,86,0.12199718636363636,0.40908867039141417,321.7854783141373,6.872210255496829,2211.3794634445576,2118.997509414405,2250.636421903705,0.17863339024083183,290.805,IRL
6,16,E1,MO-lex,canonical,30,1284600,10.000118083000416,10.000125958002172,66.82394061513514,6.682309892473119,93,0.12199718636363636,0.40908867039141417,7.784616287560654,6.5603127061094835,51.06955736024982,48.834658557706184,52.01925939213385,0.004125356285596514,290.805,IRL
6,17,E1,MO-lex,numpy_allgenes,30,29640,10.007719499990344,10.007742624991806,70.57760106529878,7.052299775280899,89,0.12199718636363636,0.40908867039141417,337.64235829926935,6.930302588917262,2339.9691168420495,2243.034647139724,2381.160629733427,0.18902075528423673,290.805,IRL
6,18,E3,Green,numpy_allgenes,30,12690,10.010732458002169,10.010747125023045,67.66395843794777,6.7591317204301085,93,0.12199718636363636,0.40908867039141417,788.8678059891386,6.6371345340664725,5235.829429101425,5009.351868159765,5332.069222848524,0.42294593809162223,290.805,IRL
6,19,E2,MO-lex-K,numpy_allgenes,30,30930,10.011097999988124,10.011114957975224,69.18596506802731,6.91091505376344,93,0.12199718636363636,0.40908867039141417,323.66951180045663,6.788917867399803,2197.369453953813,2104.4465360728623,2236.856290592542,0.17750167334917738,290.805,IRL
6,20,E1,Green-K,canonical,30,1284510,10.000208540994208,10.000231000012718,66.99314750604519,6.699159999999999,93,0.12199718636363636,0.40908867039141417,7.78523214377016,6.577162813636363,51.2048543499523,48.96977548064474,52.15463289974013,0.004136285463677189,290.805,IRL
6,21,E3,Green-K,canonical,29,304123,10.000088332977612,10.000097583018942,66.02850453484717,6.602786021505377,93,0.12199718636363636,0.40908867039141417,32.881723292804594,6.480788835141741,213.09970231241,203.65963084286804,217.11118374752047,0.01721401636971122,290.805,IRL
6,22,E1,Green-K,numpy_allgenes,30,31230,10.008246084005805,10.008265583979664,90.4737365368199,9.039901647058825,85,0.12199718636363636,0.40908867039141417,320.4689748320783,8.917904460695187,2857.917268498058,2765.9131756690845,2897.0136579193054,0.23086017535154937,290.805,IRL
6,23,E1,MO-lex-K,canonical,30,1231110,10.000123750010973,10.000137833005285,114.55706927533096,11.455549032258066,93,0.12199718636363636,0.40908867039141417,8.12285153236589,11.33355184589443,92.06088862608196,89.72888384100199,93.05185505383838,0.007436601865807713,290.805,IRL
6,24,E2,Green-K,canonical,30,1259760,10.000136916001791,10.000158624985488,111.4364816114834,11.143471397849464,93,0.12199718636363636,0.40908867039141417,7.938128624501327,11.021474211485828,87.49006985143608,85.21109577688199,88.45850131095081,0.0070673749342074635,290.805,IRL
6,25,E3,SO,numpy_allgenes,29,11223,10.017106999992391,10.017114749993198,122.75859413996136,12.254885483870964,93,0.12199718636363636,0.40908867039141417,892.5516350345176,12.132888297507328,10829.237665952109,10572.993494228675,10938.126538355285,0.8747767942908897,290.805,IRL
6,26,E2,MO-lex,canonical,30,1011930,10.000000833009835,10.000016792007957,125.49008276570372,12.548987204301078,93,0.12199718636363636,0.40908867039141417,9.882107293004294,12.426990017937438,122.80504467056974,119.96797129482214,124.01063587965939,0.009920089170951399,290.805,IRL
6,27,E1,SO,canonical,30,1009710,10.000009374984074,10.000018582999472,73.81903717765798,7.381889999999999,93,0.12199718636363636,0.40908867039141417,9.903843058882327,7.259892813636364,71.90090525690343,69.05759363742983,73.10914735682323,0.005808095209231611,290.805,IRL
6,28,E1,Green,canonical,30,1286430,10.000088249973489,10.00009608399705,74.12815848269169,7.412744623655914,93,0.12199718636363636,0.40908867039141417,7.773519157648289,7.290747437292278,56.6748092761192,54.443096376719254,57.6231574844272,0.004578143864317178,290.805,IRL
6,29,E3,MO-lex,numpy_allgenes,29,11948,10.00018266699044,10.000198249996174,76.74223428782976,7.674071290322581,93,0.12199718636363636,0.40908867039141417,836.9754491957182,7.552074103958946,6320.91046520352,6080.621566964201,6423.0192741739,0.5105978799537527,290.805,IRL
6,30,E3,Green,canonical,30,297960,10.000816833024146,10.00082216601004,76.0031417546615,7.59968935483871,93,0.12199718636363636,0.40908867039141417,33.564293304551434,7.477692168475072,250.9835870220338,241.3475591084289,255.0783385510186,0.020274245006650704,290.805,IRL
7,1,E1,MO-lex-K,canonical,30,1283730,10.00022383299074,10.000231334008276,72.78603751307044,7.278435376344085,93,0.12199718636363636,0.4721755516414141,7.789974397257009,7.156438189980449,55.748512091589326,53.020629545459975,56.698867762746396,0.004503318349665176,290.805,IRL
7,2,E1,Green-K,canonical,30,1285650,10.000006874994142,10.000028791982912,73.57948174178127,7.357926989247312,93,0.12199718636363636,0.4721755516414141,7.778172033597124,7.2359298028836765,56.28243018364562,53.55867664644087,57.23134736653153,0.00454644780820974,290.805,IRL
7,3,E2,SO,numpy_allgenes,30,29430,10.0028429160011,10.00285137500032,79.19096290091822,7.916838902439026,82,0.12199718636363636,0.4721755516414141,339.88592986751956,7.794841716075388,2649.3592652923735,2530.3384653394623,2690.8244274861777,0.2140130336509302,290.805,IRL
7,4,E3,MO-lex-K,canonical,29,282402,10.000185542012332,10.000192750012502,74.64479143888843,7.464335268817205,93,0.12199718636363636,0.4721755516414141,35.41117110364775,7.342338082453569,260.00097754368903,247.6007425961247,264.32104389801924,0.021002662298497916,290.805,IRL
7,5,E2,Green-K,numpy_allgenes,30,29310,10.00475833300152,10.004767250007715,79.58099090216325,7.954307073170729,82,0.12199718636363636,0.4721755516414141,341.3428295121638,7.832309886807095,2673.5052012091182,2553.974220636196,2715.148103110312,0.21596352223267157,290.805,IRL
7,6,E2,Green,numpy_allgenes,30,29460,10.001530332985569,10.001538915996209,77.0170772868042,7.700522682926829,82,0.12199718636363636,0.4721755516414141,339.4952590965909,7.578525496563191,2572.875684987992,2453.9916881154313,2614.293186924786,0.20783475377025917,290.805,IRL
7,7,E3,Green-K,numpy_allgenes,29,12818,10.00001487499685,10.00001987500582,75.57541149619837,7.557526129032258,93,0.12199718636363636,0.4721755516414141,780.154070447562,7.43552894266862,5800.861070983555,5527.667857332844,5896.037720096612,0.4685887232631591,290.805,IRL
7,8,E1,Green-K,numpy_allgenes,30,30900,10.004508957994403,10.004526540986262,114.06030313302172,11.400869662921348,89,0.12199718636363636,0.4721755516414141,323.7705164399483,11.27887247655771,3651.7727845993873,3538.395155165708,3691.2719460524827,0.29498716239595135,290.805,IRL
7,9,E1,MO-lex-K,numpy_allgenes,30,32010,10.000738458009437,10.000755457993364,126.38204261012643,12.637249569892472,93,0.12199718636363636,0.4721755516414141,312.4254438615882,12.515252383528836,3910.089927608262,3800.685110431663,3948.205017498483,0.3158538059439224,290.805,IRL
7,10,E2,MO-lex-K,numpy_allgenes,30,30750,10.007567749998998,10.007592457986902,97.49911963582426,9.742515,92,0.12199718636363636,0.4721755516414141,325.44935772354467,9.620517813636363,3130.9990736154764,3017.033468174694,3170.703077587781,0.2529194960007635,290.805,IRL
7,11,E3,SO,numpy_allgenes,29,11803,10.002590957999928,10.00260029101628,70.6954791783671,7.0677101075268824,93,0.12199718636363636,0.4721755516414141,847.4617434550477,6.945712921163246,5886.231473908584,5589.468429052607,5989.619518628068,0.4754848732694405,290.805,IRL
7,12,E3,MO-lex,numpy_allgenes,29,11977,10.007621209020726,10.007636082998944,75.01195862892402,7.495472258064517,93,0.12199718636363636,0.4721755516414141,835.5699431427508,7.37347507170088,6161.063303385401,5868.464351741461,6263.000636964518,0.49768555942805326,290.805,IRL
7,13,E3,Green,numpy_allgenes,30,12690,10.004316749982536,10.004334583005402,67.95516877612266,6.792572580645163,93,0.12199718636363636,0.4721755516414141,788.362234041177,6.670575394281528,5258.839094212418,4982.771203749946,5355.017240041187,0.4248046396645673,290.805,IRL
7,14,E1,MO-lex,canonical,30,1282380,10.000079625024227,10.000087207998147,68.66083425603986,6.866023548387096,93,0.12199718636363636,0.4721755516414141,7.7980626842466565,6.744026362023462,52.59038019407126,49.859665280292184,53.541722622030804,0.004248207086760248,290.805,IRL
7,15,E1,MO-lex,numpy_allgenes,30,31950,10.000791958009358,10.000800333014922,86.61155060845014,8.66046193548387,93,0.12199718636363636,0.4721755516414141,313.0138328015449,8.538464749120234,2672.6598155379593,2563.0490514664534,2710.846654411585,0.2158952326826434,290.805,IRL
7,16,E3,Green-K,canonical,29,302122,10.000236166990362,10.000244541995926,75.21076928171486,7.520893010752687,93,0.12199718636363636,0.4721755516414141,33.09999327089839,7.398895824389051,244.90360710124736,233.31269585978146,248.94171653078843,0.01978310929529951,290.805,IRL
7,17,E2,MO-lex-K,canonical,30,1061550,10.000195041997358,10.000221500027692,68.34117501400942,6.83396612903226,93,0.12199718636363636,0.4721755516414141,9.420371194948292,6.711968942668624,63.229406177752246,59.93058726456363,64.37866799869005,0.005107618739867012,290.805,IRL
7,18,E2,Green,canonical,30,1304130,10.000066250009697,10.000073458009863,67.0799733976764,6.70794806451613,93,0.12199718636363636,0.4721755516414141,7.6679980140091075,6.585950878152495,50.50109465495735,47.81592571000278,51.436569511993746,0.004079436341981909,290.805,IRL
7,19,E2,Green-K,canonical,30,1307550,10.00007883401122,10.00008650001837,67.13623341169112,6.713565268817205,93,0.12199718636363636,0.4721755516414141,7.647951385424053,6.591568082453569,50.412030893882374,47.73388172695736,51.3450601596047,0.004072241845582074,290.805,IRL
7,20,E1,SO,canonical,30,1010100,10.000273749988992,10.000309541996105,66.78214669380549,6.678007956989249,93,0.12199718636363636,0.4721755516414141,9.900280912770015,6.556010770625612,64.90658060282797,61.43970400874031,66.11439134125877,0.005243099492279274,290.805,IRL
7,21,E1,Green,numpy_allgenes,30,31230,10.007277708995389,10.007289750006748,108.7983676467314,10.87191141304348,92,0.12199718636363636,0.4721755516414141,320.43796698672395,10.749914226679845,3444.6848048064335,3332.474226339625,3483.7773822200256,0.27825876796159305,290.805,IRL
7,22,E1,SO,numpy_allgenes,30,31650,10.005701540998416,10.005720374989323,99.3031317788454,9.924635913978497,93,0.12199718636363636,0.4721755516414141,316.1359096681964,9.802638727614857,3098.971944567311,2988.267780133178,3137.5397086523035,0.2503323712055269,290.805,IRL
7,23,E3,Green,canonical,30,296040,10.00070054200478,10.000712083972758,69.5838997664594,6.9578945161290315,93,0.12199718636363636,0.4721755516414141,33.78158540063769,6.835897329765396,230.9277159525128,219.0981219477186,235.04897907870352,0.018654148454880694,290.805,IRL
7,24,E1,Green,canonical,30,1283400,10.000083958992036,10.000105958024506,69.15519726317362,6.915446451612904,93,0.12199718636363636,0.4721755516414141,7.791868442412371,6.793449265249267,52.93377939298456,50.205229636879224,53.88436751065422,0.004275946587882466,290.805,IRL
7,25,E3,MO-lex,canonical,29,283069,10.000430582993433,10.000456083012978,66.99914805108958,6.699609247311829,93,0.12199718636363636,0.4721755516414141,35.32859685445398,6.577612060948193,232.3783973045755,220.00705546501806,236.68839770900232,0.018771333285599188,290.805,IRL
7,26,E2,MO-lex,canonical,30,1051410,10.000163166987477,10.000185542012332,73.1171135937158,7.311575698924731,93,0.12199718636363636,0.4721755516414141,9.51119274782195,7.189578512561094,68.38162000977353,65.05099862936403,69.54196136018851,0.005523810279706164,290.805,IRL
7,27,E2,MO-lex,numpy_allgenes,30,30930,10.004288459022064,10.004302208981244,69.71710358380015,6.968712272727273,88,0.12199718636363636,0.4721755516414141,323.4493520537363,6.846715086363636,2214.5686020941785,2101.3034810697386,2254.0285672098335,0.17889100620333268,290.805,IRL
7,28,E3,MO-lex-K,numpy_allgenes,29,12064,10.014890999998896,10.014905250020092,68.58216699370396,6.848009569892474,93,0.12199718636363636,0.4721755516414141,830.1468003977865,6.726012383528837,5583.585604401784,5292.885741266515,5684.861322422411,0.4510373921355724,290.805,IRL
7,29,E2,SO,canonical,30,856170,10.000149375002366,10.000178459013114,66.70805603553798,6.670686559139784,93,0.12199718636363636,0.4721755516414141,11.680097848560877,6.548689372776148,76.48955511219049,72.3994256457723,77.91449833039931,0.006178762520666821,290.805,IRL
7,30,E3,SO,canonical,29,260246,10.000272417004451,10.000301041000055,66.89011898255751,6.6888105376344065,93,0.12199718636363636,0.4721755516414141,38.42622909479666,6.566813351270772,252.3385965308445,238.88252392714242,257.0265017812282,0.020383701545597845,290.805,IRL
8,1,E1,Green-K,canonical,30,1285080,10.000051959010309,10.000066083011916,67.68107090985993,6.768062365591397,93,0.12199718636363636,0.14144668806818178,7.781657141197675,6.646065179227762,51.71747360808824,51.566124040491594,52.66681522540225,0.004177694420166695,290.805,IRL
8,2,E1,MO-lex-K,canonical,30,1276980,10.000123124977108,10.000146583013702,69.70443463685868,6.970341290322581,93,0.12199718636363636,0.14144668806818178,7.831072628370928,6.848344103958945,53.63000586579827,53.47769504807832,54.585376933748904,0.0043321871821676294,290.805,IRL
8,3,E2,SO,canonical,30,856080,10.000194541993553,10.000206083001103,66.20071156784446,6.619934731182795,93,0.12199718636363636,0.14144668806818178,11.68137854171754,6.49793754481916,75.9049558016328,75.6777585475711,77.33005276124248,0.006131539075526063,290.805,IRL
8,4,E1,SO,canonical,30,1009800,10.000147666985868,10.000170000013895,66.40583103056646,6.640470215053763,93,0.12199718636363636,0.14144668806818178,9.903097313315376,6.518473028690127,64.55321690176937,64.36060616354298,65.7613696084041,0.005214555066977512,290.805,IRL
8,5,E2,Green-K,numpy_allgenes,30,31200,10.000758208014304,10.0007668750186,71.1722093245431,7.116675172413791,87,0.12199718636363636,0.14144668806818178,320.5371220517405,6.994677986050153,2242.0558943689803,2235.821601664415,2281.1605552738174,0.18111140676721427,290.805,IRL
8,6,E3,Green,canonical,30,296490,10.000600875006056,10.000644207990264,70.25484601188148,7.025032043010752,93,0.12199718636363636,0.14144668806818178,33.72997698069431,6.903034856647115,232.8402157127825,232.18418162539382,236.9551958308256,0.018808638591765476,290.805,IRL
8,7,E3,Green-K,numpy_allgenes,29,12818,10.005916541005718,10.00595141600934,67.92405522572764,6.788365483870969,93,0.12199718636363636,0.14144668806818178,780.6144906386112,6.666368297507332,5203.881830713314,5188.699214929162,5299.114934133847,0.42036523771682927,290.805,IRL
8,8,E1,Green-K,numpy_allgenes,30,30180,10.005015332979385,10.005027624982176,71.5921529363119,7.155617717391304,92,0.12199718636363636,0.14144668806818178,331.51144244464496,7.033620531027668,2331.7285525703655,2325.2808122838806,2372.1720654841583,0.18835508936950698,290.805,IRL
8,9,E2,MO-lex-K,numpy_allgenes,30,30600,10.010813959001098,10.010845249984412,69.83245299341128,6.9756800000000005,93,0.12199718636363636,0.14144668806818178,327.1507829738921,6.853682813636366,2242.194707182726,2235.8317675829376,2282.106306974225,0.18112261995063125,290.805,IRL
8,10,E1,MO-lex,numpy_allgenes,30,30570,10.007302709011128,10.007315041992117,70.31971134628617,7.026830978260869,92,0.12199718636363636,0.14144668806818178,327.35697445244125,6.904833791897232,2260.348284857986,2253.981346978786,2300.284963895524,0.18258905082725738,290.805,IRL
8,11,E2,SO,numpy_allgenes,30,29130,10.00084966700524,10.000873874989338,70.28588274727771,7.027974117647059,85,0.12199718636363636,0.14144668806818178,343.31787391023823,6.905976931283423,2370.951056414398,2364.2736786774067,2412.83497244345,0.19152345054460806,290.805,IRL
8,12,E3,MO-lex-K,numpy_allgenes,29,12064,10.004043916997034,10.00405691601918,67.59796872104972,6.757055591397849,93,0.12199718636363636,0.14144668806818178,829.2476721648735,6.635058405034213,5502.11388636221,5485.985411392012,5603.279900617517,0.444456174645434,290.805,IRL
8,13,E2,MO-lex,numpy_allgenes,30,29700,10.008896541025024,10.008902875008062,70.46350197454392,7.040082499999998,84,0.12199718636363636,0.14144668806818178,336.9998835361961,6.918085313636362,2331.3954203773073,2324.840936420132,2372.5084839913775,0.18832817922856193,290.805,IRL
8,14,E3,SO,canonical,29,260478,10.000493083003676,10.000499249988934,67.8619039653749,6.785851612903226,93,0.12199718636363636,0.14144668806818178,38.392851154430225,6.66385442653959,255.84452888399252,255.09780659954254,260.5283515896732,0.02066690783947485,290.805,IRL
8,15,E3,SO,numpy_allgenes,29,11861,10.016523625003174,10.01653074999922,69.04833135591869,6.893437765957447,94,0.12199718636363636,0.14144668806818178,844.4923383359898,6.771440579593811,5718.433756622034,5702.0087897646235,5821.459519089342,0.46193031349846403,290.805,IRL
8,16,E2,Green,canonical,30,1309590,10.00007608300075,10.000086875021225,68.7877739328265,6.8787176344086,93,0.12199718636363636,0.14144668806818178,7.636035769210783,6.756720448044965,51.594614704359365,51.446097453371394,52.526190588525026,0.0041677699803058955,290.805,IRL
8,17,E1,SO,numpy_allgenes,30,31950,10.00588575002621,10.005898750008782,69.91417222390962,6.987295591397849,93,0.12199718636363636,0.14144668806818178,313.17326291161845,6.865298405034213,2150.030695754902,2143.9396239303696,2188.23700231329,0.17367768791083452,290.805,IRL
8,18,E3,MO-lex,numpy_allgenes,29,12093,10.004353500000434,10.004376333992695,68.90034742991011,6.887020752688172,93,0.12199718636363636,0.14144668806818178,827.2846688167067,6.765023566324537,5596.613054315725,5580.522743014897,5697.539686588118,0.45208973868341235,290.805,IRL
8,19,E1,MO-lex-K,numpy_allgenes,30,29490,10.00202674997854,10.00205458299024,94.59592927916492,9.4576497752809,89,0.12199718636363636,0.14144668806818178,339.16672600808886,9.335652588917261,3166.351534831624,3159.7548926593345,3207.729036255169,0.25577523835741955,290.805,IRL
8,20,E2,MO-lex,canonical,30,1040730,10.000267083989456,10.0002775840112,81.61265048018832,8.161038510638297,94,0.12199718636363636,0.14144668806818178,9.608896720561006,8.039041324274661,77.24639892391265,77.05951047453947,78.41865851872083,0.006239899733074561,290.805,IRL
8,21,E1,MO-lex,canonical,30,1278510,10.000047500012442,10.000052749994213,77.84411594464943,7.784370531914894,94,0.12199718636363636,0.14144668806818178,7.821641989513139,7.662373345551257,59.93237256311033,59.780245444036915,60.886591379535105,0.004841287112004249,290.805,IRL
8,22,E3,Green-K,canonical,29,298468,10.00072229100624,10.000738500006264,79.14905110881968,7.914320638297872,94,0.12199718636363636,0.14144668806818178,33.50684928034576,7.7923234519342355,261.0966306279414,260.4449380494989,265.18437858939546,0.02109116824159958,290.805,IRL
8,23,E3,MO-lex-K,canonical,29,282460,10.000510082987605,10.000522041984368,67.50997465777405,6.750645053763442,93,0.12199718636363636,0.14144668806818178,35.40504879624586,6.628647867399806,234.68788184693204,233.99927046655282,239.00720334834682,0.0189578915223603,290.805,IRL
8,24,E2,MO-lex-K,canonical,30,1056690,10.0000759169925,10.000101332989288,67.45118136839825,6.745049787234041,94,0.12199718636363636,0.14144668806818178,9.463585268141555,6.623052600870405,62.677982324449275,62.49391983883704,63.832516034407675,0.0050630751805170755,290.805,IRL
8,25,E3,MO-lex,canonical,29,282692,10.0004333340039,10.000457624992125,66.77509076158694,6.677203510638297,94,0.12199718636363636,0.14144668806818178,35.375721046240784,6.5552063242746605,231.89571359992192,231.20767178188845,236.21146251604904,0.018732342498173692,290.805,IRL
8,26,E3,Green,numpy_allgenes,30,12660,10.021990125009324,10.02200308299507,70.13687329398817,6.998288936170214,94,0.12199718636363636,0.14144668806818178,791.6263921808313,6.876291749806578,5443.461067625205,5428.0643088538245,5540.037384991167,0.4397182488252077,290.805,IRL
8,27,E1,Green,canonical,30,1283550,10.000137249997351,10.000155166984769,67.24710513899086,6.724606170212767,94,0.12199718636363636,0.14144668806818178,7.790999376726541,6.602608983849131,51.44101464330874,51.28948331615671,52.391496349180684,0.004155362295374277,290.805,IRL
8,28,E2,Green-K,canonical,30,1307040,10.000169417005964,10.000195291009732,67.02971006824222,6.702840106382978,94,0.12199718636363636,0.14144668806818178,7.651004878967716,6.580842920019342,50.35019156234863,50.20138294489371,51.2835950454785,0.004067246515913554,290.805,IRL
8,29,E2,Green,numpy_allgenes,30,31050,10.003767791000428,10.003800167003646,69.93745099899377,6.991088369565217,92,0.12199718636363636,0.14144668806818178,322.1825375523487,6.869091183201581,2213.108390520942,2206.842080427542,2252.4138808049524,0.1787730515292896,290.805,IRL
8,30,E1,Green,numpy_allgenes,30,30450,10.007098333007889,10.007104917021934,71.54478524790034,7.149398936170214,94,0.12199718636363636,0.14144668806818178,328.6403393434446,7.027401749806578,2309.4892152505076,2303.09732020482,2349.582438354691,0.18655861423358996,290.805,IRL
9,1,E1,Green-K,canonical,30,1284120,10.000131124979816,10.000158249982633,66.45589739249934,6.645484574468084,94,0.12199718636363636,0.06989390852272725,7.787536308896222,6.523487388104448,50.802032693837305,51.20778996243518,51.75209278922479,0.004103745865980933,290.805,IRL
9,2,E2,MO-lex-K,canonical,30,1059330,10.00026416699984,10.00028383298195,66.4149765119415,6.6413091489361715,94,0.12199718636363636,0.06989390852272725,9.440178383506405,6.5193119625725355,61.5435888924886,62.035454096945955,62.69526635886976,0.004971439824411152,290.805,IRL
9,3,E1,MO-lex-K,numpy_allgenes,30,30360,10.005341624986611,10.005367334000766,70.49528720728117,7.045747032967032,91,0.12199718636363636,0.06989390852272725,329.5567070153693,6.923749846603396,2281.774062714046,2298.9450915053435,2321.9791570250713,0.18431980730765504,290.805,IRL
9,4,E2,Green,numpy_allgenes,30,31260,10.005619000003207,10.005631457985146,69.81299814537356,6.977370537634408,93,0.12199718636363636,0.06989390852272725,320.0773832374667,6.855373351270771,2194.252695448109,2210.929797042131,2233.3012842409967,0.17724990419438538,290.805,IRL
9,5,E1,MO-lex,canonical,30,1283760,10.00019316599355,10.000219124980504,67.27868485004481,6.727721063829787,94,0.12199718636363636,0.06989390852272725,7.7897684660634,6.605723877466151,51.45719313094143,51.86306665522855,52.40752543313767,0.0041566691801231724,290.805,IRL
9,6,E2,MO-lex,numpy_allgenes,30,31560,10.009271333023207,10.009287916007452,71.32322443099096,7.12570414893617,94,0.12199718636363636,0.06989390852272725,317.15054920859336,7.003706962572533,2221.2331897254285,2237.7578002855485,2259.924728485138,0.17942936603836201,290.805,IRL
9,7,E2,SO,canonical,30,856500,10.000298458006,10.000312208983814,66.25926648158223,6.625719787234042,94,0.12199718636363636,0.06989390852272725,11.675771696446,6.503722600870406,75.93608468106046,76.54443149427765,77.36049793529742,0.006134053640465497,290.805,IRL
9,8,E2,MO-lex-K,numpy_allgenes,30,30600,10.004455125017556,10.004478124988964,69.28077535450831,6.924976444444445,90,0.12199718636363636,0.06989390852272725,326.9429779417502,6.80297925808081,2224.1914108569645,2241.226250837343,2264.077625964324,0.1796683286761832,290.805,IRL
9,9,E3,MO-lex-K,canonical,29,282808,10.000004750007063,10.000029624992749,66.42320741641872,6.6423010638297875,94,0.12199718636363636,0.06989390852272725,35.35969544711275,6.520303877466151,230.55653283717785,232.39889345628453,234.8703269229255,0.018624164592143194,290.805,IRL
9,10,E2,SO,numpy_allgenes,30,28860,10.003071750019444,10.00309745897539,69.15535259023696,6.913393863636363,88,0.12199718636363636,0.06989390852272725,346.6067827449565,6.7913966772727274,2353.950202540566,2372.0095984579143,2396.235363487074,0.19015013573605813,290.805,IRL
9,11,E3,Green-K,canonical,29,304268,10.000568499992369,10.000588875001997,66.27978473590312,6.627588191489363,94,0.12199718636363636,0.06989390852272725,32.867631495892994,6.505591005125726,213.82380346002006,215.53631828486834,217.83357019437838,0.01727250865699754,290.805,IRL
9,12,E1,Green,canonical,30,1279650,10.000012125005014,10.000026416004404,67.24674465983766,6.72465670212766,94,0.12199718636363636,0.06989390852272725,7.814646290005091,6.6026595157640235,51.5975224268535,52.004691695614106,52.55088864911317,0.00416800486370587,290.805,IRL
9,13,E1,MO-lex,numpy_allgenes,30,30300,10.004371499991976,10.004398457997013,70.16931139791863,7.013846129032258,93,0.12199718636363636,0.06989390852272725,330.1772772274579,6.891848942668622,2275.538050652881,2292.741415421468,2315.8188580171163,0.18381606745003085,290.805,IRL
9,14,E2,Green-K,numpy_allgenes,30,30930,10.000403499987442,10.000413166999351,70.02542793152098,7.002253483146066,89,0.12199718636363636,0.06989390852272725,323.3237471706253,6.880256296782429,2224.55239775859,2241.398641074596,2263.9970233275453,0.1796974888972741,290.805,IRL
9,15,E3,SO,canonical,29,260333,10.000715916976333,10.0007337499992,66.1637756874391,6.615892127659573,94,0.12199718636363636,0.06989390852272725,38.41509112166469,6.4938949412959355,249.4640107415016,251.46556647661458,254.1505521291542,0.02015149490102288,290.805,IRL
9,16,E3,Green,canonical,30,297690,10.000247124989984,10.000275332975434,66.37015180691014,6.636832446808511,94,0.12199718636363636,0.06989390852272725,33.592821811246544,6.514835260444874,218.85231735505215,220.60261842045443,222.950558658034,0.017678707819009983,290.805,IRL
9,17,E3,MO-lex,numpy_allgenes,29,12006,10.0165957089921,10.016604666016065,68.53853004832314,6.842491276595743,94,0.12199718636363636,0.06989390852272725,834.2991595029235,6.7204940902321075,5606.907584720333,5650.377344501773,5708.689825780704,0.45292132227072124,290.805,IRL
9,18,E1,MO-lex-K,canonical,30,1268730,10.000144082994666,10.000170042010724,75.86289211647426,7.586160215053763,93,0.12199718636363636,0.06989390852272725,7.882011210418817,7.464163028690125,58.832769390012864,59.243449076120406,59.794355076709984,0.004752462084017414,290.805,IRL
9,19,E1,SO,numpy_allgenes,30,32100,10.004027707997013,10.004052500007674,68.82640103056464,6.879852043010755,93,0.12199718636363636,0.06989390852272725,311.65195352015616,6.757854856647119,2106.103887019614,2122.342015584814,2144.1246426967177,0.17012931690687189,290.805,IRL
9,20,E3,MO-lex-K,numpy_allgenes,29,12064,10.01177879201714,10.01179591700202,68.86353299508558,6.878239784946237,93,0.12199718636363636,0.06989390852272725,829.8888255982376,6.7562425985826,5606.939826157526,5650.17982817593,5708.184101051524,0.4529239267071498,290.805,IRL
9,21,E1,Green-K,numpy_allgenes,30,30540,10.005118582979776,10.00514724999084,70.39855919187218,7.036234193548387,93,0.12199718636363636,0.06989390852272725,327.6070262927235,6.914237007184753,2265.1591152003743,2282.2285640217715,2305.12636515626,0.18297766569329024,290.805,IRL
9,22,E3,MO-lex,canonical,29,283011,10.00086229198496,10.000901124993106,66.39754184911217,6.639155913978496,93,0.12199718636363636,0.06989390852272725,35.337362477023724,6.51715872761486,230.30009452198712,232.1412940865799,234.6111700573906,0.018603449718740683,290.805,IRL
9,23,E3,Green-K,numpy_allgenes,29,12731,10.019872750010109,10.019887499976903,70.21923045948732,7.0079859139784935,93,0.12199718636363636,0.06989390852272725,787.0452242565477,6.8859887276148575,5419.59252036839,5460.600216727353,5515.609964612939,0.4377901674682582,290.805,IRL
9,24,E2,MO-lex,canonical,30,1059960,10.000123834004626,10.00014041698887,66.828251272231,6.682731290322578,93,0.12199718636363636,0.06989390852272725,9.43443510510267,6.560734103958943,61.896922787762826,62.38848859646736,63.04789923415129,0.004999981842026492,290.805,IRL
9,25,E1,Green,numpy_allgenes,30,29340,10.007679125003053,10.007695415988564,70.49298284201123,7.043877727272728,88,0.12199718636363636,0.06989390852272725,341.0933580437305,6.921880540909092,2361.011321038731,2378.7834319728295,2402.623818746122,0.19072052700407446,290.805,IRL
9,26,E1,SO,canonical,30,1006290,10.00000650002039,10.000029707996871,67.474747765192,6.747454731182795,93,0.12199718636363636,0.06989390852272725,9.93749962736427,6.62545754481916,65.84063468509437,66.35841219087611,67.05298449273272,0.005318551602666352,290.805,IRL
9,27,E3,Green,numpy_allgenes,30,12720,10.004927834001135,10.004947209003149,67.71251556563644,6.767903333333333,93,0.12199718636363636,0.06989390852272725,786.5509303460012,6.645906146969697,5227.35378588218,5268.335746905319,5323.310972141229,0.42226128269540764,290.805,IRL
9,28,E2,Green,canonical,30,1301400,10.000015833997168,10.000043499981984,67.48281505422334,6.748252150537636,93,0.12199718636363636,0.06989390852272725,7.684044747193152,6.6262549641740005,50.91658051614536,51.31694554219479,51.8540149486886,0.004112998943610459,290.805,IRL
9,29,E3,SO,numpy_allgenes,29,11774,10.006614541984163,10.00662516700686,72.32317188341658,7.227528829787234,94,0.12199718636363636,0.06989390852272725,849.8908223190218,7.105531643423599,6038.932543574502,6083.214688242958,6142.616942705672,0.487819938426162,290.805,IRL
9,30,E2,Green-K,canonical,30,1306560,10.000202499999432,10.000219667010242,68.35736391838323,6.8355862365591396,93,0.12199718636363636,0.06989390852272725,7.653841002326286,6.713589050195504,51.384831355612974,51.78362224449704,52.31858002570355,0.00415082385621362,290.805,IRL
