round,position,example,config,simulator,n_models,n_sims,work_s,pm_s,pm_J,pm_W,pm_samples
0,0,,,idle,0,0,10.005065832985565,10.005097084009321,1.2205936935441597,0.12199718636363635,88
0,1,E1,MO-lex-K,numpy_allgenes,30,30240,10.00706312499824,10.007086833007634,68.35040018268538,6.830199569892473,93
0,2,E3,MO-lex-K,canonical,29,282199,10.000469083985081,10.000496791006299,65.38591410948835,6.53826659574468,94
0,3,E2,MO-lex-K,canonical,30,1056570,10.000124291982502,10.000150999985635,65.45632241800321,6.54553340425532,94
0,4,E3,Green-K,numpy_allgenes,29,12876,10.01313491698238,10.013141375005944,66.98462424486968,6.689671276595744,94
0,5,E1,MO-lex-K,canonical,30,1272960,10.000227792013902,10.000250459008384,65.71724697025758,6.57156010638298,94
0,6,E2,MO-lex,numpy_allgenes,30,29640,10.0025277910172,10.002539833978517,70.76937801642461,7.075140833333331,84
0,7,E3,MO-lex-K,numpy_allgenes,29,11977,10.009240666986443,10.00924766701064,75.86304994457254,7.579295913978496,93
0,8,E3,MO-lex,canonical,29,279473,10.000293958000839,10.000300542014884,75.31421720407376,7.531195376344086,93
0,9,E1,Green,canonical,30,1279530,10.000144082994666,10.00015983398771,67.45114367269332,6.745006559139784,93
0,10,E2,MO-lex-K,numpy_allgenes,30,30780,10.000950499990722,10.000970624998445,68.32148355763691,6.831485274725275,91
0,11,E2,Green-K,canonical,30,1299600,10.000198833004106,10.000219291978283,66.37937389407128,6.63779182795699,93
0,12,E3,Green-K,canonical,29,303456,10.00013533301535,10.000164875003975,65.76887359376319,6.576778924731183,93
0,13,E1,SO,numpy_allgenes,30,31860,10.00151633299538,10.001542707992485,68.16380008341133,6.815328602150538,93
0,14,E2,Green,numpy_allgenes,30,30600,10.002628165995702,10.002638624981046,69.07853764468446,6.906031521739131,92
0,15,E3,Green,canonical,30,297480,10.00038479201612,10.000404791993788,66.14023203397842,6.613755483870968,93
0,16,E1,Green-K,numpy_allgenes,30,29640,10.004743209021399,10.00477533301455,70.17314345656138,7.013964943820225,89
0,17,E1,Green-K,canonical,30,1281990,10.000062540988438,10.000089665991254,66.21281627910226,6.621222258064518,93
0,18,E2,Green-K,numpy_allgenes,30,31500,10.004035833000671,10.00404620799236,69.48861945451992,6.946051428571429,91
0,19,E2,SO,numpy_allgenes,30,32430,10.006456332979724,10.006479417002993,84.14649424522027,8.409200752688172,93
0,20,E3,SO,numpy_allgenes,29,11832,10.018264167010784,10.018282792007085,71.99132412715805,7.18599440860215,93
0,21,E3,MO-lex,numpy_allgenes,29,12006,10.001507000008132,10.001534583017929,67.04744547294975,6.703715806451615,93
0,22,E1,Green,numpy_allgenes,30,29730,10.000498791981954,10.000518542015925,71.98014894628639,7.197641666666666,90
0,23,E3,Green,numpy_allgenes,30,12570,10.00257062498713,10.002578791987617,69.44669133676169,6.9428787096774185,93
0,24,E2,MO-lex,canonical,30,1051740,10.000147999991896,10.000156541995239,67.39476682256858,6.739371182795698,93
0,25,E2,SO,canonical,30,854370,10.000018499995349,10.000026083987905,66.44418944152358,6.644401612903227,93
0,26,E3,SO,canonical,29,259492,10.000163332995726,10.0001727079798,67.26231111608988,6.72611494623656,93
0,27,E1,SO,canonical,30,1008720,10.00016404199414,10.00017874999321,69.46443520292463,6.946319354838711,93
0,28,E1,MO-lex,canonical,30,1286640,10.000212999992073,10.000228124990826,73.10001056663556,7.309834301075268,93
0,29,E2,Green,canonical,30,1306590,10.000167499994859,10.000181167008122,66.1220720856436,6.612087419354839,93
0,30,E1,MO-lex,numpy_allgenes,30,31560,10.000726750004105,10.000753542000894,69.53307182290582,6.952783260869565,92
1,0,,,idle,0,0,10.010024332994362,10.010038417007308,1.0522837215051222,0.10512284545454546,88
1,1,E2,Green,numpy_allgenes,30,30720,10.00732745800633,10.00735070797964,71.92432841700017,7.187149777777779,90
1,2,E2,MO-lex-K,numpy_allgenes,30,31140,10.010416709003039,10.010433666000608,69.04612877926155,6.8974163440860226,93
1,3,E1,Green-K,numpy_allgenes,30,30900,10.002835833001882,10.002850208024029,74.59107242775859,7.456981847826088,92
1,4,E2,Green-K,numpy_allgenes,30,32280,10.005835292016855,10.005853999988176,75.03945293283047,7.499555053763442,93
1,5,E2,Green-K,canonical,30,1287330,10.00023258299916,10.000241457979428,69.6948161296488,6.969313333333334,93
1,6,E2,MO-lex-K,canonical,30,1050600,10.00013212498743,10.00016450000112,71.04552351835473,7.104435483870968,93
1,7,E1,MO-lex,canonical,30,1281330,10.00021787500009,10.000239459011937,66.61315206300931,6.66115569892473,93
1,8,E1,SO,numpy_allgenes,30,31620,10.000808125012554,10.000823040987598,67.95624638075901,6.795065376344088,93
1,9,E1,Green-K,canonical,30,1282320,10.000222040980589,10.000228542019613,68.0683792688487,6.806682365591401,93
1,10,E1,Green,canonical,30,1276920,10.000179750000825,10.00020358301117,74.79700227878776,7.479547956989248,93
1,11,E3,Green,canonical,30,297570,10.000058625009842,10.000066791981226,68.41890536746877,6.841844838709675,93
1,12,E3,SO,canonical,29,259637,10.000372874987079,10.000379583012545,65.80927318221745,6.580677526881721,93
1,13,E1,SO,canonical,30,1006830,10.000206917000469,10.00022991700098,65.8096560518408,6.58081430107527,93
1,14,E3,SO,numpy_allgenes,29,11803,10.010996665980201,10.01100425000186,66.77226807283903,6.669887096774193,93
1,15,E2,MO-lex,numpy_allgenes,30,30540,10.01038870899356,10.010399625025457,68.62687215241732,6.855557692307693,91
1,16,E1,MO-lex-K,canonical,30,1274730,10.000114583002869,10.000149583996972,68.85803106581285,6.8857001075268816,93
1,17,E1,MO-lex,numpy_allgenes,30,29520,10.009253166004783,10.009267916000681,70.02463593070067,6.995979777777777,90
1,18,E3,MO-lex-K,numpy_allgenes,29,12064,10.015238749998389,10.01525599998422,67.29759669081527,6.719508387096775,93
1,19,E3,Green,numpy_allgenes,30,12630,10.012259749986697,10.012292415980482,73.08450886597073,7.29947806451613,93
1,20,E3,MO-lex,canonical,29,280546,10.000737207999919,10.000755332992412,67.54896847775952,6.754386666666667,93
1,21,E3,Green-K,numpy_allgenes,29,12702,10.015599874983309,10.015609416994266,70.95556876048713,7.084498387096772,93
1,22,E3,Green-K,canonical,29,303630,10.000388208020013,10.000427082995884,65.62614137088701,6.562333870967741,93
1,23,E2,Green,canonical,30,1298610,10.00000837497646,10.000016750011127,70.04476141087828,7.00446440860215,93
1,24,E2,MO-lex,canonical,30,1055190,10.00026733300183,10.000274416990578,66.79016289278228,6.678833010752689,93
1,25,E1,MO-lex-K,numpy_allgenes,30,30930,10.00300441699801,10.003013209003257,69.46303188524223,6.944210752688172,93
1,26,E2,SO,numpy_allgenes,30,30360,10.003094124986092,10.003104125004029,68.96584637890173,6.894444516129033,93
1,27,E3,MO-lex-K,canonical,29,280720,10.000707415980287,10.00072712500696,68.85848822926764,6.885348172043011,93
1,28,E2,SO,canonical,30,849420,10.00033258300391,10.000361166021321,66.57928732648607,6.657688279569895,93
1,29,E3,MO-lex,numpy_allgenes,29,12064,10.01290654100012,10.012921708985232,66.80874163591642,6.672252473118279,93
1,30,E1,Green,numpy_allgenes,30,28200,10.002971333015012,10.002981958008604,73.41543644230771,7.33935507936508,63
2,0,,,idle,0,0,10.007121000002371,10.00714962501661,1.711953937939015,0.17107308295454546,88
2,1,E3,MO-lex,numpy_allgenes,29,12064,10.023428084008629,10.023452791007003,66.56996090157449,6.641420106382979,94
2,2,E3,MO-lex-K,canonical,29,283098,10.00030537499697,10.000315499986755,65.58815221955452,6.5586082978723415,94
2,3,E3,Green,canonical,30,297750,10.000130291009555,10.000159750023158,65.69108876023306,6.569003936170213,94
2,4,E3,SO,numpy_allgenes,29,11832,10.00496804199065,10.004988959000912,66.7779901422986,6.674469148936171,94
2,5,E3,Green-K,numpy_allgenes,29,12847,10.017913584015332,10.017939624987775,67.0093928122127,6.688939574468085,94
2,6,E1,Green,numpy_allgenes,30,29370,10.000085290987045,10.000090290996013,69.74860650561506,6.974797674418605,86
2,7,E2,Green,canonical,30,1307100,10.000107334024506,10.00012137502199,66.19881943601106,6.619801595744681,94
2,8,E1,SO,canonical,30,1009530,10.000052249990404,10.000073458999395,65.86076997328495,6.586028617021275,94
2,9,E2,SO,numpy_allgenes,30,28830,10.001985082984902,10.001997833023779,68.37187008260037,6.835821325301203,83
2,10,E3,MO-lex,canonical,29,283098,10.000246208015596,10.00027400002,65.81105423744054,6.580925106382979,94
2,11,E2,MO-lex,canonical,30,1059750,10.000051332986914,10.000079958001152,66.08131347513216,6.6080785106382995,94
2,12,E1,Green-K,canonical,30,1284690,10.00011908300803,10.000136082991958,66.83489141171596,6.683398191489362,94
2,13,E2,SO,canonical,30,852270,10.000145750003867,10.0001652079809,67.43471831227953,6.743360425531915,94
2,14,E1,Green-K,numpy_allgenes,30,30120,10.004806165990885,10.00482104200637,71.25907796383939,7.12247402173913,92
2,15,E1,Green,canonical,30,1283940,10.000095958006568,10.000125749997096,66.90177532177934,6.690093404255318,94
2,16,E1,MO-lex,numpy_allgenes,30,28710,10.001423249981599,10.001437208004063,70.63793556549533,7.062778488372092,86
2,17,E1,SO,numpy_allgenes,30,32100,10.006745582999429,10.006763874989701,68.43056493113929,6.838431063829786,94
2,18,E1,MO-lex-K,canonical,30,1280400,10.000116207986139,10.000121999997646,67.17505144050716,6.717423191489361,94
2,19,E1,MO-lex-K,numpy_allgenes,30,29760,10.00910166700487,10.009114749991568,70.26332605549118,7.0199341111111115,90
2,20,E2,Green,numpy_allgenes,30,31350,10.010160708014155,10.010188499989454,68.78214672481833,6.8712139361702125,94
2,21,E3,MO-lex-K,numpy_allgenes,29,12064,10.006888083007652,10.0068974159949,67.00319048022193,6.695700744680852,94
2,22,E2,MO-lex,numpy_allgenes,30,30420,10.011649499996565,10.011657124996418,68.95524431099969,6.887495591397848,93
2,23,E2,MO-lex-K,canonical,30,1058610,10.000145333004184,10.00016733299708,66.23276572098271,6.62316574468085,94
2,24,E2,MO-lex-K,numpy_allgenes,30,30570,10.004058834019816,10.004079250007635,68.75457676385122,6.87265414893617,94
2,25,E2,Green-K,numpy_allgenes,30,30390,10.00278741598595,10.002815416984959,69.84023102926234,6.982057362637362,91
2,26,E3,SO,canonical,29,260188,10.000107375002699,10.000119042000733,65.80096840495133,6.580018510638297,94
2,27,E3,Green,numpy_allgenes,30,12720,10.008700500009581,10.008724874991458,67.01463974264962,6.6956221276595755,94
2,28,E3,Green-K,canonical,29,303456,10.00003995798761,10.00008191697998,65.89496989479807,6.589443010752688,93
2,29,E1,MO-lex,canonical,30,1284720,10.00009470799705,10.000102207995951,66.75783763065499,6.675715531914893,94
2,30,E2,Green-K,canonical,30,1310280,10.000147999991896,10.00015712500317,68.26092307055761,6.82598505376344,93
3,0,,,idle,0,0,10.010052917001303,10.010083667002618,4.027532934465992,0.4023475795454546,88
3,1,E1,SO,numpy_allgenes,30,31140,10.007704791001743,10.007713166996837,69.57058626396801,6.951696666666665,93
3,2,E1,Green,numpy_allgenes,30,29130,10.004454999987502,10.004473332985071,70.13923301394888,7.010787142857142,91
3,3,E2,Green-K,canonical,30,1307610,10.000057791010477,10.000081833975855,66.2453625378111,6.624482043010754,93
3,4,E3,Green,canonical,30,296220,10.000279708008748,10.000293874996714,76.70253359933311,7.6700279569892444,93
3,5,E3,MO-lex,numpy_allgenes,29,12064,10.021451999986311,10.021460959018441,75.56886513611668,7.5407034408602165,93
3,6,E3,MO-lex-K,canonical,29,283069,10.000701709010173,10.000706999999238,74.42477651347207,7.441951505376343,93
3,7,E1,Green-K,canonical,30,1281480,10.000018416001694,10.000026041991077,79.2887763756961,7.928856989247313,93
3,8,E1,MO-lex,numpy_allgenes,30,30360,10.006420457997592,10.006428874999983,80.61739697162372,8.056560235294118,85
3,9,E3,Green-K,canonical,29,304268,10.000925457978155,10.00093266699696,76.32882472528878,7.632170645161288,93
3,10,E3,MO-lex,canonical,29,282779,10.000699625001289,10.000705040991306,81.16368325927064,8.115796129032258,93
3,11,E1,MO-lex,canonical,30,1287240,10.000027959002182,10.000033958989661,74.68365039146343,7.468339677419354,93
3,12,E1,MO-lex-K,numpy_allgenes,30,29520,10.00858141601202,10.008607625000877,71.72200926619148,7.166032674418605,86
3,13,E2,MO-lex-K,numpy_allgenes,30,31050,10.006368542002747,10.00637341698166,70.8304811324633,7.078536666666667,93
3,14,E2,Green-K,numpy_allgenes,30,29520,10.008530916995369,10.00853779198951,76.56858475589107,7.650326785714285,84
3,15,E2,MO-lex,numpy_allgenes,30,29280,10.002339333004784,10.002351333008846,74.61599911838198,7.459845853658536,82
3,16,E1,MO-lex-K,canonical,30,1279770,10.000208582991036,10.000245125003858,67.62356833480159,6.762191075268818,93
3,17,E2,Green,canonical,30,1301190,10.000029250018997,10.000036999990698,70.57801812688251,7.05777569892473,93
3,18,E2,Green,numpy_allgenes,30,30780,10.011317541007884,10.011328041990055,74.88482956141848,7.480009569892474,93
3,19,E2,MO-lex,canonical,30,1054860,10.000053750001825,10.000062000006437,77.45776303090213,7.745728279569894,93
3,20,E3,SO,numpy_allgenes,29,11774,10.015742999996291,10.01575612500892,71.6760032588969,7.156324731182795,93
3,21,E1,Green-K,numpy_allgenes,30,29520,10.003548208012944,10.003557708027074,74.21901974528218,7.419262417582417,91
3,22,E2,MO-lex-K,canonical,30,1061040,10.000172457977897,10.000196125009097,67.85587595861902,6.7854545161290325,93
3,23,E2,SO,numpy_allgenes,30,29940,10.007244375010487,10.007252666022396,70.53819080584375,7.048706888888888,90
3,24,E3,Green,numpy_allgenes,30,12540,10.001696207997156,10.00170274998527,68.29073912907485,6.827911290322582,93
3,25,E2,SO,canonical,30,857040,10.000009999988833,10.000018416001694,68.19017504117224,6.819004946236559,93
3,26,E3,SO,canonical,29,253170,10.000125958002172,10.000148124992847,89.76541995310433,8.976409032258063,93
3,27,E3,MO-lex-K,numpy_allgenes,29,11977,10.011861666978803,10.011880165984621,73.91559908171331,7.382789032258064,93
3,28,E3,Green-K,numpy_allgenes,29,12818,10.01003295899136,10.010050542012323,69.59870496858561,6.9528824731182794,93
3,29,E1,Green,canonical,30,1285200,10.000052165996749,10.00006033401587,70.90403746737054,7.090360967741939,93
3,30,E1,SO,canonical,30,1009920,10.000079209014075,10.00008749999688,68.85490785149463,6.885430537634408,93
4,0,,,idle,0,0,10.010061249980936,10.010091750009451,2.8832579147243984,0.28803511363636364,88
4,1,E1,SO,numpy_allgenes,30,33030,10.005801334016724,10.0058079159935,68.75871883301068,6.871880752688171,93
4,2,E2,MO-lex-K,numpy_allgenes,30,30480,10.000009750016034,10.000029584014555,69.89536501969613,6.989515824175825,91
4,3,E3,MO-lex,canonical,29,283504,10.00047208397882,10.000484374992084,67.59989464135609,6.759662043010751,93
4,4,E1,SO,canonical,30,1008420,10.00015266702394,10.000167875026818,69.93681490497356,6.993564086021506,93
4,5,E2,SO,canonical,30,849900,10.000336249999236,10.000344665982993,74.08565446775435,7.408310107526882,93
4,6,E2,MO-lex,canonical,30,1046730,10.000246124982368,10.000263624999207,87.6273713059939,8.762506129032259,93
4,7,E3,Green,canonical,30,290910,10.000847042014357,10.000859584019054,111.09681555058138,11.108726666666668,93
4,8,E2,Green-K,numpy_allgenes,30,32010,10.003458541992586,10.003477166988887,74.18668805897731,7.41609010752688,93
4,9,E3,MO-lex-K,numpy_allgenes,29,12006,10.007468875002814,10.007481792010367,68.84451468685597,6.879304516129032,93
4,10,E1,Green,numpy_allgenes,30,30300,10.007982667011674,10.008002665999811,72.61749545862797,7.255942857142855,91
4,11,E2,MO-lex-K,canonical,30,1061040,10.000192750012502,10.000204292009585,68.06732386596384,6.806593333333335,93
4,12,E3,Green-K,numpy_allgenes,29,12731,10.00134016701486,10.001362874987535,68.11586487151679,6.810658279569892,93
4,13,E3,Green,numpy_allgenes,30,12690,10.003275333001511,10.003283041995019,67.9184594145571,6.789616881720432,93
4,14,E3,Green-K,canonical,29,302383,10.000492333987495,10.000516708998475,69.00049093969473,6.89969258064516,93
4,15,E3,SO,canonical,29,259956,10.00012974999845,10.000137790979352,66.61826523878074,6.661734731182794,93
4,16,E2,Green-K,canonical,30,1308180,10.000198124995222,10.000227041979088,66.7931820425921,6.679166559139785,93
4,17,E2,Green,canonical,30,1305360,10.000007624999853,10.00001825002255,67.51480278433492,6.751467956989246,93
4,18,E1,Green-K,canonical,30,1285350,10.000042041996494,10.00007008301327,66.77228086021078,6.677181290322581,93
4,19,E1,Green,canonical,30,1284840,10.00019125000108,10.000206541008083,66.8997731239693,6.689839139784945,93
4,20,E2,MO-lex,numpy_allgenes,30,30540,10.008764333004365,10.008770666987402,72.35624912383288,7.229284347826086,92
4,21,E2,Green,numpy_allgenes,30,30600,10.01106920800521,10.011078333016485,78.0843306734486,7.799792197802197,91
4,22,E1,Green-K,numpy_allgenes,30,27840,10.008174791990314,10.00818237499334,78.46288072682162,7.839873194444444,72
4,23,E1,MO-lex,canonical,30,1285560,10.000143457989907,10.000173334003193,67.752679740309,6.775150537634408,93
4,24,E1,MO-lex,numpy_allgenes,30,30480,10.002977791999001,10.003013832989382,70.77853392992749,7.07572088888889,90
4,25,E1,MO-lex-K,numpy_allgenes,30,29190,10.011304124986054,10.011314333009068,71.9864169571894,7.190506117647061,85
4,26,E3,MO-lex-K,canonical,29,282228,10.000027417001547,10.00003458300489,67.93610302775222,6.79358680851064,94
4,27,E3,SO,numpy_allgenes,29,11832,10.01308783298009,10.013104790996294,67.44671544956495,6.735844361702127,94
4,28,E3,MO-lex,numpy_allgenes,29,12035,10.022540499980096,10.022554374998435,67.47031134474945,6.731847872340426,94
4,29,E2,SO,numpy_allgenes,30,29790,10.00612087501213,10.006137415999547,68.70940769257373,6.866726373626373,91
4,30,E1,MO-lex-K,canonical,30,1282500,10.000108582986286,10.000136874994496,66.66906358411077,6.666815106382978,94
5,0,,,idle,0,0,10.002934167016065,10.002946707973024,0.6079544756788732,0.06077753820224719,89
5,1,E2,MO-lex-K,canonical,30,1059060,10.000127084000269,10.000140541989822,65.88669831218009,6.5885772340425515,94
5,2,E3,Green,canonical,30,297720,10.000646291009616,10.000672416994348,65.84291113410843,6.58384840425532,94
5,3,E3,SO,numpy_allgenes,29,11803,10.007765000016661,10.007780874992022,66.94682871449085,6.689477872340427,94
5,4,E2,MO-lex-K,numpy_allgenes,30,29550,10.003534291987307,10.003547583008185,69.30271536674579,6.927813837209303,86
5,5,E1,SO,canonical,30,1008510,10.000031833013054,10.000038250000216,66.26650346840768,6.626625,94
5,6,E1,MO-lex-K,numpy_allgenes,30,29910,10.00900904199807,10.009014417009894,70.31477702428079,7.025144943820225,89
5,7,E1,MO-lex,canonical,30,1284720,10.000211541977478,10.000224749994231,66.63627208460282,6.66347744680851,94
5,8,E2,MO-lex,numpy_allgenes,30,30480,10.002651042013895,10.002673083014088,70.13169510779562,7.011295333333333,90
5,9,E3,MO-lex-K,numpy_allgenes,29,12093,10.016313250001986,10.01631916698534,67.17799815555975,6.706854787234044,94
5,10,E1,SO,numpy_allgenes,30,32010,10.000074334006058,10.00010191599722,68.40947485445383,6.840877765957446,94
5,11,E1,MO-lex,numpy_allgenes,30,31290,10.004671250004321,10.004681000020355,69.47633325111552,6.94438265957447,94
5,12,E2,Green,numpy_allgenes,30,31470,10.000116375013022,10.000126124999952,70.2415816096989,7.0240695698924736,93
5,13,E3,Green-K,numpy_allgenes,29,12702,10.001637124980334,10.001647250028327,73.9262648602816,7.391408936170212,94
5,14,E2,SO,canonical,30,855810,10.000286459020572,10.000316124991514,66.19136049328758,6.61892680851064,94
5,15,E3,MO-lex,numpy_allgenes,29,12093,10.016385875002015,10.016399790998548,67.29748043990342,6.718729468085105,94
5,16,E3,MO-lex,canonical,29,283040,10.00093158299569,10.000952625006903,66.2446951405899,6.623838510638297,94
5,17,E2,Green-K,numpy_allgenes,30,31170,10.003304082987597,10.003315749985632,69.57998591714988,6.9556922580645155,93
5,18,E2,SO,numpy_allgenes,30,28530,10.008599041990237,10.008627584000351,69.25088374059207,6.919118846153847,78
5,19,E1,Green-K,canonical,30,1284960,10.000139291980304,10.000157917005708,66.83435328376859,6.683329787234043,94
5,20,E1,MO-lex-K,canonical,30,1282230,10.000219417008338,10.000229790981393,66.55127180625678,6.65497425531915,94
5,21,E3,Green,numpy_allgenes,30,12690,10.003595834015869,10.003607499995269,67.51737470505718,6.749302659574469,94
5,22,E2,Green-K,canonical,30,1306530,10.000156583002536,10.000187541008927,66.6025437282511,6.660129468085107,94
5,23,E2,MO-lex,canonical,30,1059750,10.00000329100294,10.000013208016753,66.48005057280365,6.6479962765957445,94
5,24,E3,Green-K,canonical,29,303804,10.00044400000479,10.000475125008961,69.22357700104683,6.9220288172043025,93
5,25,E1,Green,numpy_allgenes,30,29700,10.0088299580093,10.008849374979036,72.35078469815328,7.22868153846154,91
5,26,E1,Green-K,numpy_allgenes,30,30810,10.003658250003355,10.003686042007757,70.10539117060065,7.007955955056181,89
5,27,E3,MO-lex-K,canonical,29,283185,10.00049195799511,10.000515166990226,66.26356081589421,6.626014731182795,93
5,28,E3,SO,canonical,29,260188,10.000222500006203,10.000230458012084,66.25553010239406,6.625400322580646,93
5,29,E1,Green,canonical,30,1281660,10.00003970801481,10.000060958991526,68.70621559780187,6.870579677419355,93
5,30,E2,Green,canonical,30,1305930,10.000209791003726,10.000236624997342,68.59906942361249,6.8597446236559145,93
6,0,,,idle,0,0,10.010045332979644,10.010064333997434,0.7306194327660214,0.07298848522727273,88
6,1,E3,SO,canonical,29,260420,10.000478500005556,10.000497916014865,65.52583774277336,6.5522575268817205,93
6,2,E2,SO,canonical,30,854070,10.0000355829834,10.000046416011173,69.44987074419818,6.944954838709679,93
6,3,E2,Green,numpy_allgenes,30,31380,10.003084666997893,10.003110749996267,71.74829677602207,7.1725984615384615,91
6,4,E3,MO-lex-K,canonical,29,283069,10.000801041984232,10.000811832986074,66.25821840902208,6.625283978494623,93
6,5,E3,Green-K,numpy_allgenes,29,12702,10.002549500000896,10.002566665993072,77.38811053448386,7.736825268817205,93
6,6,E2,SO,numpy_allgenes,30,31470,10.005524333013454,10.005545249994611,71.22037804372462,7.118090645161289,93
6,7,E1,MO-lex-K,numpy_allgenes,30,30060,10.005346082994947,10.00536108299275,70.20358503628873,7.0165968478260865,92
6,8,E1,Green,numpy_allgenes,30,30810,10.000549207994482,10.00055558301392,76.26788331520201,7.626364623655915,93
6,9,E2,Green,canonical,30,1305150,10.000178957998287,10.000193249987205,68.44234305273977,6.844102043010753,93
6,10,E2,MO-lex,numpy_allgenes,30,31770,10.000586999987718,10.000594584009377,71.09943270173855,7.109520549450551,91
6,11,E2,MO-lex-K,canonical,30,1054260,10.000122208002722,10.000130417000037,69.42921299004026,6.942830752688172,93
6,12,E1,SO,numpy_allgenes,30,32370,10.004503374977503,10.004511125007411,72.26730856698886,7.223472258064516,93
6,13,E3,MO-lex-K,numpy_allgenes,29,12064,10.01904574999935,10.01906224997947,69.06851388673672,6.893710425531915,94
6,14,E3,MO-lex,canonical,29,282953,10.000582917011343,10.000609833019553,66.93721191081104,6.693313010752688,93
6,15,E2,Green-K,numpy_allgenes,30,31080,10.001092666003387,10.001101707981434,69.94977999276715,6.994207441860465,86
6,16,E1,MO-lex,canonical,30,1284600,10.000118083000416,10.000125958002172,66.82394061513514,6.682309892473119,93
6,17,E1,MO-lex,numpy_allgenes,30,29640,10.007719499990344,10.007742624991806,70.57760106529878,7.052299775280899,89
6,18,E3,Green,numpy_allgenes,30,12690,10.010732458002167,10.010747125023045,67.66395843794777,6.7591317204301085,93
6,19,E2,MO-lex-K,numpy_allgenes,30,30930,10.011097999988124,10.011114957975224,69.18596506802731,6.91091505376344,93
6,20,E1,Green-K,canonical,30,1284510,10.000208540994208,10.000231000012718,66.99314750604519,6.699159999999999,93
6,21,E3,Green-K,canonical,29,304123,10.000088332977612,10.000097583018942,66.02850453484717,6.602786021505377,93
6,22,E1,Green-K,numpy_allgenes,30,31230,10.008246084005805,10.008265583979664,90.4737365368199,9.039901647058823,85
6,23,E1,MO-lex-K,canonical,30,1231110,10.000123750010971,10.000137833005283,114.55706927533095,11.455549032258066,93
6,24,E2,Green-K,canonical,30,1259760,10.000136916001793,10.000158624985488,111.4364816114834,11.143471397849464,93
6,25,E3,SO,numpy_allgenes,29,11223,10.017106999992393,10.017114749993198,122.75859413996136,12.254885483870964,93
6,26,E2,MO-lex,canonical,30,1011930,10.000000833009835,10.000016792007955,125.49008276570373,12.548987204301078,93
6,27,E1,SO,canonical,30,1009710,10.000009374984074,10.000018582999473,73.81903717765798,7.381889999999999,93
6,28,E1,Green,canonical,30,1286430,10.000088249973487,10.00009608399705,74.12815848269169,7.412744623655914,93
6,29,E3,MO-lex,numpy_allgenes,29,11948,10.00018266699044,10.000198249996174,76.74223428782976,7.674071290322581,93
6,30,E3,Green,canonical,30,297960,10.000816833024146,10.000822166010039,76.0031417546615,7.59968935483871,93
7,0,,,idle,0,0,10.010031375015387,10.010049416974653,7.459377269089898,0.7451888555555556,90
7,1,E1,MO-lex-K,canonical,30,1283730,10.000223832990741,10.000231334008276,72.78603751307044,7.278435376344085,93
7,2,E1,Green-K,canonical,30,1285650,10.000006874994142,10.000028791982913,73.57948174178127,7.357926989247312,93
7,3,E2,SO,numpy_allgenes,30,29430,10.0028429160011,10.002851375000319,79.19096290091822,7.916838902439026,82
7,4,E3,MO-lex-K,canonical,29,282402,10.000185542012332,10.000192750012502,74.64479143888843,7.464335268817205,93
7,5,E2,Green-K,numpy_allgenes,30,29310,10.004758333001519,10.004767250007717,79.58099090216325,7.954307073170729,82
7,6,E2,Green,numpy_allgenes,30,29460,10.001530332985567,10.001538915996207,77.0170772868042,7.700522682926829,82
7,7,E3,Green-K,numpy_allgenes,29,12818,10.00001487499685,10.000019875005819,75.57541149619837,7.557526129032258,93
7,8,E1,Green-K,numpy_allgenes,30,30900,10.004508957994403,10.004526540986262,114.06030313302173,11.400869662921348,89
7,9,E1,MO-lex-K,numpy_allgenes,30,32010,10.000738458009437,10.000755457993364,126.38204261012645,12.637249569892473,93
7,10,E2,MO-lex-K,numpy_allgenes,30,30750,10.007567749998998,10.007592457986902,97.49911963582426,9.742515,92
7,11,E3,SO,numpy_allgenes,29,11803,10.002590957999928,10.002600291016279,70.6954791783671,7.0677101075268824,93
7,12,E3,MO-lex,numpy_allgenes,29,11977,10.007621209020726,10.007636082998943,75.01195862892402,7.495472258064517,93
7,13,E3,Green,numpy_allgenes,30,12690,10.004316749982536,10.004334583005402,67.95516877612266,6.792572580645163,93
7,14,E1,MO-lex,canonical,30,1282380,10.000079625024227,10.000087207998149,68.66083425603986,6.866023548387096,93
7,15,E1,MO-lex,numpy_allgenes,30,31950,10.000791958009358,10.000800333014922,86.61155060845014,8.66046193548387,93
7,16,E3,Green-K,canonical,29,302122,10.000236166990362,10.000244541995926,75.21076928171486,7.520893010752687,93
7,17,E2,MO-lex-K,canonical,30,1061550,10.000195041997358,10.000221500027692,68.34117501400942,6.83396612903226,93
7,18,E2,Green,canonical,30,1304130,10.000066250009695,10.000073458009865,67.0799733976764,6.70794806451613,93
7,19,E2,Green-K,canonical,30,1307550,10.00007883401122,10.00008650001837,67.13623341169112,6.713565268817205,93
7,20,E1,SO,canonical,30,1010100,10.000273749988992,10.000309541996103,66.78214669380549,6.678007956989249,93
7,21,E1,Green,numpy_allgenes,30,31230,10.007277708995389,10.007289750006748,108.79836764673139,10.87191141304348,92
7,22,E1,SO,numpy_allgenes,30,31650,10.005701540998416,10.005720374989323,99.30313177884541,9.924635913978495,93
7,23,E3,Green,canonical,30,296040,10.000700542004779,10.000712083972758,69.5838997664594,6.9578945161290315,93
7,24,E1,Green,canonical,30,1283400,10.000083958992036,10.000105958024506,69.15519726317362,6.915446451612904,93
7,25,E3,MO-lex,canonical,29,283069,10.000430582993431,10.000456083012978,66.99914805108958,6.699609247311829,93
7,26,E2,MO-lex,canonical,30,1051410,10.000163166987477,10.000185542012332,73.1171135937158,7.311575698924731,93
7,27,E2,MO-lex,numpy_allgenes,30,30930,10.004288459022064,10.004302208981244,69.71710358380015,6.968712272727273,88
7,28,E3,MO-lex-K,numpy_allgenes,29,12064,10.014890999998897,10.014905250020092,68.58216699370396,6.848009569892474,93
7,29,E2,SO,canonical,30,856170,10.000149375002366,10.000178459013114,66.70805603553798,6.670686559139784,93
7,30,E3,SO,canonical,29,260246,10.000272417004453,10.000301041000057,66.89011898255751,6.6888105376344065,93
8,0,,,idle,0,0,10.010027792013716,10.010054583020974,1.9936249706271443,0.19916224772727267,88
8,1,E1,Green-K,canonical,30,1285080,10.000051959010307,10.000066083011916,67.68107090985993,6.768062365591397,93
8,2,E1,MO-lex-K,canonical,30,1276980,10.000123124977108,10.000146583013702,69.70443463685868,6.970341290322581,93
8,3,E2,SO,canonical,30,856080,10.000194541993551,10.000206083001103,66.20071156784446,6.619934731182795,93
8,4,E1,SO,canonical,30,1009800,10.000147666985868,10.000170000013895,66.40583103056646,6.640470215053763,93
8,5,E2,Green-K,numpy_allgenes,30,31200,10.000758208014304,10.000766875018599,71.1722093245431,7.116675172413791,87
8,6,E3,Green,canonical,30,296490,10.000600875006057,10.000644207990263,70.25484601188148,7.025032043010752,93
8,7,E3,Green-K,numpy_allgenes,29,12818,10.005916541005718,10.005951416009339,67.92405522572764,6.788365483870969,93
8,8,E1,Green-K,numpy_allgenes,30,30180,10.005015332979383,10.005027624982176,71.5921529363119,7.155617717391304,92
8,9,E2,MO-lex-K,numpy_allgenes,30,30600,10.010813959001098,10.010845249984413,69.83245299341128,6.9756800000000005,93
8,10,E1,MO-lex,numpy_allgenes,30,30570,10.007302709011128,10.007315041992115,70.31971134628617,7.026830978260869,92
8,11,E2,SO,numpy_allgenes,30,29130,10.000849667005241,10.000873874989338,70.28588274727771,7.027974117647059,85
8,12,E3,MO-lex-K,numpy_allgenes,29,12064,10.004043916997034,10.00405691601918,67.59796872104972,6.757055591397849,93
8,13,E2,MO-lex,numpy_allgenes,30,29700,10.008896541025024,10.008902875008062,70.46350197454392,7.040082499999998,84
8,14,E3,SO,canonical,29,260478,10.000493083003676,10.000499249988934,67.8619039653749,6.785851612903226,93
8,15,E3,SO,numpy_allgenes,29,11861,10.016523625003174,10.01653074999922,69.04833135591869,6.893437765957447,94
8,16,E2,Green,canonical,30,1309590,10.00007608300075,10.000086875021225,68.7877739328265,6.8787176344086,93
8,17,E1,SO,numpy_allgenes,30,31950,10.00588575002621,10.005898750008782,69.91417222390962,6.987295591397849,93
8,18,E3,MO-lex,numpy_allgenes,29,12093,10.004353500000434,10.004376333992695,68.90034742991011,6.887020752688172,93
8,19,E1,MO-lex-K,numpy_allgenes,30,29490,10.00202674997854,10.00205458299024,94.59592927916493,9.457649775280899,89
8,20,E2,MO-lex,canonical,30,1040730,10.000267083989456,10.0002775840112,81.61265048018832,8.161038510638297,94
8,21,E1,MO-lex,canonical,30,1278510,10.000047500012442,10.000052749994211,77.84411594464943,7.784370531914894,94
8,22,E3,Green-K,canonical,29,298468,10.000722291006241,10.000738500006264,79.14905110881968,7.914320638297872,94
8,23,E3,MO-lex-K,canonical,29,282460,10.000510082987603,10.000522041984368,67.50997465777405,6.750645053763442,93
8,24,E2,MO-lex-K,canonical,30,1056690,10.0000759169925,10.000101332989288,67.45118136839825,6.745049787234041,94
8,25,E3,MO-lex,canonical,29,282692,10.000433334003901,10.000457624992123,66.77509076158694,6.677203510638297,94
8,26,E3,Green,numpy_allgenes,30,12660,10.021990125009324,10.02200308299507,70.13687329398817,6.998288936170214,94
8,27,E1,Green,canonical,30,1283550,10.000137249997351,10.000155166984769,67.24710513899086,6.724606170212767,94
8,28,E2,Green-K,canonical,30,1307040,10.000169417005964,10.000195291009732,67.02971006824222,6.702840106382978,94
8,29,E2,Green,numpy_allgenes,30,31050,10.003767791000428,10.003800167003646,69.93745099899377,6.991088369565217,92
8,30,E1,Green,numpy_allgenes,30,30450,10.007098333007889,10.007104917021934,71.54478524790034,7.149398936170214,94
9,0,,,idle,0,0,10.005054333014414,10.005072500003735,0.8377360102400768,0.0837311284090909,88
9,1,E1,Green-K,canonical,30,1284120,10.000131124979816,10.000158249982633,66.45589739249934,6.645484574468084,94
9,2,E2,MO-lex-K,canonical,30,1059330,10.000264166999841,10.00028383298195,66.4149765119415,6.6413091489361715,94
9,3,E1,MO-lex-K,numpy_allgenes,30,30360,10.005341624986613,10.005367334000766,70.49528720728117,7.045747032967032,91
9,4,E2,Green,numpy_allgenes,30,31260,10.005619000003207,10.005631457985146,69.81299814537356,6.977370537634408,93
9,5,E1,MO-lex,canonical,30,1283760,10.00019316599355,10.000219124980504,67.27868485004481,6.727721063829787,94
9,6,E2,MO-lex,numpy_allgenes,30,31560,10.009271333023207,10.009287916007452,71.32322443099096,7.12570414893617,94
9,7,E2,SO,canonical,30,856500,10.000298458006,10.000312208983814,66.25926648158223,6.625719787234042,94
9,8,E2,MO-lex-K,numpy_allgenes,30,30600,10.004455125017557,10.004478124988964,69.28077535450831,6.924976444444445,90
9,9,E3,MO-lex-K,canonical,29,282808,10.000004750007065,10.000029624992749,66.42320741641872,6.6423010638297875,94
9,10,E2,SO,numpy_allgenes,30,28860,10.003071750019444,10.00309745897539,69.15535259023696,6.913393863636363,88
9,11,E3,Green-K,canonical,29,304268,10.000568499992369,10.000588875001995,66.27978473590312,6.627588191489363,94
9,12,E1,Green,canonical,30,1279650,10.000012125005014,10.000026416004403,67.24674465983766,6.72465670212766,94
9,13,E1,MO-lex,numpy_allgenes,30,30300,10.004371499991976,10.004398457997013,70.16931139791863,7.013846129032258,93
9,14,E2,Green-K,numpy_allgenes,30,30930,10.000403499987442,10.000413166999351,70.02542793152098,7.002253483146066,89
9,15,E3,SO,canonical,29,260333,10.000715916976333,10.000733749999199,66.1637756874391,6.615892127659573,94
9,16,E3,Green,canonical,30,297690,10.000247124989983,10.000275332975434,66.37015180691014,6.636832446808511,94
9,17,E3,MO-lex,numpy_allgenes,29,12006,10.0165957089921,10.016604666016065,68.53853004832314,6.842491276595743,94
9,18,E1,MO-lex-K,canonical,30,1268730,10.000144082994666,10.000170042010723,75.86289211647426,7.586160215053763,93
9,19,E1,SO,numpy_allgenes,30,32100,10.004027707997011,10.004052500007674,68.82640103056464,6.879852043010755,93
9,20,E3,MO-lex-K,numpy_allgenes,29,12064,10.01177879201714,10.011795917002019,68.86353299508558,6.878239784946237,93
9,21,E1,Green-K,numpy_allgenes,30,30540,10.005118582979776,10.005147249990841,70.39855919187218,7.036234193548387,93
9,22,E3,MO-lex,canonical,29,283011,10.000862291984959,10.000901124993106,66.39754184911217,6.639155913978496,93
9,23,E3,Green-K,numpy_allgenes,29,12731,10.019872750010109,10.019887499976903,70.21923045948732,7.0079859139784935,93
9,24,E2,MO-lex,canonical,30,1059960,10.000123834004626,10.00014041698887,66.828251272231,6.682731290322578,93
9,25,E1,Green,numpy_allgenes,30,29340,10.007679125003051,10.007695415988564,70.49298284201123,7.043877727272728,88
9,26,E1,SO,canonical,30,1006290,10.00000650002039,10.000029707996873,67.474747765192,6.747454731182795,93
9,27,E3,Green,numpy_allgenes,30,12720,10.004927834001137,10.004947209003149,67.71251556563644,6.767903333333333,93
9,28,E2,Green,canonical,30,1301400,10.000015833997168,10.000043499981984,67.48281505422334,6.748252150537636,93
9,29,E3,SO,numpy_allgenes,29,11774,10.006614541984163,10.00662516700686,72.32317188341658,7.227528829787234,94
9,30,E2,Green-K,canonical,30,1306560,10.000202499999432,10.000219667010242,68.35736391838323,6.8355862365591396,93
10,0,,,idle,0,0,10.010032249992946,10.010046374984086,0.5611300528780434,0.056056688636363636,88
