example,simulator,round,ratio,config
E1,canonical,0,1.0,SO
E1,canonical,1,1.0,SO
E1,canonical,2,1.0,SO
E1,canonical,3,1.0,SO
E1,canonical,4,1.0,SO
E1,canonical,5,1.0,SO
E1,canonical,6,1.0,SO
E1,canonical,7,1.0,SO
E1,canonical,8,1.0,SO
E1,canonical,9,1.0,SO
E1,numpy_allgenes,0,1.0,SO
E1,numpy_allgenes,1,1.0,SO
E1,numpy_allgenes,2,1.0,SO
E1,numpy_allgenes,3,1.0,SO
E1,numpy_allgenes,4,1.0,SO
E1,numpy_allgenes,5,1.0,SO
E1,numpy_allgenes,6,1.0,SO
E1,numpy_allgenes,7,1.0,SO
E1,numpy_allgenes,8,1.0,SO
E1,numpy_allgenes,9,1.0,SO
E2,canonical,0,1.0,SO
E2,canonical,1,1.0,SO
E2,canonical,2,1.0,SO
E2,canonical,3,1.0,SO
E2,canonical,4,1.0,SO
E2,canonical,5,1.0,SO
E2,canonical,6,1.0,SO
E2,canonical,7,1.0,SO
E2,canonical,8,1.0,SO
E2,canonical,9,1.0,SO
E2,numpy_allgenes,0,1.0,SO
E2,numpy_allgenes,1,1.0,SO
E2,numpy_allgenes,2,1.0,SO
E2,numpy_allgenes,3,1.0,SO
E2,numpy_allgenes,4,1.0,SO
E2,numpy_allgenes,5,1.0,SO
E2,numpy_allgenes,6,1.0,SO
E2,numpy_allgenes,7,1.0,SO
E2,numpy_allgenes,8,1.0,SO
E2,numpy_allgenes,9,1.0,SO
E3,canonical,0,1.0,SO
E3,canonical,1,1.0,SO
E3,canonical,2,1.0,SO
E3,canonical,3,1.0,SO
E3,canonical,4,1.0,SO
E3,canonical,5,1.0,SO
E3,canonical,6,1.0,SO
E3,canonical,7,1.0,SO
E3,canonical,8,1.0,SO
E3,canonical,9,1.0,SO
E3,numpy_allgenes,0,1.0,SO
E3,numpy_allgenes,1,1.0,SO
E3,numpy_allgenes,2,1.0,SO
E3,numpy_allgenes,3,1.0,SO
E3,numpy_allgenes,4,1.0,SO
E3,numpy_allgenes,5,1.0,SO
E3,numpy_allgenes,6,1.0,SO
E3,numpy_allgenes,7,1.0,SO
E3,numpy_allgenes,8,1.0,SO
E3,numpy_allgenes,9,1.0,SO
E1,canonical,0,0.8257611238056746,MO-lex
E1,canonical,1,0.7955444403791327,MO-lex
E1,canonical,2,0.7967027318931243,MO-lex
E1,canonical,3,0.852175566083171,MO-lex
E1,canonical,4,0.7594883060265127,MO-lex
E1,canonical,5,0.7894659557774375,MO-lex
E1,canonical,6,0.7102769732561395,MO-lex
E1,canonical,7,0.8102472770192412,MO-lex
E1,canonical,8,0.9284180624849326,MO-lex
E1,canonical,9,0.7815415719646882,MO-lex
E1,numpy_allgenes,0,1.0301556833375842,MO-lex
E1,numpy_allgenes,1,1.1043200287599615,MO-lex
E1,numpy_allgenes,2,1.154809152816985,MO-lex
E1,numpy_allgenes,3,1.191468391563845,MO-lex
E1,numpy_allgenes,4,1.1160752263380855,MO-lex
E1,numpy_allgenes,5,1.0392457626404843,MO-lex
E1,numpy_allgenes,6,1.0661256362765994,MO-lex
E1,numpy_allgenes,7,0.8624343373689771,MO-lex
E1,numpy_allgenes,8,1.0513097740050406,MO-lex
E1,numpy_allgenes,9,1.0804491006723493,MO-lex
E2,canonical,0,0.8241783860244345,MO-lex
E2,canonical,1,0.8075898289371951,MO-lex
E2,canonical,2,0.7877801803655934,MO-lex
E2,canonical,3,0.9249003154647224,MO-lex
E2,canonical,4,0.9628555621986344,MO-lex
E2,canonical,5,0.8111471057150161,MO-lex
E2,canonical,6,1.5372163073269667,MO-lex
E2,canonical,7,0.8939994474994043,MO-lex
E2,canonical,8,1.017672668511731,MO-lex
E2,canonical,9,0.8151187020997515,MO-lex
E2,numpy_allgenes,0,0.91763702300956,MO-lex
E2,numpy_allgenes,1,0.9891188786974195,MO-lex
E2,numpy_allgenes,2,0.9559484624068229,MO-lex
E2,numpy_allgenes,3,1.0827039659536557,MO-lex
E2,numpy_allgenes,4,1.0281467149358547,MO-lex
E2,numpy_allgenes,5,0.9481527108353007,MO-lex
E2,numpy_allgenes,6,0.9888541941247824,MO-lex
E2,numpy_allgenes,7,0.8358883716171981,MO-lex
E2,numpy_allgenes,8,0.9833165531063679,MO-lex
E2,numpy_allgenes,9,0.9436194475686449,MO-lex
E3,canonical,0,1.0417081725097315,MO-lex
E3,canonical,1,0.9503969860534696,MO-lex
E3,canonical,2,0.9192172261372588,MO-lex
E3,canonical,3,0.8083189774454705,MO-lex
E3,canonical,4,0.9307021295743998,MO-lex
E3,canonical,5,0.9191079000767023,MO-lex
E3,canonical,6,0.9405647009057833,MO-lex
E3,canonical,7,0.9208991430534916,MO-lex
E3,canonical,8,0.9063930919745026,MO-lex
E3,canonical,9,0.9231796355612497,MO-lex
E3,numpy_allgenes,0,0.9166888904075805,MO-lex
E3,numpy_allgenes,1,0.9789062708393576,MO-lex
E3,numpy_allgenes,2,0.9776233179410887,MO-lex
E3,numpy_allgenes,3,1.0298775451600057,MO-lex
E3,numpy_allgenes,4,0.9834657043963253,MO-lex
E3,numpy_allgenes,5,0.9812106921641859,MO-lex
E3,numpy_allgenes,6,0.5836893288506273,MO-lex
E3,numpy_allgenes,7,1.0466906255207669,MO-lex
E3,numpy_allgenes,8,0.9786968412171885,MO-lex
E3,numpy_allgenes,9,0.9284600455897046,MO-lex
E1,canonical,0,0.765094686460283,Green
E1,canonical,1,0.8981969889855708,Green
E1,canonical,2,0.7989375214314002,Green
E1,canonical,3,0.8096152430525091,Green
E1,canonical,4,0.7501722508979949,Green
E1,canonical,5,0.8163914987937273,Green
E1,canonical,6,0.7882349891648641,Green
E1,canonical,7,0.8155379454803423,Green
E1,canonical,8,0.7968776323198041,Green
E1,canonical,9,0.7836729198258267,Green
E1,numpy_allgenes,0,1.1327395438560053,Green
E1,numpy_allgenes,1,1.212995469438882,Green
E1,numpy_allgenes,2,1.1143989636812908,Green
E1,numpy_allgenes,3,1.0779009478071253,Green
E1,numpy_allgenes,4,1.1523773466691496,Green
E1,numpy_allgenes,5,1.1409826921552044,Green
E1,numpy_allgenes,6,1.1098001546846434,Green
E1,numpy_allgenes,7,1.1115572733225865,Green
E1,numpy_allgenes,8,1.074165694383083,Green
E1,numpy_allgenes,9,1.1210326971951232,Green
E2,canonical,0,0.6506634420337639,Green
E2,canonical,1,0.6887814091065454,Green
E2,canonical,2,0.6398610942386292,Green
E2,canonical,3,0.6821432653544661,Green
E2,canonical,4,0.5923718254978947,Green
E2,canonical,5,0.6796112679541048,Green
E2,canonical,6,0.64472130694262,Green
E2,canonical,7,0.6602351730361778,Green
E2,canonical,8,0.6797265627714062,Green
E2,canonical,9,0.670518907183592,Green
E2,numpy_allgenes,0,0.8672390500938738,Green
E2,numpy_allgenes,1,1.0314324630994107,Green
E2,numpy_allgenes,2,0.9252221284860993,Green
E2,numpy_allgenes,3,1.0336976648286735,Green
E2,numpy_allgenes,4,1.1087546891776352,Green
E2,numpy_allgenes,5,0.9197937257978216,Green
E2,numpy_allgenes,6,1.0104356793943055,Green
E2,numpy_allgenes,7,0.9711312915140102,Green
E2,numpy_allgenes,8,0.9334264343135947,Green
E2,numpy_allgenes,9,0.9321576527319487,Green
E3,canonical,0,0.8574796312671433,Green
E3,canonical,1,0.9077776584007936,Green
E3,canonical,2,0.8723603353003039,Green
E3,canonical,3,0.7285814960674769,Green
E3,canonical,4,1.5013455214937994,Green
E3,canonical,5,0.868389820416995,Green
E3,canonical,6,1.0164112803701302,Green
E3,canonical,7,0.9151501955202698,Green
E3,canonical,8,0.9100847953577273,Green
E3,canonical,9,0.8772901417905538,Green
E3,numpy_allgenes,0,0.907468510947221,Green
E3,numpy_allgenes,1,1.0245086061633983,Green
E3,numpy_allgenes,2,0.9335400140090383,Green
E3,numpy_allgenes,3,0.893824174115332,Green
E3,numpy_allgenes,4,0.9390462877584371,Green
E3,numpy_allgenes,5,0.9381835754279231,Green
E3,numpy_allgenes,6,0.48349012096790933,Green
E3,numpy_allgenes,7,0.8934135732722783,Green
E3,numpy_allgenes,8,0.9519146849120345,Green
E3,numpy_allgenes,9,0.8656089049122014,Green
E1,canonical,0,0.7489102102897424,MO-lex-K
E1,canonical,1,0.8271151745348432,MO-lex-K
E1,canonical,2,0.8044796537496898,MO-lex-K
E1,canonical,3,0.7747747148723654,MO-lex-K
E1,canonical,4,0.748901189051527,MO-lex-K
E1,canonical,5,0.7899712309195381,MO-lex-K
E1,canonical,6,1.2803856682630976,MO-lex-K
E1,canonical,7,0.8589038518716909,MO-lex-K
E1,canonical,8,0.8307875027732087,MO-lex-K
E1,canonical,9,0.89356321778186,MO-lex-K
E1,numpy_allgenes,0,1.056497530759619,MO-lex-K
E1,numpy_allgenes,1,1.0453862729069794,MO-lex-K
E1,numpy_allgenes,2,1.1080378528641808,MO-lex-K
E1,numpy_allgenes,3,1.08808045744686,MO-lex-K
E1,numpy_allgenes,4,1.185618437692786,MO-lex-K
E1,numpy_allgenes,5,1.1005414318786515,MO-lex-K
E1,numpy_allgenes,6,1.0455651638139765,MO-lex-K
E1,numpy_allgenes,7,1.2617377625708717,MO-lex-K
E1,numpy_allgenes,8,1.4727006182206528,MO-lex-K
E1,numpy_allgenes,9,1.0834100239675386,MO-lex-K
E2,canonical,0,0.7963786216655313,MO-lex-K
E2,canonical,1,0.8637581028031429,MO-lex-K
E2,canonical,2,0.790469858713471,MO-lex-K
E2,canonical,3,0.8037035226617739,MO-lex-K
E2,canonical,4,0.7348476877976855,MO-lex-K
E2,canonical,5,0.8042955425693995,MO-lex-K
E2,canonical,6,0.8098678576292375,MO-lex-K
E2,canonical,7,0.8266410503370164,MO-lex-K
E2,canonical,8,0.8257429526505436,MO-lex-K
E2,canonical,9,0.8104656587309991,MO-lex-K
E2,numpy_allgenes,0,0.852551372141514,MO-lex-K
E2,numpy_allgenes,1,0.9760943372109301,MO-lex-K
E2,numpy_allgenes,2,0.9484526394835495,MO-lex-K
E2,numpy_allgenes,3,0.9683186568782517,MO-lex-K
E2,numpy_allgenes,4,0.9945478722507882,MO-lex-K
E2,numpy_allgenes,5,0.9662266252779327,MO-lex-K
E2,numpy_allgenes,6,0.9878783394849956,MO-lex-K
E2,numpy_allgenes,7,1.1817948266332807,MO-lex-K
E2,numpy_allgenes,8,0.9456942188311592,MO-lex-K
E2,numpy_allgenes,9,0.9448761526290762,MO-lex-K
E3,canonical,0,0.8934090747529685,MO-lex-K
E3,canonical,1,0.9685598344953779,MO-lex-K
E3,canonical,2,0.916044959518136,MO-lex-K
E3,canonical,3,0.7394228272331186,MO-lex-K
E3,canonical,4,0.9396460023418093,MO-lex-K
E3,canonical,5,0.9189045661317196,MO-lex-K
E3,canonical,6,0.9304649247587895,MO-lex-K
E3,canonical,7,1.0303654736857026,MO-lex-K
E3,canonical,8,0.9173066270779879,MO-lex-K
E3,canonical,9,0.9242075927179895,MO-lex-K
E3,numpy_allgenes,0,1.0419557630987342,MO-lex-K
E3,numpy_allgenes,1,0.9861983119276128,MO-lex-K
E3,numpy_allgenes,2,0.9841348490029825,MO-lex-K
E3,numpy_allgenes,3,1.0143066739581905,MO-lex-K
E3,numpy_allgenes,4,1.0063183345045281,MO-lex-K
E3,numpy_allgenes,5,0.9794365454697848,MO-lex-K
E3,numpy_allgenes,6,0.5193216402213376,MO-lex-K
E3,numpy_allgenes,7,0.9485841032843656,MO-lex-K
E3,numpy_allgenes,8,0.9621714827055009,MO-lex-K
E3,numpy_allgenes,9,0.9284653845195503,MO-lex-K
E1,canonical,0,0.74934908484098,Green-K
E1,canonical,1,0.8126202549553219,Green-K
E1,canonical,2,0.7976580027496287,Green-K
E1,canonical,3,0.909665317417992,Green-K
E1,canonical,4,0.7484191924443664,Green-K
E1,canonical,5,0.7917086658473813,Green-K
E1,canonical,6,0.712158687946922,Green-K
E1,canonical,7,0.867129798872711,Green-K
E1,canonical,8,0.8011602843400774,Green-K
E1,canonical,9,0.7715908714552284,Green-K
E1,numpy_allgenes,0,1.1071560221361585,Green-K
E1,numpy_allgenes,1,1.1250324673967194,Green-K
E1,numpy_allgenes,2,1.1105921946696138,Green-K
E1,numpy_allgenes,3,1.1266276998109532,Green-K
E1,numpy_allgenes,4,1.3568877066498948,Green-K
E1,numpy_allgenes,5,1.0651655180176332,Green-K
E1,numpy_allgenes,6,1.3021107177753586,Green-K
E1,numpy_allgenes,7,1.178382008588742,Green-K
E1,numpy_allgenes,8,1.084509424527852,Green-K
E1,numpy_allgenes,9,1.0755210743216672,Green-K
E2,canonical,0,0.6567564437998289,Green-K
E2,canonical,1,0.6912836041445722,Green-K
E2,canonical,2,0.65856484637408,Green-K
E2,canonical,3,0.6363911920749317,Green-K
E2,canonical,4,0.5846605608892392,Green-K
E2,canonical,5,0.6591707491499292,Green-K
E2,canonical,6,1.0951599135490055,Green-K
E2,canonical,7,0.6590707818857215,Green-K
E2,canonical,8,0.6633320714122007,Green-K
E2,canonical,9,0.676685288311014,Green-K
E2,numpy_allgenes,0,0.8475498294615864,Green-K
E2,numpy_allgenes,1,1.0248365405222144,Green-K
E2,numpy_allgenes,2,0.9694097984936529,Green-K
E2,numpy_allgenes,3,1.1024600202476844,Green-K
E2,numpy_allgenes,4,1.0061810328916214,Green-K
E2,numpy_allgenes,5,0.9197397781354217,Green-K
E2,numpy_allgenes,6,0.9941768637895829,Green-K
E2,numpy_allgenes,7,1.0091138775450599,Green-K
E2,numpy_allgenes,8,0.945635671518101,Green-K
E2,numpy_allgenes,9,0.9450295062986804,Green-K
E3,canonical,0,0.8357851630316331,Green-K
E3,canonical,1,0.8526852428798959,Green-K
E3,canonical,2,0.8586639825052602,Green-K
E3,canonical,3,0.7057977694202129,Green-K
E3,canonical,4,0.8910060589305502,Green-K
E3,canonical,5,0.8955186962522614,Green-K
E3,canonical,6,0.8629924523902642,Green-K
E3,canonical,7,0.9705356630661598,Green-K
E3,canonical,8,1.0205284895747384,Green-K
E3,canonical,9,0.8571328698855385,Green-K
E3,numpy_allgenes,0,0.8539163479669635,Green-K
E3,numpy_allgenes,1,0.9885165547507585,Green-K
E3,numpy_allgenes,2,0.9242219274563829,Green-K
E3,numpy_allgenes,3,0.8914781405209657,Green-K
E3,numpy_allgenes,4,0.938795722730789,Green-K
E3,numpy_allgenes,5,1.0279086213653768,Green-K
E3,numpy_allgenes,6,0.553734475970912,Green-K
E3,numpy_allgenes,7,0.9854965943314592,Green-K
E3,numpy_allgenes,8,0.9100187310357735,Green-K
E3,numpy_allgenes,9,0.8974421358845782,Green-K
