example,config,seed,cost,C,C_ops,C_K,p1,sumd,n_genes,n_steps,t_numpy_allgenes,t_canonical
E1,SO,0,ops,9.0,9,60.953125,4,5,5.0,87.0,0.0002765774726185555,9.201619384668902e-06
E1,SO,1,ops,11.0,11,83.734375,4,7,5.0,89.0,0.0003156751289452586,1.0932932376306326e-05
E1,SO,2,ops,10.0,10,72.34375,4,6,5.0,87.0,0.0002985196914551125,9.905303954838018e-06
E1,SO,3,ops,14.0,14,107.515625,5,9,5.0,88.0,0.0003052910155929567,1.3478922603837873e-05
E1,SO,4,ops,9.0,9,60.953125,4,5,5.0,88.0,0.00025688313678529084,9.312103269820682e-06
E1,SO,5,ops,11.0,11,73.34375,5,6,5.0,88.0,0.0002602574883212583,1.0950642945317668e-05
E1,SO,6,ops,7.0,7,48.5625,3,4,5.0,89.0,0.0002620276679863309,7.527226809855847e-06
E1,SO,7,ops,9.0,9,60.953125,4,5,5.0,88.0,0.0002594692383581787,9.242864013714325e-06
E1,SO,8,ops,13.0,13,96.125,5,8,5.0,88.0,0.0002985525703707026,1.248007202292456e-05
E1,SO,9,ops,7.0,7,48.5625,3,4,5.0,89.0,0.00026216812887014385,7.5719198022738965e-06
E1,SO,10,ops,7.0,7,48.5625,3,4,5.0,89.0,0.0002620276679863309,7.527226809855847e-06
E1,SO,11,ops,7.0,7,48.5625,3,4,5.0,89.0,0.0002620276679863309,7.527226809855847e-06
E1,SO,12,ops,11.0,11,83.734375,4,7,5.0,89.0,0.00030912581632946967,1.102239990302678e-05
E1,SO,13,ops,7.0,7,48.5625,3,4,5.0,89.0,0.0002620276679863309,7.527226809855847e-06
E1,SO,14,ops,9.0,9,60.953125,4,5,5.0,87.0,0.0002564908828617263,9.038269045191782e-06
E1,SO,15,ops,9.0,9,60.953125,4,5,5.0,89.0,0.0002637190741552331,9.428171875214275e-06
E1,SO,16,ops,9.0,9,60.953125,4,5,5.0,87.0,0.00025523925785364554,9.039021851009466e-06
E1,SO,17,ops,9.0,9,60.953125,4,5,5.0,88.0,0.0002603684922632965,9.318720458395546e-06
E1,SO,18,ops,10.0,10,72.34375,4,6,5.0,87.0,0.0002780328788958286,9.9973194593872e-06
E1,SO,19,ops,7.0,7,48.5625,3,4,5.0,89.0,0.00026216812887014385,7.5719198022738965e-06
E1,SO,20,ops,7.0,7,48.5625,3,4,5.0,89.0,0.0002620276679863309,7.527226809855847e-06
E1,SO,21,ops,11.0,11,83.734375,4,7,5.0,89.0,0.0002957086562673794,1.106018579122292e-05
E1,SO,22,ops,11.0,11,73.34375,5,6,5.0,88.0,0.0002598113593421658,1.0900568604199634e-05
E1,SO,23,ops,14.0,14,107.515625,5,9,5.0,89.0,0.0003085714492954139,1.3617095945051005e-05
E1,SO,24,ops,9.0,9,60.953125,4,5,5.0,86.0,0.00025278124996930273,9.07315576270662e-06
E1,SO,25,ops,11.0,11,73.34375,5,6,5.0,88.0,0.0002601697616455567,1.1042867065214068e-05
E1,SO,26,ops,9.0,9,60.953125,4,5,5.0,87.0,0.00025523925785364554,9.039021851009466e-06
E1,SO,27,ops,9.0,9,60.953125,4,5,5.0,87.0,0.0002566726914210449,9.043380735818118e-06
E1,SO,28,ops,9.0,9,60.953125,4,5,5.0,87.0,0.0002564908828617263,9.038269045191782e-06
E1,SO,29,ops,9.0,9,60.953125,4,5,5.0,87.0,0.0002564908828617263,9.038269045191782e-06
E2,SO,0,ops,12.0,12,84.734375,5,7,5.0,85.0,0.00026213655473839026,1.1481226561471658e-05
E2,SO,1,ops,12.0,12,84.734375,5,7,5.0,85.0,0.0002616088867171129,1.1317301392921308e-05
E2,SO,2,ops,12.0,12,84.734375,5,7,5.0,85.0,0.000270451332085031,1.1380498168733766e-05
E2,SO,3,ops,12.0,12,84.734375,5,7,5.0,85.0,0.0002638191757569075,1.1346349118923627e-05
E2,SO,4,ops,12.0,12,84.734375,5,7,5.0,85.0,0.00026310693363029714,1.1351282715565958e-05
E2,SO,5,ops,12.0,12,84.734375,5,7,5.0,85.0,0.0002713069687843017,1.1268218994331392e-05
E2,SO,6,ops,12.0,12,84.734375,5,7,5.0,85.0,0.0002691077461349778,1.1437322019247631e-05
E2,SO,7,ops,12.0,12,84.734375,5,7,5.0,85.0,0.0002703460273778546,1.1441675901835424e-05
E2,SO,8,ops,12.0,12,84.734375,5,7,5.0,85.0,0.00026111588681487774,1.1315892454177856e-05
E2,SO,9,ops,12.0,12,84.734375,5,7,5.0,85.0,0.0002688911133645888,1.130812072958065e-05
E2,SO,10,ops,12.0,12,84.734375,5,7,5.0,85.0,0.00027107340633847343,1.1417017699244525e-05
E2,SO,11,ops,12.0,12,84.734375,5,7,5.0,85.0,0.000261870933627506,1.134569287231102e-05
E2,SO,12,ops,12.0,12,84.734375,5,7,5.0,85.0,0.0002643492812239856,1.1462290530062091e-05
E2,SO,13,ops,12.0,12,84.734375,5,7,5.0,85.0,0.0002643907890842456,1.1507893919571188e-05
E2,SO,14,ops,12.0,12,84.734375,5,7,5.0,85.0,0.0002712135391220727,1.147251892064105e-05
E2,SO,15,ops,12.0,12,84.734375,5,7,5.0,85.0,0.00026033073049802624,1.1315811157430744e-05
E2,SO,16,ops,12.0,12,84.734375,5,7,5.0,85.0,0.00027034765616917866,1.1345672607632196e-05
E2,SO,17,ops,12.0,12,84.734375,5,7,5.0,85.0,0.00026274967183326225,1.1386362793075477e-05
E2,SO,18,ops,12.0,12,84.734375,5,7,5.0,85.0,0.00026236800385959214,1.1225087522603872e-05
E2,SO,19,ops,12.0,12,84.734375,5,7,5.0,85.0,0.00026348860944835906,1.1430394533107346e-05
E2,SO,20,ops,12.0,12,84.734375,5,7,5.0,85.0,0.0002703123359424353,1.151817321698445e-05
E2,SO,21,ops,12.0,12,84.734375,5,7,5.0,85.0,0.0002706373710452681,1.1251856445682051e-05
E2,SO,22,ops,12.0,12,84.734375,5,7,5.0,85.0,0.0002637638359601624,1.1419357299757849e-05
E2,SO,23,ops,12.0,12,84.734375,5,7,5.0,85.0,0.00026947591015868966,1.1236119508595266e-05
E2,SO,24,ops,12.0,12,84.734375,5,7,5.0,85.0,0.000262587078168508,1.1342880249287646e-05
E2,SO,25,ops,12.0,12,84.734375,5,7,5.0,85.0,0.00026166341024236317,1.13449503160723e-05
E2,SO,26,ops,12.0,12,84.734375,5,7,5.0,85.0,0.00027094807808225596,1.1234288574968332e-05
E2,SO,27,ops,12.0,12,84.734375,5,7,5.0,85.0,0.0002693326836151755,1.1410578366621849e-05
E2,SO,28,ops,12.0,12,84.734375,5,7,5.0,85.0,0.0002627968750630316,1.1548553466411704e-05
E2,SO,29,ops,12.0,12,84.734375,5,7,5.0,85.0,0.0002629441718227099,1.1415384886248603e-05
E3,SO,0,ops,19.0,19,133.296875,8,11,8.0,192.0,0.0008277324218397553,3.847007226909227e-05
E3,SO,1,ops,16.0,16,109.515625,7,9,8.0,192.0,0.000776327796984333,3.3284159670188274e-05
E3,SO,2,ops,19.0,19,133.296875,8,11,8.0,192.0,0.0008070527342169953,3.9778564442372044e-05
E3,SO,3,ops,18.0,18,121.90625,8,10,8.0,192.0,0.0007775260469315981,3.6931742187107375e-05
E3,SO,4,ops,18.0,18,121.90625,8,10,8.0,192.0,0.0007775364533699758,3.6808614254368877e-05
E3,SO,5,ops,18.0,18,121.90625,8,10,8.0,192.0,0.0007945598908918328,3.67554526405911e-05
E3,SO,6,ops,19.0,19,133.296875,8,11,8.0,192.0,0.0008490852969771367,3.853133154052557e-05
E3,SO,7,ops,20.0,20,144.6875,8,12,8.0,191.0,0.00086852409367566,4.004209424124383e-05
E3,SO,8,ops,16.0,16,109.515625,7,9,8.0,192.0,0.0007980957034305902,3.303021240697035e-05
E3,SO,9,ops,20.0,20,144.6875,8,12,8.0,192.0,0.0008563170467823511,4.017150880031295e-05
E3,SO,10,ops,25.0,25,201.640625,8,17,8.0,194.0,0.0010949192655971274,4.998331638716991e-05
E3,SO,11,ops,24.0,24,190.25,8,16,8.0,192.0,0.0010338652346035815,4.8203023439441495e-05
E3,SO,12,ops,18.0,18,121.90625,8,10,8.0,192.0,0.0007972447815518535,3.675264503044673e-05
E3,SO,13,ops,19.0,19,133.296875,8,11,8.0,192.0,0.0008207141877392132,3.8515136722594434e-05
E3,SO,14,ops,14.0,14,86.734375,7,7,8.0,192.0,0.0007068928985063394,3.0224405762169226e-05
E3,SO,15,ops,20.0,20,144.6875,8,12,8.0,190.0,0.0008475169220218959,4.007259082072778e-05
E3,SO,16,ops,16.0,16,109.515625,7,9,8.0,192.0,0.0007936914062156575,3.307287596499009e-05
E3,SO,17,ops,18.0,18,121.90625,8,10,8.0,192.0,0.0007993802187229448,3.6823974610911137e-05
E3,SO,18,ops,16.0,16,109.515625,7,9,8.0,192.0,0.0007949739533614775,3.3039367679066345e-05
E3,SO,19,ops,19.0,19,133.296875,8,11,8.0,192.0,0.0008229993591157836,3.845867919949342e-05
E3,SO,20,ops,16.0,16,109.515625,7,9,8.0,192.0,0.0007762734373955027,3.304170752471691e-05
E3,SO,21,ops,20.0,20,144.6875,8,12,8.0,191.0,0.0008714420469004835,3.974271631079773e-05
E3,SO,22,ops,14.0,14,86.734375,7,7,8.0,192.0,0.0007067587891924632,3.007405615562675e-05
E3,SO,23,ops,21.0,21,166.46875,7,14,8.0,195.0,0.0010058378907160659,4.3193725588253074e-05
E3,SO,24,ops,19.0,19,133.296875,8,11,8.0,192.0,0.0008435852810180222,3.819049072717462e-05
E3,SO,25,ops,18.0,18,121.90625,8,10,8.0,192.0,0.0007792464218709938,3.6790975102007906e-05
E3,SO,26,ops,19.0,19,133.296875,8,11,8.0,192.0,0.0008459902346658055,3.827591943661446e-05
E3,SO,27,ops,19.0,19,133.296875,8,11,8.0,192.0,0.0008238105469899892,3.846502686144504e-05
E3,SO,28,ops,14.0,14,86.734375,7,7,8.0,192.0,0.0007043307266485499,3.0029622550387103e-05
E3,SO,29,ops,16.0,16,109.515625,7,9,,,,
E1,MO-lex,0,ops,7.0,7,48.5625,3,4,5.0,89.0,0.00026304736331894674,7.569834352239013e-06
E1,MO-lex,1,ops,7.0,7,48.5625,3,4,5.0,89.0,0.00026294791791769967,7.594792602816369e-06
E1,MO-lex,2,ops,7.0,7,48.5625,3,4,5.0,89.0,0.00026216812887014385,7.5719198022738965e-06
E1,MO-lex,3,ops,7.0,7,48.5625,3,4,5.0,89.0,0.0002632392578334475,7.627278563404616e-06
E1,MO-lex,4,ops,7.0,7,48.5625,3,4,5.0,89.0,0.0002837224960785534,7.617808105209178e-06
E1,MO-lex,5,ops,7.0,7,48.5625,3,4,5.0,89.0,0.0002620276679863309,7.527226809855847e-06
E1,MO-lex,6,ops,7.0,7,48.5625,3,4,5.0,89.0,0.0002620276679863309,7.527226809855847e-06
E1,MO-lex,7,ops,7.0,7,48.5625,3,4,5.0,89.0,0.00026304736331894674,7.569834352239013e-06
E1,MO-lex,8,ops,7.0,7,48.5625,3,4,5.0,89.0,0.00026304736331894674,7.569834352239013e-06
E1,MO-lex,9,ops,7.0,7,48.5625,3,4,5.0,89.0,0.00026216812887014385,7.5719198022738965e-06
E1,MO-lex,10,ops,7.0,7,48.5625,3,4,5.0,89.0,0.0002620276679863309,7.527226809855847e-06
E1,MO-lex,11,ops,7.0,7,48.5625,3,4,5.0,89.0,0.0002620276679863309,7.527226809855847e-06
E1,MO-lex,12,ops,7.0,7,48.5625,3,4,5.0,89.0,0.00026216812887014385,7.5719198022738965e-06
E1,MO-lex,13,ops,7.0,7,48.5625,3,4,5.0,89.0,0.0002620276679863309,7.527226809855847e-06
E1,MO-lex,14,ops,7.0,7,48.5625,3,4,5.0,89.0,0.0002620276679863309,7.527226809855847e-06
E1,MO-lex,15,ops,7.0,7,48.5625,3,4,5.0,89.0,0.00026304736331894674,7.569834352239013e-06
E1,MO-lex,16,ops,7.0,7,48.5625,3,4,5.0,89.0,0.00026216812887014385,7.5719198022738965e-06
E1,MO-lex,17,ops,7.0,7,48.5625,3,4,5.0,89.0,0.00026287141793090996,7.653920413019932e-06
E1,MO-lex,18,ops,7.0,7,48.5625,3,4,5.0,89.0,0.00028352685546906287,7.564870237786181e-06
E1,MO-lex,19,ops,7.0,7,48.5625,3,4,5.0,89.0,0.00026216812887014385,7.5719198022738965e-06
E1,MO-lex,20,ops,7.0,7,48.5625,3,4,5.0,89.0,0.0002620276679863309,7.527226809855847e-06
E1,MO-lex,21,ops,7.0,7,48.5625,3,4,5.0,89.0,0.00026294791791769967,7.594792602816369e-06
E1,MO-lex,22,ops,7.0,7,48.5625,3,4,5.0,89.0,0.00026294791791769967,7.594792602816369e-06
E1,MO-lex,23,ops,7.0,7,48.5625,3,4,5.0,89.0,0.00028308610148997104,7.58199572814533e-06
E1,MO-lex,24,ops,7.0,7,48.5625,3,4,5.0,89.0,0.0002620276679863309,7.527226809855847e-06
E1,MO-lex,25,ops,7.0,7,48.5625,3,4,5.0,89.0,0.00026216812887014385,7.5719198022738965e-06
E1,MO-lex,26,ops,7.0,7,48.5625,3,4,5.0,89.0,0.0002620276679863309,7.527226809855847e-06
E1,MO-lex,27,ops,7.0,7,48.5625,3,4,5.0,89.0,0.0002620276679863309,7.527226809855847e-06
E1,MO-lex,28,ops,7.0,7,48.5625,3,4,5.0,89.0,0.00026358414447713585,7.548233032395046e-06
E1,MO-lex,29,ops,7.0,7,48.5625,3,4,5.0,89.0,0.0002620276679863309,7.527226809855847e-06
E2,MO-lex,0,ops,10.0,10,72.34375,4,6,5.0,85.0,0.000263263023498439,9.773356079989526e-06
E2,MO-lex,1,ops,9.0,9,60.953125,4,5,5.0,85.0,0.0002709607733777375,8.953572631753559e-06
E2,MO-lex,2,ops,10.0,10,72.34375,4,6,5.0,85.0,0.00026158137893617095,9.868443846983155e-06
E2,MO-lex,3,ops,10.0,10,72.34375,4,6,5.0,85.0,0.0002708596991851664,9.750686647436169e-06
E2,MO-lex,4,ops,10.0,10,72.34375,4,6,5.0,85.0,0.0002641095391027193,9.7099202882589e-06
E2,MO-lex,5,ops,10.0,10,72.34375,4,6,5.0,85.0,0.0002713971327921172,9.723648069837054e-06
E2,MO-lex,6,ops,9.0,9,60.953125,4,5,5.0,85.0,0.00025203206632795627,9.091481445011595e-06
E2,MO-lex,7,ops,11.0,11,73.34375,5,6,5.0,85.0,0.000251070636750228,1.0553644898436687e-05
E2,MO-lex,8,ops,9.0,9,60.953125,4,5,5.0,85.0,0.00027113232420106215,8.905217530497112e-06
E2,MO-lex,9,ops,7.0,7,48.5625,3,4,5.0,85.0,0.0002490102539240979,7.405156370765553e-06
E2,MO-lex,10,ops,10.0,10,72.34375,4,6,5.0,85.0,0.00027240836720920925,9.82206213251402e-06
E2,MO-lex,11,ops,10.0,10,72.34375,4,6,5.0,85.0,0.000262311199207943,9.748209595983326e-06
E2,MO-lex,12,ops,9.0,9,60.953125,4,5,5.0,85.0,0.0002516134413781401,9.09176635843778e-06
E2,MO-lex,13,ops,10.0,10,72.34375,4,6,5.0,85.0,0.000270989585942516,9.755513428189033e-06
E2,MO-lex,14,ops,9.0,9,60.953125,4,5,5.0,85.0,0.00025099625781876966,9.034988401879218e-06
E2,MO-lex,15,ops,9.0,9,60.953125,4,5,5.0,85.0,0.00024908837895054603,8.887100221954825e-06
E2,MO-lex,16,ops,10.0,10,72.34375,4,6,5.0,85.0,0.00029048746489479527,9.804692503223578e-06
E2,MO-lex,17,ops,7.0,7,48.5625,3,4,5.0,85.0,0.00025029557025391114,7.3555450441631365e-06
E2,MO-lex,18,ops,10.0,10,72.34375,4,6,5.0,85.0,0.00026321696100239933,9.779713991520111e-06
E2,MO-lex,19,ops,10.0,10,72.34375,4,6,5.0,85.0,0.0002688087538444961,9.880355836600074e-06
E2,MO-lex,20,ops,7.0,7,48.5625,3,4,5.0,85.0,0.000250582683634093,7.2996113296142084e-06
E2,MO-lex,21,ops,9.0,9,60.953125,4,5,5.0,85.0,0.0002517032889954862,9.021876099524206e-06
E2,MO-lex,22,ops,7.0,7,48.5625,3,4,5.0,85.0,0.00027037076949909533,7.391194703387782e-06
E2,MO-lex,23,ops,7.0,7,48.5625,3,4,5.0,85.0,0.0002478243789028056,7.317011473162438e-06
E2,MO-lex,24,ops,9.0,9,60.953125,4,5,5.0,85.0,0.00027026350790038123,8.978449464791538e-06
E2,MO-lex,25,ops,11.0,11,73.34375,5,6,5.0,85.0,0.0002486627616917758,1.0478576658812244e-05
E2,MO-lex,26,ops,10.0,10,72.34375,4,6,5.0,85.0,0.0002704962578263803,9.739985106449467e-06
E2,MO-lex,27,ops,10.0,10,72.34375,4,6,5.0,85.0,0.0002712659492090097,9.85922241270032e-06
E2,MO-lex,28,ops,10.0,10,72.34375,4,6,5.0,85.0,0.00026225960550618765,9.785786865279533e-06
E2,MO-lex,29,ops,10.0,10,72.34375,4,6,5.0,85.0,0.00027064485550454265,9.800008179183806e-06
E3,MO-lex,0,ops,16.0,16,109.515625,7,9,8.0,192.0,0.0007756943357435375,3.305246973184239e-05
E3,MO-lex,1,ops,16.0,16,109.515625,7,9,8.0,192.0,0.000776327796984333,3.3284159670188274e-05
E3,MO-lex,2,ops,16.0,16,109.515625,7,9,8.0,192.0,0.0007792324217916757,3.3068847656636535e-05
E3,MO-lex,3,ops,16.0,16,109.515625,7,9,8.0,192.0,0.0007805703125995933,3.323313379155479e-05
E3,MO-lex,4,ops,16.0,16,109.515625,7,9,8.0,192.0,0.0007771738282826846,3.3193827150057587e-05
E3,MO-lex,5,ops,16.0,16,109.515625,7,9,8.0,192.0,0.0007947102812977391,3.312652587794673e-05
E3,MO-lex,6,ops,16.0,16,109.515625,7,9,8.0,192.0,0.0007965032500578673,3.306697558969063e-05
E3,MO-lex,7,ops,20.0,20,144.6875,8,12,8.0,191.0,0.00086852409367566,4.004209424124383e-05
E3,MO-lex,8,ops,16.0,16,109.515625,7,9,8.0,192.0,0.0007980957034305902,3.303021240697035e-05
E3,MO-lex,9,ops,16.0,16,109.515625,7,9,8.0,192.0,0.0007760351563774748,3.3072265622990926e-05
E3,MO-lex,10,ops,21.0,21,166.46875,7,14,8.0,194.0,0.0009976666565307823,4.2603678721775395e-05
E3,MO-lex,11,ops,20.0,20,155.078125,7,13,8.0,192.0,0.0010306451877113432,4.059771728748274e-05
E3,MO-lex,12,ops,16.0,16,109.515625,7,9,8.0,192.0,0.00079719335963091,3.316440819389754e-05
E3,MO-lex,13,ops,19.0,19,133.296875,8,11,8.0,192.0,0.0008231588590206229,3.845312500061482e-05
E3,MO-lex,14,ops,14.0,14,86.734375,7,7,8.0,192.0,0.0007068928985063394,3.0224405762169226e-05
E3,MO-lex,15,ops,20.0,20,144.6875,8,12,8.0,190.0,0.0008475169220218959,4.007259082072778e-05
E3,MO-lex,16,ops,16.0,16,109.515625,7,9,8.0,192.0,0.0007936914062156575,3.307287596499009e-05
E3,MO-lex,17,ops,16.0,16,109.515625,7,9,8.0,192.0,0.0007978085941431345,3.3152038568573516e-05
E3,MO-lex,18,ops,16.0,16,109.515625,7,9,8.0,192.0,0.0007949739533614775,3.3039367679066345e-05
E3,MO-lex,19,ops,16.0,16,109.515625,7,9,8.0,192.0,0.0007945110623950313,3.3720581043894526e-05
E3,MO-lex,20,ops,16.0,16,109.515625,7,9,8.0,192.0,0.0007762734373955027,3.304170752471691e-05
E3,MO-lex,21,ops,20.0,20,144.6875,8,12,8.0,191.0,0.0008714420469004835,3.974271631079773e-05
E3,MO-lex,22,ops,14.0,14,86.734375,7,7,8.0,192.0,0.0007067587891924632,3.007405615562675e-05
E3,MO-lex,23,ops,18.0,18,142.6875,6,12,8.0,195.0,0.001035201828017307,3.742655468386147e-05
E3,MO-lex,24,ops,16.0,16,109.515625,7,9,8.0,192.0,0.0007993033750608447,3.321386718369013e-05
E3,MO-lex,25,ops,16.0,16,109.515625,7,9,8.0,192.0,0.0007947343751766311,3.315315721863499e-05
E3,MO-lex,26,ops,16.0,16,109.515625,7,9,8.0,192.0,0.000800575515768287,3.311090088686797e-05
E3,MO-lex,27,ops,16.0,16,109.515625,7,9,8.0,192.0,0.0007805429686413845,3.313767480506158e-05
E3,MO-lex,28,ops,14.0,14,86.734375,7,7,8.0,192.0,0.0007043307266485499,3.0029622550387103e-05
E3,MO-lex,29,ops,16.0,16,109.515625,7,9,,,,
E1,Green,0,ops,7.0,7,48.5625,3,4,5.0,89.0,0.0002633045234006204,7.578531860730209e-06
E1,Green,1,ops,7.0,7,48.5625,3,4,5.0,89.0,0.00026240869135563116,7.581364990016937e-06
E1,Green,2,ops,7.0,7,48.5625,3,4,5.0,89.0,0.0002600144844109309,7.550415038082292e-06
E1,Green,3,ops,7.0,7,48.5625,3,4,5.0,89.0,0.0002634280624533858,7.592524170263459e-06
E1,Green,4,ops,7.0,7,48.5625,3,4,5.0,89.0,0.0002625543593239854,7.539164183612002e-06
E1,Green,5,ops,7.0,7,48.5625,3,4,5.0,89.0,0.00026300081640329154,7.657465577182165e-06
E1,Green,6,ops,7.0,7,48.5625,3,4,5.0,89.0,0.0002632360038887782,7.598658200436148e-06
E1,Green,7,ops,7.0,7,48.5625,3,4,5.0,89.0,0.00028388378905219724,7.610809326763501e-06
E1,Green,8,ops,7.0,7,48.5625,3,4,5.0,89.0,0.00028467464062487124,7.66347253389199e-06
E1,Green,9,ops,7.0,7,48.5625,3,4,5.0,89.0,0.000263847167957465,7.580042481691862e-06
E1,Green,10,ops,7.0,7,48.5625,3,4,5.0,89.0,0.0002625543593239854,7.539164183612002e-06
E1,Green,11,ops,7.0,7,48.5625,3,4,5.0,89.0,0.00026410888676764444,7.616271975763311e-06
E1,Green,12,ops,7.0,7,48.5625,3,4,5.0,89.0,0.0002631694336514556,7.578842165401056e-06
E1,Green,13,ops,7.0,7,48.5625,3,4,5.0,89.0,0.00026222998042157997,7.573048950604289e-06
E1,Green,14,ops,7.0,7,48.5625,3,4,5.0,89.0,0.00026167203907334624,7.626271607108492e-06
E1,Green,15,ops,7.0,7,48.5625,3,4,5.0,89.0,0.0002610571289096697,7.651367187833102e-06
E1,Green,16,ops,7.0,7,48.5625,3,4,5.0,89.0,0.00026128824606530543,7.585225464623591e-06
E1,Green,17,ops,7.0,7,48.5625,3,4,5.0,89.0,0.0002616388360365818,7.6675720208641e-06
E1,Green,18,ops,7.0,7,48.5625,3,4,5.0,89.0,0.00026290706250620133,7.569559691944505e-06
E1,Green,19,ops,7.0,7,48.5625,3,4,5.0,89.0,0.00028443424605484324,7.66340637170515e-06
E1,Green,20,ops,7.0,7,48.5625,3,4,5.0,89.0,0.00028375943747960264,7.6072031269802665e-06
E1,Green,21,ops,7.0,7,48.5625,3,4,5.0,89.0,0.00026376839059594204,7.611557006015346e-06
E1,Green,22,ops,7.0,7,48.5625,3,4,5.0,89.0,0.00026369970703399304,7.5877125240708665e-06
E1,Green,23,ops,7.0,7,48.5625,3,4,5.0,89.0,0.000263847167957465,7.580042481691862e-06
E1,Green,24,ops,7.0,7,48.5625,3,4,5.0,89.0,0.000283502441334349,7.635014771523174e-06
E1,Green,25,ops,7.0,7,48.5625,3,4,5.0,89.0,0.0002627368164667132,7.653915403693645e-06
E1,Green,26,ops,7.0,7,48.5625,3,4,5.0,89.0,0.00026021923838470684,7.610407472213865e-06
E1,Green,27,ops,7.0,7,48.5625,3,4,5.0,89.0,0.00028311409380421537,7.621022703574454e-06
E1,Green,28,ops,7.0,7,48.5625,3,4,5.0,89.0,0.0002632259140682436,7.5507354750925515e-06
E1,Green,29,ops,7.0,7,48.5625,3,4,5.0,89.0,0.0002623155937726551,7.543426512768292e-06
E2,Green,0,ops,7.0,7,48.5625,3,4,5.0,85.0,0.0002710768242195627,7.390416381980458e-06
E2,Green,1,ops,7.0,7,48.5625,3,4,5.0,85.0,0.00025084553908527596,7.371134401523705e-06
E2,Green,2,ops,7.0,7,48.5625,3,4,5.0,85.0,0.0002502578124676802,7.4643808609664575e-06
E2,Green,3,ops,7.0,7,48.5625,3,4,5.0,85.0,0.00027087467185538117,7.39635217072987e-06
E2,Green,4,ops,7.0,7,48.5625,3,4,5.0,85.0,0.00027135188679494604,7.467285158213599e-06
E2,Green,5,ops,7.0,7,48.5625,3,4,5.0,85.0,0.00027127685552841285,7.399190305790171e-06
E2,Green,6,ops,7.0,7,48.5625,3,4,5.0,85.0,0.00025086523442041653,7.424148559920241e-06
E2,Green,7,ops,7.0,7,48.5625,3,4,5.0,85.0,0.00025248990618820244,7.352920530223628e-06
E2,Green,8,ops,7.0,7,48.5625,3,4,5.0,85.0,0.0002504379883703223,7.4779866920948734e-06
E2,Green,9,ops,7.0,7,48.5625,3,4,5.0,85.0,0.0002504474296074477,7.284067748969392e-06
E2,Green,10,ops,7.0,7,48.5625,3,4,5.0,85.0,0.0002509086914415093,7.41672265647253e-06
E2,Green,11,ops,7.0,7,48.5625,3,4,5.0,85.0,0.00024935009764703864,7.356867431695946e-06
E2,Green,12,ops,7.0,7,48.5625,3,4,5.0,85.0,0.00027008431243302766,7.3639526334545735e-06
E2,Green,13,ops,7.0,7,48.5625,3,4,5.0,85.0,0.0002711770820269521,7.42079675575269e-06
E2,Green,14,ops,7.0,7,48.5625,3,4,5.0,85.0,0.0002710027655439262,7.312881468379828e-06
E2,Green,15,ops,7.0,7,48.5625,3,4,5.0,85.0,0.00027115983209569094,7.441996338286572e-06
E2,Green,16,ops,7.0,7,48.5625,3,4,5.0,85.0,0.00027044693740663206,7.417058228043061e-06
E2,Green,17,ops,7.0,7,48.5625,3,4,5.0,85.0,0.0002490102539240979,7.405156370765553e-06
E2,Green,18,ops,7.0,7,48.5625,3,4,5.0,85.0,0.0002506570624518645,7.3311817629928555e-06
E2,Green,19,ops,7.0,7,48.5625,3,4,5.0,85.0,0.00025090982808251283,7.306533813533633e-06
E2,Green,20,ops,7.0,7,48.5625,3,4,5.0,85.0,0.0002507335624386542,7.312616940424732e-06
E2,Green,21,ops,7.0,7,48.5625,3,4,5.0,85.0,0.0002722423515706396,7.376408937886936e-06
E2,Green,22,ops,7.0,7,48.5625,3,4,5.0,85.0,0.0002499762383649795,7.358271240320846e-06
E2,Green,23,ops,7.0,7,48.5625,3,4,5.0,85.0,0.000249356933522904,7.312388063951403e-06
E2,Green,24,ops,9.0,9,60.953125,4,5,5.0,85.0,0.0002522130546367407,9.038304565223143e-06
E2,Green,25,ops,7.0,7,48.5625,3,4,5.0,85.0,0.00024818033978135645,7.352518679226705e-06
E2,Green,26,ops,9.0,9,60.953125,4,5,5.0,85.0,0.0002502888984281526,8.926925659125118e-06
E2,Green,27,ops,7.0,7,48.5625,3,4,5.0,85.0,0.00024935009764703864,7.356867431695946e-06
E2,Green,28,ops,7.0,7,48.5625,3,4,5.0,85.0,0.0002707306327920378,7.356257082591355e-06
E2,Green,29,ops,7.0,7,48.5625,3,4,5.0,85.0,0.0002711170234306337,7.353815675514852e-06
E3,Green,0,ops,14.0,14,86.734375,7,7,8.0,192.0,0.0007063089219627727,3.0107686527003352e-05
E3,Green,1,ops,16.0,16,109.515625,7,9,8.0,192.0,0.0007944420467538293,3.298858642608593e-05
E3,Green,2,ops,16.0,16,109.515625,7,9,8.0,192.0,0.0007988046872924315,3.314902733109193e-05
E3,Green,3,ops,19.0,19,133.296875,8,11,8.0,192.0,0.0008048326876632927,3.84859619089184e-05
E3,Green,4,ops,16.0,16,109.515625,7,9,8.0,192.0,0.0007970689998728631,3.307718895939615e-05
E3,Green,5,ops,14.0,14,86.734375,7,7,8.0,192.0,0.0007055602186483156,3.0089985841641465e-05
E3,Green,6,ops,16.0,16,109.515625,7,9,8.0,192.0,0.00077578938271472,3.307973241817308e-05
E3,Green,7,ops,18.0,18,121.90625,8,10,8.0,192.0,0.0007931894529065175,3.68137407207314e-05
E3,Green,8,ops,16.0,16,109.515625,7,9,8.0,192.0,0.0007772161404773215,3.297521972456252e-05
E3,Green,9,ops,16.0,16,109.515625,7,9,8.0,192.0,0.0007983001250977395,3.30710654310451e-05
E3,Green,10,ops,19.0,19,133.296875,8,11,8.0,192.0,0.000817636718693393,3.852054832975682e-05
E3,Green,11,ops,16.0,16,109.515625,7,9,8.0,192.0,0.0008003743437257071,3.320973681297801e-05
E3,Green,12,ops,16.0,16,109.515625,7,9,8.0,192.0,0.0007945898437355936,3.310593652372518e-05
E3,Green,13,ops,16.0,16,109.515625,7,9,8.0,192.0,0.000794190750184498,3.305094432448641e-05
E3,Green,14,ops,16.0,16,109.515625,7,9,8.0,192.0,0.0007940266877994873,3.319801807322165e-05
E3,Green,15,ops,14.0,14,86.734375,7,7,8.0,192.0,0.0007013151016508345,3.009189892111408e-05
E3,Green,16,ops,16.0,16,109.515625,7,9,8.0,192.0,0.0007908808593128924,3.300018309460029e-05
E3,Green,17,ops,14.0,14,86.734375,7,7,8.0,192.0,0.0007059788435981318,3.0128642080740065e-05
E3,Green,18,ops,16.0,16,109.515625,7,9,8.0,192.0,0.0007967851565808814,3.314390087894026e-05
E3,Green,19,ops,16.0,16,109.515625,7,9,8.0,192.0,0.0007904042968220892,3.306642675227067e-05
E3,Green,20,ops,16.0,16,109.515625,7,9,8.0,192.0,0.0007795292967784917,3.314410400889756e-05
E3,Green,21,ops,16.0,16,109.515625,7,9,8.0,192.0,0.0007746731796487438,3.3145568849590745e-05
E3,Green,22,ops,20.0,20,144.6875,8,12,8.0,190.0,0.0008586341250520491,4.020692919937119e-05
E3,Green,23,ops,16.0,16,109.515625,7,9,8.0,192.0,0.0007798658907631761,3.297745800523444e-05
E3,Green,24,ops,16.0,16,109.515625,7,9,8.0,192.0,0.0007988750003278255,3.3185058597950956e-05
E3,Green,25,ops,12.0,12,74.34375,6,6,8.0,192.0,0.0007030423125797824,2.572422314983669e-05
E3,Green,26,ops,16.0,16,109.515625,7,9,8.0,192.0,0.0007934192813081609,3.3041157720958836e-05
E3,Green,27,ops,14.0,14,86.734375,7,7,8.0,192.0,0.0007058535154556012,3.0051025390775976e-05
E3,Green,28,ops,14.0,14,86.734375,7,7,8.0,192.0,0.0007511054689075536,3.014978028659243e-05
E3,Green,29,ops,14.0,14,86.734375,7,7,8.0,192.0,0.000702957679550309,3.0007955075461723e-05
E1,MO-lex-K,0,karatsuba,48.5625,7,48.5625,3,4,5.0,89.0,0.00026304736331894674,7.569834352239013e-06
E1,MO-lex-K,1,karatsuba,48.5625,7,48.5625,3,4,5.0,89.0,0.00026294791791769967,7.594792602816369e-06
E1,MO-lex-K,2,karatsuba,48.5625,7,48.5625,3,4,5.0,89.0,0.00026216812887014385,7.5719198022738965e-06
E1,MO-lex-K,3,karatsuba,48.5625,7,48.5625,3,4,5.0,89.0,0.0002632392578334475,7.627278563404616e-06
E1,MO-lex-K,4,karatsuba,48.5625,7,48.5625,3,4,5.0,89.0,0.0002837224960785534,7.617808105209178e-06
E1,MO-lex-K,5,karatsuba,48.5625,7,48.5625,3,4,5.0,89.0,0.0002620276679863309,7.527226809855847e-06
E1,MO-lex-K,6,karatsuba,48.5625,7,48.5625,3,4,5.0,89.0,0.0002620276679863309,7.527226809855847e-06
E1,MO-lex-K,7,karatsuba,48.5625,7,48.5625,3,4,5.0,89.0,0.00026304736331894674,7.569834352239013e-06
E1,MO-lex-K,8,karatsuba,48.5625,7,48.5625,3,4,5.0,89.0,0.00026304736331894674,7.569834352239013e-06
E1,MO-lex-K,9,karatsuba,48.5625,7,48.5625,3,4,5.0,89.0,0.00026216812887014385,7.5719198022738965e-06
E1,MO-lex-K,10,karatsuba,48.5625,7,48.5625,3,4,5.0,89.0,0.0002620276679863309,7.527226809855847e-06
E1,MO-lex-K,11,karatsuba,48.5625,7,48.5625,3,4,5.0,89.0,0.0002620276679863309,7.527226809855847e-06
E1,MO-lex-K,12,karatsuba,48.5625,7,48.5625,3,4,5.0,89.0,0.00026216812887014385,7.5719198022738965e-06
E1,MO-lex-K,13,karatsuba,48.5625,7,48.5625,3,4,5.0,89.0,0.0002620276679863309,7.527226809855847e-06
E1,MO-lex-K,14,karatsuba,48.5625,7,48.5625,3,4,5.0,89.0,0.0002620276679863309,7.527226809855847e-06
E1,MO-lex-K,15,karatsuba,48.5625,7,48.5625,3,4,5.0,89.0,0.00026304736331894674,7.569834352239013e-06
E1,MO-lex-K,16,karatsuba,48.5625,7,48.5625,3,4,5.0,89.0,0.00026216812887014385,7.5719198022738965e-06
E1,MO-lex-K,17,karatsuba,48.5625,7,48.5625,3,4,5.0,89.0,0.00026287141793090996,7.653920413019932e-06
E1,MO-lex-K,18,karatsuba,48.5625,7,48.5625,3,4,5.0,89.0,0.00028352685546906287,7.564870237786181e-06
E1,MO-lex-K,19,karatsuba,48.5625,7,48.5625,3,4,5.0,89.0,0.00026216812887014385,7.5719198022738965e-06
E1,MO-lex-K,20,karatsuba,48.5625,7,48.5625,3,4,5.0,89.0,0.0002620276679863309,7.527226809855847e-06
E1,MO-lex-K,21,karatsuba,48.5625,7,48.5625,3,4,5.0,89.0,0.00026294791791769967,7.594792602816369e-06
E1,MO-lex-K,22,karatsuba,48.5625,7,48.5625,3,4,5.0,89.0,0.00026294791791769967,7.594792602816369e-06
E1,MO-lex-K,23,karatsuba,48.5625,7,48.5625,3,4,5.0,89.0,0.00028308610148997104,7.58199572814533e-06
E1,MO-lex-K,24,karatsuba,48.5625,7,48.5625,3,4,5.0,89.0,0.0002620276679863309,7.527226809855847e-06
E1,MO-lex-K,25,karatsuba,48.5625,7,48.5625,3,4,5.0,89.0,0.00026216812887014385,7.5719198022738965e-06
E1,MO-lex-K,26,karatsuba,48.5625,7,48.5625,3,4,5.0,89.0,0.0002620276679863309,7.527226809855847e-06
E1,MO-lex-K,27,karatsuba,48.5625,7,48.5625,3,4,5.0,89.0,0.0002620276679863309,7.527226809855847e-06
E1,MO-lex-K,28,karatsuba,48.5625,7,48.5625,3,4,5.0,89.0,0.00026358414447713585,7.548233032395046e-06
E1,MO-lex-K,29,karatsuba,48.5625,7,48.5625,3,4,5.0,89.0,0.0002620276679863309,7.527226809855847e-06
E2,MO-lex-K,0,karatsuba,72.34375,10,72.34375,4,6,5.0,85.0,0.000263263023498439,9.773356079989526e-06
E2,MO-lex-K,1,karatsuba,60.953125,9,60.953125,4,5,5.0,85.0,0.0002709607733777375,8.953572631753559e-06
E2,MO-lex-K,2,karatsuba,72.34375,10,72.34375,4,6,5.0,85.0,0.00026158137893617095,9.868443846983155e-06
E2,MO-lex-K,3,karatsuba,72.34375,10,72.34375,4,6,5.0,85.0,0.0002708596991851664,9.750686647436169e-06
E2,MO-lex-K,4,karatsuba,72.34375,10,72.34375,4,6,5.0,85.0,0.0002641095391027193,9.7099202882589e-06
E2,MO-lex-K,5,karatsuba,72.34375,10,72.34375,4,6,5.0,85.0,0.0002713971327921172,9.723648069837054e-06
E2,MO-lex-K,6,karatsuba,60.953125,9,60.953125,4,5,5.0,85.0,0.00025203206632795627,9.091481445011595e-06
E2,MO-lex-K,7,karatsuba,73.34375,11,73.34375,5,6,5.0,85.0,0.000251070636750228,1.0553644898436687e-05
E2,MO-lex-K,8,karatsuba,60.953125,9,60.953125,4,5,5.0,85.0,0.00027113232420106215,8.905217530497112e-06
E2,MO-lex-K,9,karatsuba,48.5625,7,48.5625,3,4,5.0,85.0,0.0002490102539240979,7.405156370765553e-06
E2,MO-lex-K,10,karatsuba,72.34375,10,72.34375,4,6,5.0,85.0,0.00027240836720920925,9.82206213251402e-06
E2,MO-lex-K,11,karatsuba,72.34375,10,72.34375,4,6,5.0,85.0,0.000262311199207943,9.748209595983326e-06
E2,MO-lex-K,12,karatsuba,60.953125,9,60.953125,4,5,5.0,85.0,0.0002516134413781401,9.09176635843778e-06
E2,MO-lex-K,13,karatsuba,72.34375,10,72.34375,4,6,5.0,85.0,0.000270989585942516,9.755513428189033e-06
E2,MO-lex-K,14,karatsuba,60.953125,9,60.953125,4,5,5.0,85.0,0.00025099625781876966,9.034988401879218e-06
E2,MO-lex-K,15,karatsuba,60.953125,9,60.953125,4,5,5.0,85.0,0.00024908837895054603,8.887100221954825e-06
E2,MO-lex-K,16,karatsuba,72.34375,10,72.34375,4,6,5.0,85.0,0.00029048746489479527,9.804692503223578e-06
E2,MO-lex-K,17,karatsuba,48.5625,7,48.5625,3,4,5.0,85.0,0.00025029557025391114,7.3555450441631365e-06
E2,MO-lex-K,18,karatsuba,72.34375,10,72.34375,4,6,5.0,85.0,0.00026321696100239933,9.779713991520111e-06
E2,MO-lex-K,19,karatsuba,72.34375,10,72.34375,4,6,5.0,85.0,0.0002688087538444961,9.880355836600074e-06
E2,MO-lex-K,20,karatsuba,48.5625,7,48.5625,3,4,5.0,85.0,0.000250582683634093,7.2996113296142084e-06
E2,MO-lex-K,21,karatsuba,60.953125,9,60.953125,4,5,5.0,85.0,0.0002517032889954862,9.021876099524206e-06
E2,MO-lex-K,22,karatsuba,48.5625,7,48.5625,3,4,5.0,85.0,0.00027037076949909533,7.391194703387782e-06
E2,MO-lex-K,23,karatsuba,48.5625,7,48.5625,3,4,5.0,85.0,0.0002478243789028056,7.317011473162438e-06
E2,MO-lex-K,24,karatsuba,60.953125,9,60.953125,4,5,5.0,85.0,0.00027026350790038123,8.978449464791538e-06
E2,MO-lex-K,25,karatsuba,73.34375,11,73.34375,5,6,5.0,85.0,0.0002486627616917758,1.0478576658812244e-05
E2,MO-lex-K,26,karatsuba,72.34375,10,72.34375,4,6,5.0,85.0,0.0002704962578263803,9.739985106449467e-06
E2,MO-lex-K,27,karatsuba,72.34375,10,72.34375,4,6,5.0,85.0,0.0002712659492090097,9.85922241270032e-06
E2,MO-lex-K,28,karatsuba,72.34375,10,72.34375,4,6,5.0,85.0,0.00026225960550618765,9.785786865279533e-06
E2,MO-lex-K,29,karatsuba,72.34375,10,72.34375,4,6,5.0,85.0,0.00027064485550454265,9.800008179183806e-06
E3,MO-lex-K,0,karatsuba,109.515625,16,109.515625,7,9,8.0,192.0,0.0007756943357435375,3.305246973184239e-05
E3,MO-lex-K,1,karatsuba,109.515625,16,109.515625,7,9,8.0,192.0,0.000776327796984333,3.3284159670188274e-05
E3,MO-lex-K,2,karatsuba,109.515625,16,109.515625,7,9,8.0,192.0,0.0007792324217916757,3.3068847656636535e-05
E3,MO-lex-K,3,karatsuba,109.515625,16,109.515625,7,9,8.0,192.0,0.0007805703125995933,3.323313379155479e-05
E3,MO-lex-K,4,karatsuba,109.515625,16,109.515625,7,9,8.0,192.0,0.0007771738282826846,3.3193827150057587e-05
E3,MO-lex-K,5,karatsuba,109.515625,16,109.515625,7,9,8.0,192.0,0.0007947102812977391,3.312652587794673e-05
E3,MO-lex-K,6,karatsuba,109.515625,16,109.515625,7,9,8.0,192.0,0.0007965032500578673,3.306697558969063e-05
E3,MO-lex-K,7,karatsuba,144.6875,20,144.6875,8,12,8.0,191.0,0.00086852409367566,4.004209424124383e-05
E3,MO-lex-K,8,karatsuba,109.515625,16,109.515625,7,9,8.0,192.0,0.0007980957034305902,3.303021240697035e-05
E3,MO-lex-K,9,karatsuba,109.515625,16,109.515625,7,9,8.0,192.0,0.0007760351563774748,3.3072265622990926e-05
E3,MO-lex-K,10,karatsuba,166.46875,21,166.46875,7,14,8.0,194.0,0.0009976666565307823,4.2603678721775395e-05
E3,MO-lex-K,11,karatsuba,155.078125,20,155.078125,7,13,8.0,192.0,0.0010306451877113432,4.059771728748274e-05
E3,MO-lex-K,12,karatsuba,109.515625,16,109.515625,7,9,8.0,192.0,0.00079719335963091,3.316440819389754e-05
E3,MO-lex-K,13,karatsuba,133.296875,19,133.296875,8,11,8.0,192.0,0.0008231588590206229,3.845312500061482e-05
E3,MO-lex-K,14,karatsuba,86.734375,14,86.734375,7,7,8.0,192.0,0.0007068928985063394,3.0224405762169226e-05
E3,MO-lex-K,15,karatsuba,144.6875,20,144.6875,8,12,8.0,190.0,0.0008475169220218959,4.007259082072778e-05
E3,MO-lex-K,16,karatsuba,109.515625,16,109.515625,7,9,8.0,192.0,0.0007936914062156575,3.307287596499009e-05
E3,MO-lex-K,17,karatsuba,109.515625,16,109.515625,7,9,8.0,192.0,0.0007978085941431345,3.3152038568573516e-05
E3,MO-lex-K,18,karatsuba,109.515625,16,109.515625,7,9,8.0,192.0,0.0007949739533614775,3.3039367679066345e-05
E3,MO-lex-K,19,karatsuba,109.515625,16,109.515625,7,9,8.0,192.0,0.0007945110623950313,3.3720581043894526e-05
E3,MO-lex-K,20,karatsuba,109.515625,16,109.515625,7,9,8.0,192.0,0.0007762734373955027,3.304170752471691e-05
E3,MO-lex-K,21,karatsuba,144.6875,20,144.6875,8,12,8.0,191.0,0.0008714420469004835,3.974271631079773e-05
E3,MO-lex-K,22,karatsuba,86.734375,14,86.734375,7,7,8.0,192.0,0.0007067587891924632,3.007405615562675e-05
E3,MO-lex-K,23,karatsuba,142.6875,18,142.6875,6,12,8.0,195.0,0.001035201828017307,3.742655468386147e-05
E3,MO-lex-K,24,karatsuba,109.515625,16,109.515625,7,9,8.0,192.0,0.0007993033750608447,3.321386718369013e-05
E3,MO-lex-K,25,karatsuba,109.515625,16,109.515625,7,9,8.0,192.0,0.0007947343751766311,3.315315721863499e-05
E3,MO-lex-K,26,karatsuba,109.515625,16,109.515625,7,9,8.0,192.0,0.000800575515768287,3.311090088686797e-05
E3,MO-lex-K,27,karatsuba,109.515625,16,109.515625,7,9,8.0,192.0,0.0007805429686413845,3.313767480506158e-05
E3,MO-lex-K,28,karatsuba,86.734375,14,86.734375,7,7,8.0,192.0,0.0007043307266485499,3.0029622550387103e-05
E3,MO-lex-K,29,karatsuba,109.515625,16,109.515625,7,9,,,,
E1,Green-K,0,karatsuba,48.5625,7,48.5625,3,4,5.0,89.0,0.0002633045234006204,7.578531860730209e-06
E1,Green-K,1,karatsuba,48.5625,7,48.5625,3,4,5.0,89.0,0.00026240869135563116,7.581364990016937e-06
E1,Green-K,2,karatsuba,48.5625,7,48.5625,3,4,5.0,89.0,0.0002600144844109309,7.550415038082292e-06
E1,Green-K,3,karatsuba,48.5625,7,48.5625,3,4,5.0,89.0,0.0002634280624533858,7.592524170263459e-06
E1,Green-K,4,karatsuba,48.5625,7,48.5625,3,4,5.0,89.0,0.0002625543593239854,7.539164183612002e-06
E1,Green-K,5,karatsuba,48.5625,7,48.5625,3,4,5.0,89.0,0.00026300081640329154,7.657465577182165e-06
E1,Green-K,6,karatsuba,48.5625,7,48.5625,3,4,5.0,89.0,0.0002632360038887782,7.598658200436148e-06
E1,Green-K,7,karatsuba,48.5625,7,48.5625,3,4,5.0,89.0,0.00026128824606530543,7.585225464623591e-06
E1,Green-K,8,karatsuba,48.5625,7,48.5625,3,4,5.0,89.0,0.00028467464062487124,7.66347253389199e-06
E1,Green-K,9,karatsuba,48.5625,7,48.5625,3,4,5.0,89.0,0.000263847167957465,7.580042481691862e-06
E1,Green-K,10,karatsuba,48.5625,7,48.5625,3,4,5.0,89.0,0.0002608115233897479,7.554860474101588e-06
E1,Green-K,11,karatsuba,48.5625,7,48.5625,3,4,5.0,89.0,0.00026410888676764444,7.616271975763311e-06
E1,Green-K,12,karatsuba,48.5625,7,48.5625,3,4,5.0,89.0,0.0002631694336514556,7.578842165401056e-06
E1,Green-K,13,karatsuba,48.5625,7,48.5625,3,4,5.0,89.0,0.00026222998042157997,7.573048950604289e-06
E1,Green-K,14,karatsuba,48.5625,7,48.5625,3,4,5.0,89.0,0.00026167203907334624,7.626271607108492e-06
E1,Green-K,15,karatsuba,48.5625,7,48.5625,3,4,5.0,89.0,0.0002610571289096697,7.651367187833102e-06
E1,Green-K,16,karatsuba,48.5625,7,48.5625,3,4,5.0,89.0,0.00026128824606530543,7.585225464623591e-06
E1,Green-K,17,karatsuba,48.5625,7,48.5625,3,4,5.0,89.0,0.0002616388360365818,7.6675720208641e-06
E1,Green-K,18,karatsuba,48.5625,7,48.5625,3,4,5.0,89.0,0.00026290706250620133,7.569559691944505e-06
E1,Green-K,19,karatsuba,48.5625,7,48.5625,3,4,5.0,89.0,0.00026311702345083177,7.680735230053415e-06
E1,Green-K,20,karatsuba,48.5625,7,48.5625,3,4,5.0,89.0,0.00028375943747960264,7.6072031269802665e-06
E1,Green-K,21,karatsuba,48.5625,7,48.5625,3,4,5.0,89.0,0.00026376839059594204,7.611557006015346e-06
E1,Green-K,22,karatsuba,48.5625,7,48.5625,3,4,5.0,89.0,0.00026369970703399304,7.5877125240708665e-06
E1,Green-K,23,karatsuba,48.5625,7,48.5625,3,4,5.0,89.0,0.000263847167957465,7.580042481691862e-06
E1,Green-K,24,karatsuba,48.5625,7,48.5625,3,4,5.0,89.0,0.00026240869135563116,7.581364990016937e-06
E1,Green-K,25,karatsuba,48.5625,7,48.5625,3,4,5.0,89.0,0.0002627368164667132,7.653915403693645e-06
E1,Green-K,26,karatsuba,48.5625,7,48.5625,3,4,5.0,89.0,0.00026021923838470684,7.610407472213865e-06
E1,Green-K,27,karatsuba,48.5625,7,48.5625,3,4,5.0,89.0,0.00028311409380421537,7.621022703574454e-06
E1,Green-K,28,karatsuba,48.5625,7,48.5625,3,4,5.0,89.0,0.0002632259140682436,7.5507354750925515e-06
E1,Green-K,29,karatsuba,48.5625,7,48.5625,3,4,5.0,89.0,0.0002623155937726551,7.543426512768292e-06
E2,Green-K,0,karatsuba,48.5625,7,48.5625,3,4,5.0,85.0,0.0002713771133358023,7.372746825495824e-06
E2,Green-K,1,karatsuba,48.5625,7,48.5625,3,4,5.0,85.0,0.0002479928358525285,7.363911986857374e-06
E2,Green-K,2,karatsuba,48.5625,7,48.5625,3,4,5.0,85.0,0.0002504379883703223,7.4779866920948734e-06
E2,Green-K,3,karatsuba,48.5625,7,48.5625,3,4,5.0,85.0,0.00024895523824852717,7.335383056528144e-06
E2,Green-K,4,karatsuba,48.5625,7,48.5625,3,4,5.0,85.0,0.000249535156285674,7.283894898790777e-06
E2,Green-K,5,karatsuba,48.5625,7,48.5625,3,4,5.0,85.0,0.0002710613593990274,7.4161478273993e-06
E2,Green-K,6,karatsuba,48.5625,7,48.5625,3,4,5.0,85.0,0.00025086523442041653,7.424148559920241e-06
E2,Green-K,7,karatsuba,48.5625,7,48.5625,3,4,5.0,85.0,0.0002509166679374175,7.470408082355107e-06
E2,Green-K,8,karatsuba,48.5625,7,48.5625,3,4,5.0,85.0,0.00025125943750481383,7.423884156310123e-06
E2,Green-K,9,karatsuba,60.953125,9,60.953125,4,5,5.0,85.0,0.00024978433987143944,8.979970338884868e-06
E2,Green-K,10,karatsuba,48.5625,7,48.5625,3,4,5.0,85.0,0.0002502849961274478,7.4119110138326505e-06
E2,Green-K,11,karatsuba,48.5625,7,48.5625,3,4,5.0,85.0,0.00025125943750481383,7.423884156310123e-06
E2,Green-K,12,karatsuba,48.5625,7,48.5625,3,4,5.0,85.0,0.00027079719927769474,7.273010254493784e-06
E2,Green-K,13,karatsuba,48.5625,7,48.5625,3,4,5.0,85.0,0.00027152978520916804,7.381052611776795e-06
E2,Green-K,14,karatsuba,48.5625,7,48.5625,3,4,5.0,85.0,0.00025085075003516977,7.321156857642563e-06
E2,Green-K,15,karatsuba,48.5625,7,48.5625,3,4,5.0,85.0,0.00025078548048895755,7.3053945293111155e-06
E2,Green-K,16,karatsuba,48.5625,7,48.5625,3,4,5.0,85.0,0.00025129069138074556,7.415939329291632e-06
E2,Green-K,17,karatsuba,48.5625,7,48.5625,3,4,5.0,85.0,0.0002714300117077073,7.418899535593937e-06
E2,Green-K,18,karatsuba,60.953125,9,60.953125,4,5,5.0,86.0,0.0002520083007766516,9.018992066955889e-06
E2,Green-K,19,karatsuba,48.5625,7,48.5625,3,4,5.0,85.0,0.00027091503909559833,7.413803100320138e-06
E2,Green-K,20,karatsuba,48.5625,7,48.5625,3,4,5.0,85.0,0.00027136067967603594,7.411936522316864e-06
E2,Green-K,21,karatsuba,48.5625,7,48.5625,3,4,5.0,85.0,0.0002506191406155267,7.335703610777955e-06
E2,Green-K,22,karatsuba,48.5625,7,48.5625,3,4,5.0,85.0,0.0002478393555520597,7.366739868785999e-06
E2,Green-K,23,karatsuba,48.5625,7,48.5625,3,4,5.0,85.0,0.0002511328125365253,7.31993102931483e-06
E2,Green-K,24,karatsuba,48.5625,7,48.5625,3,4,5.0,85.0,0.00025132389453119686,7.278722165438012e-06
E2,Green-K,25,karatsuba,48.5625,7,48.5625,3,4,5.0,85.0,0.0002715865859954647,7.393091795648843e-06
E2,Green-K,26,karatsuba,48.5625,7,48.5625,3,4,5.0,85.0,0.00027093375786080287,7.316146849234428e-06
E2,Green-K,27,karatsuba,48.5625,7,48.5625,3,4,5.0,85.0,0.00024975325391096703,7.406723021574635e-06
E2,Green-K,28,karatsuba,48.5625,7,48.5625,3,4,5.0,85.0,0.00024948730469986913,7.319564819141533e-06
E2,Green-K,29,karatsuba,48.5625,7,48.5625,3,4,5.0,85.0,0.000250882488330717,7.409444211958771e-06
E3,Green-K,0,karatsuba,109.515625,16,109.515625,7,9,8.0,192.0,0.0007822942657185195,3.310502098941015e-05
E3,Green-K,1,karatsuba,86.734375,14,86.734375,7,7,8.0,192.0,0.0007040699922526983,3.004652930371776e-05
E3,Green-K,2,karatsuba,109.515625,16,109.515625,7,9,8.0,192.0,0.0007811393284100632,3.30546874920401e-05
E3,Green-K,3,karatsuba,109.515625,16,109.515625,7,9,8.0,192.0,0.0007765175780605205,3.317706298844314e-05
E3,Green-K,4,karatsuba,109.515625,16,109.515625,7,9,8.0,192.0,0.0007764593124193198,3.29112548769217e-05
E3,Green-K,5,karatsuba,74.34375,12,74.34375,6,6,8.0,192.0,0.000703349609466386,2.568438721084476e-05
E3,Green-K,6,karatsuba,109.515625,16,109.515625,7,9,8.0,192.0,0.0007968125000843429,3.295800780733771e-05
E3,Green-K,7,karatsuba,109.515625,16,109.515625,7,9,,,,
E3,Green-K,8,karatsuba,109.515625,16,109.515625,7,9,8.0,192.0,0.0007946061095935875,3.310583495874653e-05
E3,Green-K,9,karatsuba,109.515625,16,109.515625,7,9,8.0,192.0,0.0008002838594620698,3.31645302793504e-05
E3,Green-K,10,karatsuba,109.515625,16,109.515625,7,9,8.0,192.0,0.0007985442812241672,3.315368651612971e-05
E3,Green-K,11,karatsuba,109.515625,16,109.515625,7,9,8.0,192.0,0.0007789752578446496,3.304595946929112e-05
E3,Green-K,12,karatsuba,86.734375,14,86.734375,7,7,8.0,192.0,0.0007077604218466149,3.0157470703784384e-05
E3,Green-K,13,karatsuba,86.734375,14,86.734375,7,7,8.0,192.0,0.0007052675782688311,3.0195577153335762e-05
E3,Green-K,14,karatsuba,109.515625,16,109.515625,7,9,8.0,192.0,0.0007951165466693055,3.2993367199196655e-05
E3,Green-K,15,karatsuba,109.515625,16,109.515625,7,9,8.0,192.0,0.0007769573594487156,3.3032023438295255e-05
E3,Green-K,16,karatsuba,109.515625,16,109.515625,7,9,8.0,192.0,0.0007959387971823162,3.31660971681913e-05
E3,Green-K,17,karatsuba,86.734375,14,86.734375,7,7,8.0,192.0,0.0007060878906486323,3.0108561034580816e-05
E3,Green-K,18,karatsuba,86.734375,14,86.734375,7,7,8.0,192.0,0.000699942710753021,3.0169942391466975e-05
E3,Green-K,19,karatsuba,109.515625,16,109.515625,7,9,8.0,192.0,0.0007989589844328293,3.312727881166211e-05
E3,Green-K,20,karatsuba,109.515625,16,109.515625,7,9,8.0,192.0,0.0007532347030974051,3.315681934168424e-05
E3,Green-K,21,karatsuba,109.515625,16,109.515625,7,9,8.0,192.0,0.0007921367187009309,3.373406981665994e-05
E3,Green-K,22,karatsuba,86.734375,14,86.734375,7,7,8.0,192.0,0.0007055768203372281,3.0139282216623542e-05
E3,Green-K,23,karatsuba,109.515625,16,109.515625,7,9,8.0,192.0,0.0007943906252876332,3.3843485354623226e-05
E3,Green-K,24,karatsuba,109.515625,16,109.515625,7,9,8.0,192.0,0.0007992571559043427,3.3203308106521945e-05
E3,Green-K,25,karatsuba,109.515625,16,109.515625,7,9,8.0,192.0,0.0007967617189024168,3.3185485833087114e-05
E3,Green-K,26,karatsuba,109.515625,16,109.515625,7,9,8.0,192.0,0.0007808001250850793,3.312577344161127e-05
E3,Green-K,27,karatsuba,109.515625,16,109.515625,7,9,8.0,192.0,0.0007946692812765832,3.304984521435017e-05
E3,Green-K,28,karatsuba,86.734375,14,86.734375,7,7,8.0,192.0,0.0007018896483259596,3.001747607811467e-05
E3,Green-K,29,karatsuba,109.515625,16,109.515625,7,9,8.0,192.0,0.0007771738280553109,3.313136816984752e-05
