example,config,seed,runtime,n_delivered,HV_id,HV_val,HV_pop,sel_J,sel_C,sel_val,sel_p1,sel_sumd,sel_terms,recovered,sel_extra,best_val,front_has_truth
E1,SO,0,0.77069925001706,1,0.7381879194630871,0.738187919463087,0.8844404859198701,2.4424632637870403e-16,60.953125,2.821447395164707e-16,4,5,u(k) + u(k)*y(k-1) + y(k-1) + y(k-3),True,1,2.821447395164707e-16,True
E1,SO,1,1.0613057080190629,1,0.6403355704697985,0.6403355704697984,0.884068414570355,2.7169025749607555e-16,83.734375,3.207588230161238e-16,4,7,u(k) + u(k)*u(k)*y(k-1) + u(k)*y(k-1) + y(k-1),True,1,3.207588230161238e-16,True
E1,SO,2,0.7771565830043983,1,0.6892617449664428,0.6892617449664428,0.8844404859198702,1.6776539490399681e-16,72.34375,2.1438683212081093e-16,4,6,u(k) + u(k)*y(k-1) + y(k-1) + y(k-1)*y(k-3),True,1,2.1438683212081093e-16,True
E1,SO,3,0.8405732499959413,1,0.5381879194630871,0.538187919463087,0.884068414570355,2.112281740538708e-16,107.515625,2.8354989479731118e-16,5,9,u(k) + u(k)*u(k)*y(k-1)*y(k-1) + u(k)*y(k-1) + u(k-2) + y(k-1),True,2,2.8354989479731118e-16,True
E1,SO,4,1.0189280839986168,1,0.7381879194630871,0.7381879194630871,0.8352516591586511,2.49086259130927e-16,60.953125,2.6508865607196936e-16,4,5,u(k) + u(k)*y(k-1) + u(k-2) + y(k-1),True,1,2.6508865607196936e-16,True
E1,SO,5,1.1861058750073425,1,0.68496644295302,0.68496644295302,0.8328192170977589,2.304756423240201e-16,73.34375,2.4491431876450457e-16,5,6,u(k) + u(k)*y(k-1) + u(k-2) + y(k-1) + y(k-2),True,2,2.4491431876450457e-16,True
E1,SO,6,0.8015580829815008,1,0.7914093959731541,0.7914093959731541,0.884068414570355,2.349402361078631e-16,48.5625,2.700813343538282e-16,3,4,u(k) + u(k)*y(k-1) + y(k-1),True,0,2.700813343538282e-16,True
E1,SO,7,0.8152469590131659,1,0.738187919463087,0.738187919463087,0.884068414570355,3.0792180024640667e-16,60.953125,3.785052985690101e-16,4,5,u(k) + u(k)*y(k-1) + y(k-1) + y(k-2),True,1,3.785052985690101e-16,True
E1,SO,8,0.839574374986114,1,0.5871140939597312,0.5871140939597314,0.884068414570355,2.8685003378216606e-16,96.125,2.582002893023232e-16,5,8,u(k) + u(k)*y(k-1) + u(k-1)*y(k-1)*y(k-1) + u(k-2) + y(k-1),True,2,2.582002893023232e-16,True
E1,SO,9,1.018483958003344,1,0.7914093959731541,0.7914093959731541,0.884068414570355,2.349402361078631e-16,48.5625,2.700813343538282e-16,3,4,u(k) + u(k)*y(k-1) + y(k-1),True,0,2.700813343538282e-16,True
E1,SO,10,0.7750493750208989,1,0.7914093959731541,0.7914093959731541,0.884068414570355,2.349402361078631e-16,48.5625,2.700813343538282e-16,3,4,u(k) + u(k)*y(k-1) + y(k-1),True,0,2.700813343538282e-16,True
E1,SO,11,0.8062671659863554,1,0.7914093959731541,0.7914093959731541,0.8001261643920653,2.349402361078631e-16,48.5625,2.700813343538282e-16,3,4,u(k) + u(k)*y(k-1) + y(k-1),True,0,2.700813343538282e-16,True
E1,SO,12,0.7393632500024978,1,0.6403355704697985,0.6403355704697985,0.884068414570355,1.8201049135225711e-16,83.734375,2.043428099927965e-16,4,7,u(k) + u(k)*y(k-1) + y(k-1) + y(k-1)*y(k-1)*y(k-1),True,1,2.043428099927965e-16,True
E1,SO,13,0.7550962920067832,1,0.7914093959731541,0.7914093959731541,0.884068414570355,2.349402361078631e-16,48.5625,2.700813343538282e-16,3,4,u(k) + u(k)*y(k-1) + y(k-1),True,0,2.700813343538282e-16,True
E1,SO,14,0.8150369170180056,1,0.7381879194630871,0.7381879194630871,0.884068414570355,2.0223972475018847e-16,60.953125,2.3458695068017613e-16,4,5,u(k) + u(k)*y(k-1) + y(k-1) + y(k-3),True,1,2.3458695068017613e-16,True
E1,SO,15,0.9815498329990078,1,0.7381879194630871,0.7381879194630871,0.8844404859198701,2.66775679418883e-16,60.953125,2.7227928526362325e-16,4,5,u(k) + u(k)*y(k-1) + u(k-1) + y(k-1),True,1,2.7227928526362325e-16,True
E1,SO,16,0.8010558339883573,1,0.7381879194630871,0.7381879194630871,0.884068414570355,2.0223972475018847e-16,60.953125,2.3458695068017613e-16,4,5,u(k) + u(k)*y(k-1) + y(k-1) + y(k-3),True,1,2.3458695068017613e-16,True
E1,SO,17,0.7372096659964882,1,0.738187919463087,0.738187919463087,0.8854867137156447,2.8615980537508145e-16,60.953125,3.323602781771804e-16,4,5,u(k) + u(k)*y(k-1) + u(k-2) + y(k-1),True,1,3.323602781771804e-16,True
E1,SO,18,0.9569431249983609,1,0.6892617449664428,0.6892617449664428,0.8610517120630219,1.8620101791436382e-16,72.34375,2.4149382677767686e-16,4,6,u(k) + u(k)*y(k-1) + u(k-2)*y(k-3) + y(k-1),True,1,2.4149382677767686e-16,True
E1,SO,19,1.1282001670042519,1,0.7914093959731541,0.7914093959731541,0.8351132271052223,2.349402361078631e-16,48.5625,2.700813343538282e-16,3,4,u(k) + u(k)*y(k-1) + y(k-1),True,0,2.700813343538282e-16,True
E1,SO,20,0.736215374985477,1,0.7914093959731541,0.7914093959731541,0.8854867137156447,2.349402361078631e-16,48.5625,2.700813343538282e-16,3,4,u(k) + u(k)*y(k-1) + y(k-1),True,0,2.700813343538282e-16,True
E1,SO,21,0.8095581250090618,1,0.6403355704697984,0.6403355704697984,0.8385684399890074,2.8384502344729033e-16,83.734375,3.048215388922267e-16,4,7,u(k) + u(k)*u(k)*y(k-1) + u(k)*y(k-1) + y(k-1),True,1,3.048215388922267e-16,True
E1,SO,22,0.7673070000018924,1,0.68496644295302,0.6849664429530199,0.884068414570355,2.691791236302312e-16,73.34375,3.260402014746928e-16,5,6,u(k) + u(k)*y(k-1) + u(k-2) + y(k-1) + y(k-2),True,2,3.260402014746928e-16,True
E1,SO,23,0.8842098749883007,1,0.5381879194630871,0.5381879194630871,0.835033657530906,1.9180143101357917e-16,107.515625,2.540337108856375e-16,5,9,u(k) + u(k)*u(k)*y(k-1) + u(k)*y(k-1) + y(k-1) + y(k-1)*y(k-1),True,2,2.540337108856375e-16,True
E1,SO,24,0.9588373330188915,1,0.7381879194630871,0.7381879194630871,0.884068414570355,1.8775131440216633e-16,60.953125,2.1087021151122103e-16,4,5,u(k) + u(k)*y(k-1) + u(k-4) + y(k-1),True,1,2.1087021151122103e-16,True
E1,SO,25,0.7973075409827288,1,0.68496644295302,0.68496644295302,0.884068414570355,2.304756423240201e-16,73.34375,2.4491431876450457e-16,5,6,u(k) + u(k)*y(k-1) + u(k-2) + y(k-1) + y(k-2),True,2,2.4491431876450457e-16,True
E1,SO,26,0.8217635830224026,1,0.7381879194630871,0.7381879194630871,0.8854867137156448,2.0223972475018847e-16,60.953125,2.3458695068017613e-16,4,5,u(k) + u(k)*y(k-1) + y(k-1) + y(k-3),True,1,2.3458695068017613e-16,True
E1,SO,27,0.7734813749848399,1,0.7381879194630871,0.7381879194630871,0.884068414570355,2.0223972475018847e-16,60.953125,2.3458695068017613e-16,4,5,u(k) + u(k)*y(k-1) + y(k-1) + y(k-3),True,1,2.3458695068017613e-16,True
E1,SO,28,0.7900997920078225,1,0.7381879194630871,0.7381879194630871,0.884068414570355,2.0223972475018847e-16,60.953125,2.3458695068017613e-16,4,5,u(k) + u(k)*y(k-1) + y(k-1) + y(k-3),True,1,2.3458695068017613e-16,True
E1,SO,29,1.0011179170105606,1,0.7381879194630871,0.7381879194630871,0.8349160797759625,2.0223972475018847e-16,60.953125,2.3458695068017613e-16,4,5,u(k) + u(k)*y(k-1) + y(k-1) + y(k-3),True,1,2.3458695068017613e-16,True
E1,MO-lex,0,0.7445735830115154,4,0.8844404859198701,0.8827886748689627,0.8844404859198701,3.1896338069289863e-16,48.5625,3.25075120964195e-16,3,4,u(k) + u(k)*y(k-1) + y(k-1),True,0,2.821447395164707e-16,True
E1,MO-lex,1,0.8660042919800617,3,0.884068414570355,0.8827886748689628,0.884068414570355,3.1896338069289863e-16,48.5625,3.25075120964195e-16,3,4,u(k) + u(k)*y(k-1) + y(k-1),True,0,3.207588230161238e-16,True
E1,MO-lex,2,0.7993930839875247,4,0.8844404859198702,0.8827886748689628,0.8844404859198702,2.349402361078631e-16,48.5625,2.700813343538282e-16,3,4,u(k) + u(k)*y(k-1) + y(k-1),True,0,2.1438683212081093e-16,True
E1,MO-lex,3,0.8079937919974327,5,0.884068414570355,0.8827886748689628,0.884068414570355,3.239019308365303e-16,48.5625,3.3132865428115775e-16,3,4,u(k) + u(k)*y(k-1) + y(k-1),True,0,2.2017324783380109e-16,True
E1,MO-lex,4,0.8841899579856545,3,0.8352516591586511,0.8349490317835488,0.8352516591586511,3.4186048971347606e-16,48.5625,3.26099261257318e-16,3,4,u(k) + u(k)*y(k-1) + y(k-1),True,0,2.6508865607196936e-16,True
E1,MO-lex,5,0.7714008750044741,4,0.8328192170977589,0.8272761819063648,0.8328192170977589,2.349402361078631e-16,48.5625,2.700813343538282e-16,3,4,u(k) + u(k)*y(k-1) + y(k-1),True,0,2.4491431876450457e-16,True
E1,MO-lex,6,0.9545297090080567,2,0.884068414570355,0.8827886748689628,0.884068414570355,2.349402361078631e-16,48.5625,2.700813343538282e-16,3,4,u(k) + u(k)*y(k-1) + y(k-1),True,0,2.700813343538282e-16,True
E1,MO-lex,7,0.7880070419923868,3,0.884068414570355,0.8827886748689628,0.884068414570355,3.1896338069289863e-16,48.5625,3.25075120964195e-16,3,4,u(k) + u(k)*y(k-1) + y(k-1),True,0,3.25075120964195e-16,True
E1,MO-lex,8,0.8114456250041258,4,0.884068414570355,0.8827886748689628,0.884068414570355,3.1896338069289863e-16,48.5625,3.25075120964195e-16,3,4,u(k) + u(k)*y(k-1) + y(k-1),True,0,2.582002893023232e-16,True
E1,MO-lex,9,0.7478338750079274,2,0.884068414570355,0.882788674868963,0.884068414570355,2.349402361078631e-16,48.5625,2.700813343538282e-16,3,4,u(k) + u(k)*y(k-1) + y(k-1),True,0,2.700813343538282e-16,True
E1,MO-lex,10,0.7434668749920093,2,0.884068414570355,0.8827886748689628,0.884068414570355,2.349402361078631e-16,48.5625,2.700813343538282e-16,3,4,u(k) + u(k)*y(k-1) + y(k-1),True,0,2.700813343538282e-16,True
E1,MO-lex,11,0.7841761250165291,2,0.8001261643920653,0.7914093959731541,0.8001261643920653,2.349402361078631e-16,48.5625,2.700813343538282e-16,3,4,u(k) + u(k)*y(k-1) + y(k-1),True,0,2.700813343538282e-16,True
E1,MO-lex,12,0.9077908750041388,4,0.884068414570355,0.8827886748689628,0.884068414570355,2.349402361078631e-16,48.5625,2.700813343538282e-16,3,4,u(k) + u(k)*y(k-1) + y(k-1),True,0,2.043428099927965e-16,True
E1,MO-lex,13,0.801293833006639,2,0.884068414570355,0.8827886748689628,0.884068414570355,2.349402361078631e-16,48.5625,2.700813343538282e-16,3,4,u(k) + u(k)*y(k-1) + y(k-1),True,0,2.700813343538282e-16,True
E1,MO-lex,14,0.7987697090138681,3,0.884068414570355,0.8827886748689628,0.884068414570355,2.349402361078631e-16,48.5625,2.700813343538282e-16,3,4,u(k) + u(k)*y(k-1) + y(k-1),True,0,2.3458695068017613e-16,True
E1,MO-lex,15,0.7753680419991724,4,0.8844404859198701,0.8827886748689628,0.8844404859198701,3.1896338069289863e-16,48.5625,3.25075120964195e-16,3,4,u(k) + u(k)*y(k-1) + y(k-1),True,0,2.7227928526362325e-16,True
E1,MO-lex,16,0.8254565419920254,3,0.884068414570355,0.882788674868963,0.884068414570355,2.349402361078631e-16,48.5625,2.700813343538282e-16,3,4,u(k) + u(k)*y(k-1) + y(k-1),True,0,2.3458695068017613e-16,True
E1,MO-lex,17,0.790576916973805,3,0.8854867137156447,0.883265889680197,0.8854867137156447,3.239019308365303e-16,48.5625,3.3132865428115775e-16,3,4,u(k) + u(k)*y(k-1) + y(k-1),True,0,3.3132865428115775e-16,True
E1,MO-lex,18,0.8345298750209622,5,0.8610517120630219,0.8425524494901206,0.8610517120630219,6.131187590078749e-16,48.5625,6.156117865385776e-16,3,4,u(k) + u(k)*y(k-1) + y(k-1),True,0,2.4149382677767686e-16,True
E1,MO-lex,19,1.155446958990069,2,0.8351132271052223,0.8317166978319881,0.8351132271052223,2.349402361078631e-16,48.5625,2.700813343538282e-16,3,4,u(k) + u(k)*y(k-1) + y(k-1),True,0,2.700813343538282e-16,True
E1,MO-lex,20,0.8399874170136172,2,0.8854867137156447,0.8832658896801971,0.8854867137156447,2.349402361078631e-16,48.5625,2.700813343538282e-16,3,4,u(k) + u(k)*y(k-1) + y(k-1),True,0,2.700813343538282e-16,True
E1,MO-lex,21,0.8692881670140196,4,0.8385684399890074,0.8382241813987888,0.8385684399890074,3.1896338069289863e-16,48.5625,3.25075120964195e-16,3,4,u(k) + u(k)*y(k-1) + y(k-1),True,0,3.048215388922267e-16,True
E1,MO-lex,22,0.8274538329860661,5,0.884068414570355,0.8827886748689628,0.884068414570355,3.1896338069289863e-16,48.5625,3.25075120964195e-16,3,4,u(k) + u(k)*y(k-1) + y(k-1),True,0,2.746656849876153e-16,True
E1,MO-lex,23,0.8332346249953844,6,0.835033657530906,0.8346670691661681,0.835033657530906,7.758954475392311e-16,48.5625,7.495765931930908e-16,3,4,u(k) + u(k)*y(k-1) + y(k-1),True,0,2.4491431876450457e-16,True
E1,MO-lex,24,0.7942201669793576,3,0.884068414570355,0.882788674868963,0.884068414570355,2.349402361078631e-16,48.5625,2.700813343538282e-16,3,4,u(k) + u(k)*y(k-1) + y(k-1),True,0,2.1087021151122103e-16,True
E1,MO-lex,25,1.1241870829835534,3,0.884068414570355,0.882788674868963,0.884068414570355,2.349402361078631e-16,48.5625,2.700813343538282e-16,3,4,u(k) + u(k)*y(k-1) + y(k-1),True,0,2.4491431876450457e-16,True
E1,MO-lex,26,0.9852973330125678,3,0.8854867137156448,0.8832658896801971,0.8854867137156448,2.349402361078631e-16,48.5625,2.700813343538282e-16,3,4,u(k) + u(k)*y(k-1) + y(k-1),True,0,2.3458695068017613e-16,True
E1,MO-lex,27,1.0337847910122946,3,0.884068414570355,0.882788674868963,0.884068414570355,2.349402361078631e-16,48.5625,2.700813343538282e-16,3,4,u(k) + u(k)*y(k-1) + y(k-1),True,0,2.3458695068017613e-16,True
E1,MO-lex,28,1.0448388749791775,3,0.884068414570355,0.882788674868963,0.884068414570355,5.241363920448137e-16,48.5625,5.369700045505021e-16,3,4,u(k) + u(k)*y(k-1) + y(k-1),True,0,2.3458695068017613e-16,True
E1,MO-lex,29,1.0338938750210218,3,0.8349160797759625,0.8347468112918427,0.8349160797759625,2.349402361078631e-16,48.5625,2.700813343538282e-16,3,4,u(k) + u(k)*y(k-1) + y(k-1),True,0,2.3458695068017613e-16,True
E1,Green,0,2.2905651250039227,4,0.9290917306551835,0.9267834457864882,0.9290917306551835,6.768457252518019e-16,48.5625,7.142928451732104e-16,3,4,u(k) + u(k)*y(k-1) + y(k-1),True,0,2.4149382677767686e-16,True
E1,Green,1,1.866963417007355,7,0.9290917306551834,0.926783445786488,0.9290917306551834,3.024054466081862e-15,48.5625,3.0443950575286657e-15,3,4,u(k) + u(k)*y(k-1) + y(k-1),True,0,3.207588230161238e-16,True
E1,Green,2,1.841576791019179,4,0.9290917306551832,0.926783445786488,0.9290917306551832,3.054836096530013e-15,48.5625,3.133304983038018e-15,3,4,u(k) + u(k)*y(k-1) + y(k-1),True,0,3.545248322641103e-16,True
E1,Green,3,2.2795539160142653,6,0.9290917306551836,0.9267834457864883,0.9290917306551836,6.768457252518019e-16,48.5625,7.142928451732104e-16,3,4,u(k) + u(k)*y(k-1) + y(k-1),True,0,3.4594786729631944e-16,True
E1,Green,4,1.9083369589934591,5,0.9290917306551836,0.9267834457864883,0.9290917306551836,1.2099055571065075e-15,48.5625,1.2648814273871748e-15,3,4,u(k) + u(k)*y(k-1) + y(k-1),True,0,2.0897448572302637e-16,True
E1,Green,5,1.8998649580171332,5,0.9290917306551832,0.9267834457864882,0.9290917306551832,2.0169348444324206e-15,48.5625,2.1233430408575456e-15,3,4,u(k) + u(k)*y(k-1) + y(k-1),True,0,3.2573329142117554e-16,True
E1,Green,6,2.248816540988628,6,0.9308179177399764,0.9299747948310566,0.9308179177399764,8.606086938606811e-16,48.5625,9.267039282010344e-16,3,4,u(k) + u(k)*y(k-1) + y(k-1),True,0,2.4149382677767686e-16,True
E1,Green,7,1.7964076669886708,7,0.9290917306551832,0.9267834457864881,0.9290917306551832,2.020130349910471e-15,48.5625,1.947580698642516e-15,3,4,u(k) + u(k)*y(k-1) + y(k-1),True,0,3.1244777018916134e-16,True
E1,Green,8,2.1295716669992544,4,0.9290917306551834,0.9267834457864882,0.9290917306551834,4.896605878591197e-16,48.5625,5.29658930435707e-16,3,4,u(k) + u(k)*y(k-1) + y(k-1),True,0,3.9547207099481914e-16,True
E1,Green,9,2.3810283329803497,5,0.9290917306551834,0.9267834457864881,0.9290917306551834,8.873801335102501e-16,48.5625,9.03448256430443e-16,3,4,u(k) + u(k)*y(k-1) + y(k-1),True,0,3.3892926602766675e-16,True
E1,Green,10,1.8465707499999553,6,0.9290917306551832,0.9267834457864881,0.9290917306551832,2.004998627794011e-15,48.5625,1.895154008727764e-15,3,4,u(k) + u(k)*y(k-1) + y(k-1),True,0,4.102142762824709e-16,True
E1,Green,11,1.802642791008111,6,0.9290917306551834,0.9267834457864882,0.9290917306551834,9.907981336323497e-16,48.5625,8.878886681264161e-16,3,4,u(k) + u(k)*y(k-1) + y(k-1),True,0,3.5762630408133606e-16,True
E1,Green,12,2.101567125006113,6,0.9290917306551835,0.9267834457864882,0.9290917306551835,1.1248090589235064e-15,48.5625,1.2031003816395871e-15,3,4,u(k) + u(k)*y(k-1) + y(k-1),True,0,3.4348145591359677e-16,True
E1,Green,13,1.7898333749908488,6,0.9290917306551835,0.9267834457864882,0.9290917306551835,4.865896766657696e-16,48.5625,4.084126682246382e-16,3,4,u(k) + u(k)*y(k-1) + y(k-1),True,0,1.6264033704520774e-16,True
E1,Green,14,1.822097207972547,6,0.935873499426016,0.9343981746446195,0.935873499426016,3.4051014951578427e-16,48.5625,3.252858957327326e-16,3,4,u(k) + u(k)*y(k-1) + y(k-1),True,0,2.8620923185033736e-16,True
E1,Green,15,1.7739801660063677,6,0.9290917306551834,0.9267834457864881,0.9290917306551834,1.7443857662806324e-15,48.5625,1.5944835719487724e-15,3,4,u(k) + u(k)*y(k-1) + y(k-1),True,0,3.7282706154976155e-16,True
E1,Green,16,2.316986249992624,5,0.9290917306551834,0.9267834457864881,0.9290917306551834,2.020130349910471e-15,48.5625,1.947580698642516e-15,3,4,u(k) + u(k)*y(k-1) + y(k-1),True,0,2.57003679595249e-16,True
E1,Green,17,2.057276332983747,7,0.9338684576073761,0.9324610055729868,0.9338684576073761,2.1758476152762154e-15,48.5625,2.1677456228804145e-15,3,4,u(k) + u(k)*y(k-1) + y(k-1),True,0,4.1674518770586163e-16,True
E1,Green,18,1.9365200420143083,4,0.9290917306551835,0.9267834457864883,0.9290917306551835,3.2753740064883353e-16,48.5625,3.2489343803753984e-16,3,4,u(k) + u(k)*y(k-1) + y(k-1),True,0,3.2489343803753984e-16,True
E1,Green,19,2.164558874996146,6,0.9290917306551832,0.926783445786488,0.9290917306551832,1.4299873370727187e-15,48.5625,1.4709222633268395e-15,3,4,u(k) + u(k)*y(k-1) + y(k-1),True,0,3.9547207099481914e-16,True
E1,Green,20,1.8066192499827594,5,0.9290917306551834,0.9267834457864882,0.9290917306551834,3.490881928969765e-16,48.5625,3.4896201714327896e-16,3,4,u(k) + u(k)*y(k-1) + y(k-1),True,0,3.048215388922267e-16,True
E1,Green,21,1.8879930419789162,6,0.9290917306551834,0.9267834457864881,0.9290917306551834,8.873801335102501e-16,48.5625,9.03448256430443e-16,3,4,u(k) + u(k)*y(k-1) + y(k-1),True,0,3.5374612724714936e-16,True
E1,Green,22,2.4142926249769516,5,0.9308179177399764,0.9299747948310565,0.9308179177399764,6.768457252518019e-16,48.5625,7.142928451732104e-16,3,4,u(k) + u(k)*y(k-1) + y(k-1),True,0,2.3458695068017613e-16,True
E1,Green,23,2.009868584020296,5,0.9290917306551835,0.9267834457864881,0.9290917306551835,8.873801335102501e-16,48.5625,9.03448256430443e-16,3,4,u(k) + u(k)*y(k-1) + y(k-1),True,0,4.804147958415448e-16,True
E1,Green,24,1.8840676249819808,6,0.9308804510137866,0.9300710468408855,0.9308804510137866,3.024054466081862e-15,48.5625,3.0443950575286657e-15,3,4,u(k) + u(k)*y(k-1) + y(k-1),True,0,3.323602781771804e-16,True
E1,Green,25,2.3169611250050366,7,0.9290917306551835,0.9267834457864881,0.9290917306551835,1.0937663509601051e-15,48.5625,1.035053617371294e-15,3,4,u(k) + u(k)*y(k-1) + y(k-1),True,0,3.094898248666303e-16,True
E1,Green,26,2.4672383750148583,7,0.9290917306551836,0.9267834457864882,0.9290917306551836,1.976928237796107e-15,48.5625,1.9964913575063468e-15,3,4,u(k) + u(k)*y(k-1) + y(k-1),True,0,2.660400047422037e-16,True
E1,Green,27,2.4361247920023743,5,0.9290917306551835,0.9267834457864881,0.9290917306551835,1.357423596628099e-15,48.5625,1.2862667904077988e-15,3,4,u(k) + u(k)*y(k-1) + y(k-1),True,0,3.687883018738349e-16,True
E1,Green,28,3.050469542009523,6,0.9290917306551835,0.9267834457864884,0.9290917306551835,9.907981336323497e-16,48.5625,8.878886681264161e-16,3,4,u(k) + u(k)*y(k-1) + y(k-1),True,0,2.616578955285392e-16,True
E1,Green,29,2.0649105419870466,5,0.9290917306551835,0.9267834457864881,0.9290917306551835,1.1132574055758986e-15,48.5625,1.044925924616553e-15,3,4,u(k) + u(k)*y(k-1) + y(k-1),True,0,3.3909577841225744e-16,True
E2,SO,0,1.3881534590036608,1,0.6215796609799563,0.6179518901677896,0.7724337826078688,0.022735364714429853,84.734375,0.028439045742316746,5,7,u(k)*y(k-2) + u(k-1) + y(k-2) + y(k-2)*y(k-2) + y(k-5),False,5,0.028439045742316746,False
E2,SO,1,1.4189741669979412,1,0.6215625681098497,0.6182474892815101,0.7725291544612725,0.02276223859483383,84.734375,0.027974296687295588,5,7,u(k-1) + u(k-1)*y(k-2) + y(k-3)*y(k-3) + y(k-4) + y(k-5),False,5,0.027974296687295588,False
E2,SO,2,1.7564595000003465,1,0.6215698913706743,0.6182674718058003,0.7729003875411044,0.022750724762789186,84.734375,0.027942879613123903,5,7,u(k-1) + u(k-1)*y(k-2) + y(k-1)*y(k-3) + y(k-4) + y(k-5),False,5,0.027942879613123903,False
E2,SO,3,1.4045169580203947,1,0.6215942595074677,0.6179160006699826,0.7647119999810419,0.022712412508043817,84.734375,0.028495472197663716,5,7,u(k)*u(k-2) + u(k-1) + y(k-2)*y(k-2) + y(k-4) + y(k-5),False,5,0.028495472197663716,False
E2,SO,4,1.3936723340011667,1,0.6215942595074678,0.6179160006699825,0.7716928102990532,0.022712412508043716,84.734375,0.028495472197663872,5,7,u(k)*u(k-2) + u(k-1) + y(k-2)*y(k-2) + y(k-4) + y(k-5),False,5,0.028495472197663872,False
E2,SO,5,1.381500249990495,1,0.6215798665968248,0.6178953825375029,0.7730018868306178,0.02273504143793509,84.734375,0.02852788859250901,5,7,u(k)*y(k-2) + u(k-1) + y(k-2) + y(k-2)*y(k-3) + y(k-5),False,5,0.02852788859250901,False
E2,SO,6,1.7137154999945778,1,0.6215698913706742,0.6182674718058004,0.7213691180305909,0.022750724762789245,84.734375,0.027942879613123753,5,7,u(k-1) + u(k-1)*y(k-2) + y(k-1)*y(k-3) + y(k-4) + y(k-5),False,5,0.027942879613123753,False
E2,SO,7,1.4331184159964323,1,0.6215798665968248,0.6178953825375028,0.8164876925357881,0.022735041437935043,84.734375,0.028527888592509112,5,7,u(k)*y(k-2) + u(k-1) + y(k-2) + y(k-2)*y(k-3) + y(k-5),False,5,0.028527888592509112,False
E2,SO,8,1.312274666997837,1,0.6215796609799562,0.6179518901677896,0.7731951836970827,0.022735364714429947,84.734375,0.028439045742316746,5,7,u(k)*y(k-2) + u(k-1) + y(k-2) + y(k-2)*y(k-2) + y(k-5),False,5,0.028439045742316746,False
E2,SO,9,1.5743389999843203,1,0.6215698913706742,0.6182674718058004,0.8179839251252472,0.02275072476278927,84.734375,0.02794287961312382,5,7,u(k-1) + u(k-1)*y(k-2) + y(k-1)*y(k-3) + y(k-4) + y(k-5),False,5,0.02794287961312382,False
E2,SO,10,1.3269463340111542,1,0.6215698913706742,0.6182674718058004,0.7646905802021652,0.022750724762789252,84.734375,0.02794287961312382,5,7,u(k-1) + u(k-1)*y(k-2) + y(k-1)*y(k-3) + y(k-4) + y(k-5),False,5,0.02794287961312382,False
E2,SO,11,1.284737333015073,1,0.6215942595074676,0.6179160006699826,0.7211633572980394,0.02271241250804399,84.734375,0.028495472197663657,5,7,u(k)*u(k-2) + u(k-1) + y(k-2)*y(k-2) + y(k-4) + y(k-5),False,5,0.028495472197663657,False
E2,SO,12,1.242030249995878,1,0.6215942595074676,0.6179160006699825,0.7725246026631025,0.022712412508043865,84.734375,0.028495472197663768,5,7,u(k)*u(k-2) + u(k-1) + y(k-2)*y(k-2) + y(k-4) + y(k-5),False,5,0.028495472197663768,False
E2,SO,13,1.6471910830005072,1,0.6215942595074676,0.6179160006699825,0.772941263443985,0.02271241250804397,84.734375,0.028495472197663806,5,7,u(k)*u(k-2) + u(k-1) + y(k-2)*y(k-2) + y(k-4) + y(k-5),False,5,0.028495472197663806,False
E2,SO,14,1.1384545000037178,1,0.6215698913706742,0.6182674718058004,0.8138906265758535,0.022750724762789293,84.734375,0.027942879613123823,5,7,u(k-1) + u(k-1)*y(k-2) + y(k-1)*y(k-3) + y(k-4) + y(k-5),False,5,0.027942879613123823,False
E2,SO,15,1.2026117500208784,1,0.6215796609799562,0.6179518901677895,0.77272142939469,0.022735364714429936,84.734375,0.028439045742316763,5,7,u(k)*y(k-2) + u(k-1) + y(k-2) + y(k-2)*y(k-2) + y(k-5),False,5,0.028439045742316763,False
E2,SO,16,1.1719825000036508,1,0.6215698913706742,0.6182674718058003,0.721286555412764,0.022750724762789283,84.734375,0.027942879613123882,5,7,u(k-1) + u(k-1)*y(k-2) + y(k-1)*y(k-3) + y(k-4) + y(k-5),False,5,0.027942879613123882,False
E2,SO,17,1.6723848750116304,1,0.6215483567769811,0.6182676985950566,0.8155422999167735,0.022784582043155217,84.734375,0.02794252304881898,5,7,u(k-1) + u(k-1)*y(k-2) + y(k-2)*y(k-2) + y(k-4) + y(k-5),False,5,0.02794252304881898,False
E2,SO,18,1.1715484170126729,1,0.6215796609799562,0.6179518901677896,0.721306719817676,0.022735364714429964,84.734375,0.028439045742316725,5,7,u(k)*y(k-2) + u(k-1) + y(k-2) + y(k-2)*y(k-2) + y(k-5),False,5,0.028439045742316725,False
E2,SO,19,1.216459625022253,1,0.6215942595074676,0.6179160006699825,0.7673450383373067,0.0227124125080439,84.734375,0.028495472197663824,5,7,u(k)*u(k-2) + u(k-1) + y(k-2)*y(k-2) + y(k-4) + y(k-5),False,5,0.028495472197663824,False
E2,SO,20,1.6992972500156611,1,0.6215698913706743,0.6182674718058004,0.7733490170628786,0.022750724762789203,84.734375,0.02794287961312374,5,7,u(k-1) + u(k-1)*y(k-2) + y(k-1)*y(k-3) + y(k-4) + y(k-5),False,5,0.02794287961312374,False
E2,SO,21,1.1702316669980064,1,0.6215698913706742,0.6182674718058004,0.721368648635568,0.022750724762789352,84.734375,0.02794287961312378,5,7,u(k-1) + u(k-1)*y(k-2) + y(k-1)*y(k-3) + y(k-4) + y(k-5),False,5,0.02794287961312378,False
E2,SO,22,1.2159740419883747,1,0.6215942595074675,0.6179160006699826,0.7733719968152668,0.022712412508044136,84.734375,0.0284954721976637,5,7,u(k)*u(k-2) + u(k-1) + y(k-2)*y(k-2) + y(k-4) + y(k-5),False,5,0.0284954721976637,False
E2,SO,23,1.2302344169875141,1,0.6215698913706743,0.6182674718058004,0.8185633959840366,0.02275072476278919,84.734375,0.027942879613123726,5,7,u(k-1) + u(k-1)*y(k-2) + y(k-1)*y(k-3) + y(k-4) + y(k-5),False,5,0.027942879613123726,False
E2,SO,24,1.7180405000108294,1,0.6215942595074676,0.6179160006699825,0.7213826039666068,0.022712412508043858,84.734375,0.02849547219766375,5,7,u(k)*u(k-2) + u(k-1) + y(k-2)*y(k-2) + y(k-4) + y(k-5),False,5,0.02849547219766375,False
E2,SO,25,1.2485822500020731,1,0.6215942595074676,0.6179160006699826,0.7650536619059434,0.022712412508044014,84.734375,0.02849547219766373,5,7,u(k)*u(k-2) + u(k-1) + y(k-2)*y(k-2) + y(k-4) + y(k-5),False,5,0.02849547219766373,False
E2,SO,26,1.4422125419951044,1,0.6215798665968248,0.6178953825375028,0.7730960885716466,0.022735041437935026,84.734375,0.028527888592509126,5,7,u(k)*y(k-2) + u(k-1) + y(k-2) + y(k-2)*y(k-3) + y(k-5),False,5,0.028527888592509126,False
E2,SO,27,1.4355714170087595,1,0.6215698913706742,0.6182674718058004,0.8152230639158378,0.022750724762789273,84.734375,0.027942879613123823,5,7,u(k-1) + u(k-1)*y(k-2) + y(k-1)*y(k-3) + y(k-4) + y(k-5),False,5,0.027942879613123823,False
E2,SO,28,1.5488918750197627,1,0.6215942595074676,0.6179160006699825,0.7664370403879751,0.022712412508043928,84.734375,0.028495472197663782,5,7,u(k)*u(k-2) + u(k-1) + y(k-2)*y(k-2) + y(k-4) + y(k-5),False,5,0.028495472197663782,False
E2,SO,29,1.3059494170011021,1,0.6215796609799561,0.6179518901677896,0.7647536480709772,0.02273536471443003,84.734375,0.02843904574231672,5,7,u(k)*y(k-2) + u(k-1) + y(k-2) + y(k-2)*y(k-2) + y(k-5),False,5,0.02843904574231672,False
E2,MO-lex,0,1.2408189169946127,4,0.7724337826078688,0.7679928755790592,0.7724337826078688,0.02287571165946057,72.34375,0.028621296410020255,4,6,u(k)*u(k-2) + u(k-1) + y(k-2)*y(k-2) + y(k-5),False,4,0.028439045742316746,False
E2,MO-lex,1,1.1154427909932565,5,0.7725291544612725,0.7684867521471717,0.7725291544612725,0.023026134745714653,60.953125,0.028055878467765197,4,5,u(k-1) + u(k-1)*y(k-2) + y(k-4) + y(k-5),False,4,0.027974296687295588,False
E2,MO-lex,2,1.1446471659874078,3,0.7729003875411044,0.7688259130067908,0.7729003875411044,0.02297364109399289,72.34375,0.028809424244161618,4,6,u(k)*u(k-1) + u(k-1) + y(k-2)*y(k-2) + y(k-5),False,4,0.027942879613123903,False
E2,MO-lex,3,1.1449501659953967,6,0.7647119999810419,0.7583350549284168,0.7647119999810419,0.022986966264847548,72.34375,0.0281884447599459,4,6,u(k-1) + u(k-1)*y(k-2) + y(k-2)*y(k-3) + y(k-5),False,4,0.028061057151065952,False
E2,MO-lex,4,1.5734173330129124,4,0.7716928102990532,0.7670930596303067,0.7716928102990532,0.022875711659460545,72.34375,0.028621296410020196,4,6,u(k)*u(k-2) + u(k-1) + y(k-2)*y(k-2) + y(k-5),False,4,0.028495472197663872,False
E2,MO-lex,5,1.10543233298813,4,0.7730018868306178,0.7686605576379899,0.7730018868306178,0.023171405922430523,72.34375,0.029159056587540748,4,6,u(k)*u(k-1) + u(k-1) + y(k-2)*y(k-3) + y(k-5),False,4,0.02852788859250901,False
E2,MO-lex,6,1.1674478339846246,4,0.7213691180305909,0.7175492807300999,0.7213691180305909,0.02302613474571482,60.953125,0.028055878467765152,4,5,u(k-1) + u(k-1)*y(k-2) + y(k-4) + y(k-5),False,4,0.027942879613123753,False
E2,MO-lex,7,1.1858054999902379,5,0.8164876925357881,0.8118374004329671,0.8164876925357881,0.023036131774493075,73.34375,0.0280374199234565,5,6,u(k-1) + u(k-1)*y(k-2) + y(k-1) + y(k-4) + y(k-5),False,4,0.0280374199234565,False
E2,MO-lex,8,1.111565208004322,3,0.7731951836970827,0.7690225032889086,0.7731951836970827,0.023026134745714653,60.953125,0.028055878467765197,4,5,u(k-1) + u(k-1)*y(k-2) + y(k-4) + y(k-5),False,4,0.028055878467765197,False
E2,MO-lex,9,1.2245527920022141,5,0.8179839251252472,0.8128452573066617,0.8179839251252472,0.023325343803451734,48.5625,0.02833623162889281,3,4,u(k-1) + u(k-1)*y(k-2) + y(k-5),False,3,0.02794287961312382,False
E2,MO-lex,10,1.6883527910104021,5,0.7646905802021652,0.7588990902328983,0.7646905802021652,0.022986966264847496,72.34375,0.028188444759945874,4,6,u(k-1) + u(k-1)*y(k-2) + y(k-2)*y(k-3) + y(k-5),False,4,0.02794287961312382,False
E2,MO-lex,11,1.1590174590237439,3,0.7211633572980394,0.7169454942783953,0.7211633572980394,0.022875711659460483,72.34375,0.028621296410020154,4,6,u(k)*u(k-2) + u(k-1) + y(k-2)*y(k-2) + y(k-5),False,4,0.028495472197663657,True
E2,MO-lex,12,1.157246207993012,4,0.7725246026631025,0.7683382212859827,0.7725246026631025,0.023539325117018176,60.953125,0.028750982584347478,4,5,u(k-1) + u(k-2)*y(k-2) + y(k-4) + y(k-5),False,4,0.028037419923456482,False
E2,MO-lex,13,1.3265810410084669,4,0.772941263443985,0.7687207241356424,0.772941263443985,0.022986966264847565,72.34375,0.02818844475994596,4,6,u(k-1) + u(k-1)*y(k-2) + y(k-2)*y(k-3) + y(k-5),False,4,0.02818844475994596,False
E2,MO-lex,14,1.15606412498164,5,0.8138906265758535,0.8066413095861414,0.8138906265758535,0.023026134745714737,60.953125,0.028055878467765253,4,5,u(k-1) + u(k-1)*y(k-2) + y(k-4) + y(k-5),False,4,0.027942879613123823,False
E2,MO-lex,15,1.1645916249835864,5,0.77272142939469,0.768464626567292,0.77272142939469,0.02348106067974359,60.953125,0.02899960310140295,4,5,u(k)*y(k-3) + u(k-1) + y(k-3) + y(k-5),False,4,0.028071444914599893,False
E2,MO-lex,16,1.144297541002743,4,0.721286555412764,0.7177282376544594,0.721286555412764,0.023012085763255943,72.34375,0.02818268848553528,4,6,u(k-1) + u(k-1)*y(k-2) + y(k-1)*y(k-3) + y(k-5),False,4,0.027716088639745107,False
E2,MO-lex,17,1.4632465410104487,6,0.8155422999167735,0.769262887943402,0.8155422999167735,0.023325343803451557,48.5625,0.02833623162889271,3,4,u(k-1) + u(k-1)*y(k-2) + y(k-5),False,3,0.02794252304881898,False
E2,MO-lex,18,1.138145707984222,3,0.721306719817676,0.7171140877552153,0.721306719817676,0.02326109572883389,72.34375,0.028946790859196353,4,6,u(k)*y(k-2) + u(k-1) + y(k-2)*y(k-2) + y(k-5),False,4,0.028439045742316725,False
E2,MO-lex,19,1.136308375018416,6,0.7673450383373067,0.761482950425104,0.7673450383373067,0.023012085763255842,72.34375,0.02818268848553524,4,6,u(k-1) + u(k-1)*y(k-2) + y(k-1)*y(k-3) + y(k-5),False,4,0.027800107337470525,False
E2,MO-lex,20,1.1033981250075158,4,0.7733490170628786,0.769262661154146,0.7733490170628786,0.02332534380345174,48.5625,0.028336231628892795,3,4,u(k-1) + u(k-1)*y(k-2) + y(k-5),False,3,0.02794287961312374,False
E2,MO-lex,21,1.1562542920000851,4,0.721368648635568,0.7175503448347044,0.721368648635568,0.023026134745714598,60.953125,0.028055878467765184,4,5,u(k-1) + u(k-1)*y(k-2) + y(k-4) + y(k-5),False,4,0.02794287961312378,False
E2,MO-lex,22,1.1327344579913188,4,0.7733719968152668,0.7691907893323046,0.7733719968152668,0.02332534380345173,48.5625,0.02833623162889277,3,4,u(k-1) + u(k-1)*y(k-2) + y(k-5),False,3,0.028055878467765197,False
E2,MO-lex,23,1.1394474589906167,5,0.8185633959840366,0.8130526874751715,0.8185633959840366,0.02332534380345157,48.5625,0.028336231628892795,3,4,u(k-1) + u(k-1)*y(k-2) + y(k-5),False,3,0.027942879613123726,False
E2,MO-lex,24,1.4880499580176547,3,0.7213826039666068,0.717270250707746,0.7213826039666068,0.023337761608879976,60.953125,0.028336509178523917,4,5,u(k) + u(k-1) + u(k-1)*y(k-2) + y(k-5),False,3,0.028336509178523917,False
E2,MO-lex,25,1.154676041973289,5,0.7650536619059434,0.760558833297832,0.7650536619059434,0.022955150475536177,73.34375,0.028061057151065962,5,6,u(k-1) + u(k-1)*y(k-2) + y(k-2) + y(k-4) + y(k-5),False,5,0.028061057151065962,False
E2,MO-lex,26,1.2065894579864107,5,0.7730960885716466,0.7693981742136279,0.7730960885716466,0.023099546114794617,72.34375,0.02815717361602156,4,6,u(k)*y(k-1) + u(k-1) + u(k-1)*y(k-2) + y(k-5),False,3,0.027762630425478364,False
E2,MO-lex,27,1.1859145420021378,7,0.8152230639158378,0.809141592439492,0.8152230639158378,0.023012085763255974,72.34375,0.028182688485535283,4,6,u(k-1) + u(k-1)*y(k-2) + y(k-1)*y(k-3) + y(k-5),False,4,0.027762630425478337,False
E2,MO-lex,28,1.225911499990616,4,0.7664370403879751,0.7608201991378176,0.7664370403879751,0.022875711659460497,72.34375,0.02862129641002024,4,6,u(k)*u(k-2) + u(k-1) + y(k-2)*y(k-2) + y(k-5),False,4,0.028495472197663782,True
E2,MO-lex,29,1.2709360830194782,5,0.7647536480709772,0.7582587344611442,0.7647536480709772,0.023096426351156597,72.34375,0.028074039740755747,4,6,u(k)*y(k-2) + u(k-1) + u(k-1)*y(k-2) + y(k-5),False,4,0.028074039740755747,False
E2,Green,0,2.484306500002276,7,0.9102196565882901,0.9038571919849598,0.9102196565882901,0.023325343803451654,48.5625,0.028336231628892716,3,4,u(k-1) + u(k-1)*y(k-2) + y(k-5),False,3,0.027957597881117627,False
E2,Green,1,2.139941292000003,8,0.9105986371790493,0.9052599193805668,0.9105986371790493,0.023325343803451682,48.5625,0.02833623162889273,3,4,u(k-1) + u(k-1)*y(k-2) + y(k-5),False,3,0.027974296687295598,False
E2,Green,2,2.0681024579971563,8,0.9102876109606918,0.9039545988523774,0.9102876109606918,0.023325343803451734,48.5625,0.028336231628892785,3,4,u(k-1) + u(k-1)*y(k-2) + y(k-5),False,3,0.027919355466620364,False
E2,Green,3,2.413757541013183,8,0.9151631258095188,0.9094966990327863,0.9151631258095188,0.02332534380345169,48.5625,0.028336231628892802,3,4,u(k-1) + u(k-1)*y(k-2) + y(k-5),False,3,0.027942523048818946,False
E2,Green,4,2.3809139159857295,8,0.9116587579358356,0.9062964872607959,0.9116587579358356,0.023325343803451675,48.5625,0.02833623162889278,3,4,u(k-1) + u(k-1)*y(k-2) + y(k-5),False,3,0.028055878467765156,False
E2,Green,5,2.176346749998629,8,0.9102890008321214,0.9038677647260787,0.9102890008321214,0.02332534380345164,48.5625,0.0283362316288928,3,4,u(k-1) + u(k-1)*y(k-2) + y(k-5),False,3,0.02805587846776524,False
E2,Green,6,2.6592861250101123,8,0.9102375652393208,0.9037946815742444,0.9102375652393208,0.023325343803451557,48.5625,0.02833623162889271,3,4,u(k-1) + u(k-1)*y(k-2) + y(k-5),False,3,0.028055878467765197,False
E2,Green,7,2.226531874999637,8,0.915051951941912,0.9093899683947484,0.915051951941912,0.023325343803451675,48.5625,0.028336231628892813,3,4,u(k-1) + u(k-1)*y(k-2) + y(k-5),False,3,0.028055878467765197,False
E2,Green,8,2.161102292011492,7,0.9102327336523632,0.9038677647260787,0.9102327336523632,0.023325343803451734,48.5625,0.028336231628892785,3,4,u(k-1) + u(k-1)*y(k-2) + y(k-5),False,3,0.028055878467765236,False
E2,Green,9,2.3454370829858817,8,0.9100995939046272,0.9037331035798954,0.9100995939046272,0.02302613474571471,60.953125,0.02805587846776524,4,5,u(k-1) + u(k-1)*y(k-2) + y(k-4) + y(k-5),False,4,0.02805587846776524,False
E2,Green,10,1.8949985830113292,8,0.91029234221627,0.9039196540236301,0.91029234221627,0.02332534380345166,48.5625,0.02833623162889277,3,4,u(k-1) + u(k-1)*y(k-2) + y(k-5),False,3,0.027974296687295563,False
E2,Green,11,1.6203293330036104,8,0.9117690417082337,0.9063936296984515,0.9117690417082337,0.023325343803451734,48.5625,0.028336231628892785,3,4,u(k-1) + u(k-1)*y(k-2) + y(k-5),False,3,0.027957597881117582,False
E2,Green,12,1.8826512499945238,8,0.912339138805525,0.9074056434094108,0.912339138805525,0.023325343803451744,48.5625,0.02833623162889279,3,4,u(k-1) + u(k-1)*y(k-2) + y(k-5),False,3,0.027942879613123774,False
E2,Green,13,1.6240987920027692,8,0.9103095797262799,0.9038677647260788,0.9103095797262799,0.023325343803451682,48.5625,0.028336231628892854,3,4,u(k-1) + u(k-1)*y(k-2) + y(k-5),False,3,0.028055878467765173,False
E2,Green,14,1.592358666996006,8,0.9123173039614876,0.9074058701986669,0.9123173039614876,0.02332534380345174,48.5625,0.028336231628892802,3,4,u(k-1) + u(k-1)*y(k-2) + y(k-5),False,3,0.027942523048819008,False
E2,Green,15,1.8718381670187227,8,0.9102924868561734,0.9039196540236298,0.9102924868561734,0.023325343803451602,48.5625,0.028336231628892743,3,4,u(k-1) + u(k-1)*y(k-2) + y(k-5),False,3,0.027974296687295567,False
E2,Green,16,1.6618846669734921,8,0.9102031376249955,0.9038222641257455,0.9102031376249955,0.02332534380345171,48.5625,0.02833623162889278,3,4,u(k-1) + u(k-1)*y(k-2) + y(k-5),False,3,0.028012512421825883,False
E2,Green,17,1.585243375011487,8,0.9105984925391459,0.9052599193805667,0.9105984925391459,0.02332534380345166,48.5625,0.028336231628892785,3,4,u(k-1) + u(k-1)*y(k-2) + y(k-5),False,3,0.027974296687295588,False
E2,Green,18,1.8111094159830827,7,0.9093001217239894,0.9039449034440408,0.9093001217239894,0.024663281712665377,60.953125,0.02776895984100228,4,5,u(k-1) + u(k-1)*y(k-2) + u(k-3) + y(k-4),False,4,0.02776895984100228,False
E2,Green,19,1.5835835420002695,8,0.9106155854092525,0.9052080300830155,0.9106155854092525,0.023325343803451644,48.5625,0.028336231628892785,3,4,u(k-1) + u(k-1)*y(k-2) + y(k-5),False,3,0.02805587846776524,False
E2,Green,20,1.611002916994039,8,0.9102879843768791,0.9039545988523775,0.9102879843768791,0.023325343803451727,48.5625,0.028336231628892813,3,4,u(k-1) + u(k-1)*y(k-2) + y(k-5),False,3,0.027919355466620416,False
E2,Green,21,1.7981935839925427,8,0.9102955065038983,0.9038677647260789,0.9102955065038983,0.023325343803451734,48.5625,0.028336231628892823,3,4,u(k-1) + u(k-1)*y(k-2) + y(k-5),False,3,0.028055878467765128,False
E2,Green,22,1.5819757920107804,8,0.9102779900967422,0.9039398633371764,0.9102779900967422,0.023325343803451682,48.5625,0.02833623162889273,3,4,u(k-1) + u(k-1)*y(k-2) + y(k-5),False,3,0.027942523048818967,False
E2,Green,23,1.7471417910128366,8,0.9102998349035613,0.9039396365479203,0.9102998349035613,0.02332534380345177,48.5625,0.028336231628892813,3,4,u(k-1) + u(k-1)*y(k-2) + y(k-5),False,3,0.02794287961312374,False
E2,Green,24,2.0007965000113472,8,0.9102779653101788,0.9039398633371762,0.9102779653101788,0.023325343803451668,48.5625,0.028336231628892775,3,4,u(k-1) + u(k-1)*y(k-2) + y(k-5),False,3,0.027942523048818994,False
E2,Green,25,1.7526917080103885,8,0.9101851373376327,0.9038713483476201,0.9101851373376327,0.02332534380345174,48.5625,0.02833623162889278,3,4,u(k-1) + u(k-1)*y(k-2) + y(k-5),False,3,0.02793534085846915,False
E2,Green,26,1.8836501250043511,8,0.9102958799200859,0.9038677647260789,0.9102958799200859,0.02332534380345174,48.5625,0.02833623162889271,3,4,u(k-1) + u(k-1)*y(k-2) + y(k-5),False,3,0.028055878467765187,False
E2,Green,27,1.929218375007622,8,0.9145407698589939,0.9086786075611201,0.9145407698589939,0.02332534380345157,48.5625,0.028336231628892747,3,4,u(k-1) + u(k-1)*y(k-2) + y(k-5),False,3,0.027942879613123816,False
E2,Green,28,2.290631249983562,8,0.9108347582121874,0.9055560340342264,0.9108347582121874,0.023325343803451654,48.5625,0.028336231628892705,3,4,u(k-1) + u(k-1)*y(k-2) + y(k-5),False,3,0.027957597881117586,False
E2,Green,29,2.0353865420038346,8,0.9102518535537062,0.9037946815742445,0.9102518535537062,0.02332534380345171,48.5625,0.028336231628892802,3,4,u(k-1) + u(k-1)*y(k-2) + y(k-5),False,3,0.02805587846776512,False
E3,SO,0,2.364275833009742,1,0.8109212810294969,0.0,0.8439474512739972,0.01002834113416381,133.296875,1.4201369254348997,8,11,u(k-3)*u(k-3)*y(k-3) + u(k-3)*y(k-5) + u(k-6) + u(k-7) + u(k-8) + y(k-1) + y(k-2) + y(k-8),False,7,1.4201369254348997,False
E3,SO,1,1.8123209580080584,1,0.84306965639303,0.0,0.8736136760419483,0.009788352480229977,109.515625,1.3685669607668864,7,9,u(k-4)*y(k-4)*y(k-4) + u(k-5) + u(k-6) + u(k-8) + y(k-1) + y(k-7) + y(k-8),False,6,1.3685669607668864,False
E3,SO,2,1.6268053329840768,1,0.811082327322481,0.0,0.889919683183501,0.009831736026431007,133.296875,1.2522088427975897,8,11,u(k)*u(k) + u(k-5) + u(k-5)*y(k-4)*y(k-4) + u(k-6) + u(k-7) + y(k-1) + y(k-7) + y(k-8),False,7,1.2522088427975897,False
E3,SO,3,2.36761379201198,1,0.8262581033098246,0.0,0.8732681645683564,0.009984702105425722,121.90625,1.3937274818636392,8,10,u(k-3)*u(k-3)*y(k-3) + u(k-6) + u(k-7) + u(k-8) + y(k-1) + y(k-2) + y(k-7) + y(k-8),False,7,1.3937274818636392,False
E3,SO,4,1.3838343750103377,1,0.8262285298660677,0.0,0.8734064378299579,0.010020136749411145,121.90625,1.3847582396988163,8,10,u(k-3)*y(k-2)*y(k-2) + u(k-6) + u(k-7) + u(k-8) + y(k-1) + y(k-2) + y(k-7) + y(k-8),False,7,1.3847582396988163,False
E3,SO,5,1.7060760829772335,1,0.8262341150808139,0.0,0.8594628658731914,0.010013444593511398,121.90625,1.318735813192184,8,10,u(k-3)*y(k-2)*y(k-3) + u(k-6) + u(k-7) + u(k-8) + y(k-1) + y(k-2) + y(k-7) + y(k-8),False,7,1.318735813192184,False
E3,SO,6,1.4241199999814853,1,0.8114068194210325,0.0,0.8599040449146034,0.009435596489083872,133.296875,1.503138715081509,8,11,u(k)*y(k-7) + u(k-3)*u(k-6)*y(k-4) + u(k-6) + u(k-7) + u(k-8) + y(k-1) + y(k-7) + y(k-8),False,7,1.503138715081509,False
E3,SO,7,1.8840171249757987,1,0.7967248869318277,0.0,0.8586208319488049,0.008654651609147187,144.6875,1.1706935881100962,8,12,u(k)*y(k-1)*y(k-6) + u(k-3)*u(k-3)*y(k-2) + u(k-6) + u(k-7) + u(k-8) + y(k-1) + y(k-4) + y(k-9),False,7,1.1706935881100962,False
E3,SO,8,1.3765960829914548,1,0.8433375868975854,0.0,0.876233845703099,0.009473659732928748,109.515625,1.4670512654674763,7,9,u(k-3)*u(k-6)*y(k-4) + u(k-6) + u(k-7) + u(k-8) + y(k-1) + y(k-7) + y(k-8),False,6,1.4670512654674763,False
E3,SO,9,1.731370874971617,1,0.7954435183245008,0.0,0.8896940151329656,0.010249027320616918,144.6875,1.300967457472379,8,12,u(k-3)*u(k-3)*u(k-5) + u(k-5) + u(k-6) + u(k-6)*y(k-1)*y(k-1) + u(k-7) + y(k-1) + y(k-2) + y(k-8),False,7,1.300967457472379,False
E3,SO,10,1.5118335000006482,1,0.7208195732523206,0.3546739849785311,0.7898841973257485,0.007687078447145316,201.640625,0.5117397039527375,8,17,u(k)*u(k)*u(k-2) + u(k)*u(k-2)*y(k-1) + u(k-1)*u(k-2)*u(k-2) + u(k-1)*u(k-2)*u(k-4) + u(k-2) + u(k-3) + u(k-5)*y(k-6) + y(k-6),False,8,0.5117397039527375,False
E3,SO,11,1.8762162500061095,1,0.7358668561280549,0.62363258552068,0.7831897684509667,0.008077049901460518,190.25,0.15936494644949042,8,16,u(k)*u(k)*u(k) + u(k)*u(k-3)*y(k-1) + u(k)*y(k-1)*y(k-4) + u(k-2) + u(k-2)*u(k-5)*y(k-3) + u(k-5) + y(k-5) + y(k-8),False,8,0.15936494644949042,False
E3,SO,12,1.4439565409848,1,0.8262520467355644,0.0,0.8733166076358494,0.00999195904020968,121.90625,1.413237231933367,8,10,u(k-2)*u(k-4)*y(k-3) + u(k-6) + u(k-7) + u(k-8) + y(k-1) + y(k-2) + y(k-7) + y(k-8),False,7,1.413237231933367,False
E3,SO,13,1.7083437500114087,1,0.8113867614601254,0.0,0.8595510827468568,0.009460083222009934,133.296875,1.4978106212189835,8,11,u(k-3)*u(k-6)*y(k-4) + u(k-6) + u(k-7) + u(k-8) + y(k-1) + y(k-5)*y(k-5) + y(k-7) + y(k-8),False,7,1.4978106212189835,False
E3,SO,14,1.3359340419992805,1,0.8718453125716817,0.0,0.9201027800678022,0.011865350616789182,86.734375,1.424536414312042,7,7,u(k) + u(k-1) + u(k-2) + u(k-3) + y(k-1) + y(k-7) + y(k-8),False,5,1.424536414312042,False
E3,SO,15,1.6883629579970147,1,0.7978770299630372,0.0,0.843745258082642,0.007221068130828746,144.6875,1.0777152814237663,8,12,u(k-1)*u(k-1)*y(k-7) + u(k-3) + u(k-3)*u(k-3)*y(k-4) + u(k-8) + u(k-9) + y(k-1) + y(k-10) + y(k-5),False,7,1.0777152814237663,False
E3,SO,16,1.3848960410105065,1,0.8433239709137772,0.0,0.873855606510298,0.009489652131252179,109.515625,1.3737644606081234,7,9,u(k-3)*y(k-4)*y(k-6) + u(k-6) + u(k-7) + u(k-8) + y(k-1) + y(k-7) + y(k-8),False,6,1.3737644606081234,False
E3,SO,17,1.6899256249889731,1,0.8262520467409653,0.0,0.8900748142040021,0.009991959033738347,121.90625,1.4132372314242998,8,10,u(k-2)*u(k-4)*y(k-3) + u(k-6) + u(k-7) + u(k-8) + y(k-1) + y(k-2) + y(k-7) + y(k-8),False,7,1.4132372314242998,False
E3,SO,18,1.4440587499993853,1,0.8432590906933604,0.0,0.87380311034228,0.009565855976881284,109.515625,1.474250042250113,7,9,u(k-3)*y(k-4)*y(k-5) + u(k-6) + u(k-7) + u(k-8) + y(k-1) + y(k-7) + y(k-8),False,6,1.474250042250113,False
E3,SO,19,1.679568375024246,1,0.8113868697296178,0.0,0.8904913369505258,0.009459951046752792,133.296875,1.506652679879836,8,11,u(k-3)*u(k-6)*y(k-4) + u(k-6) + u(k-6)*u(k-6) + u(k-7) + u(k-8) + y(k-1) + y(k-7) + y(k-8),False,7,1.506652679879836,False
E3,SO,20,1.472329209005693,1,0.8428185292009921,0.0,0.8899528266660036,0.010083309212071984,109.515625,1.3814531183213783,7,9,u(k-3)*u(k-3)*u(k-5) + u(k-5) + u(k-7) + u(k-8) + y(k-1) + y(k-2) + y(k-8),False,6,1.3814531183213783,False
E3,SO,21,1.7143504170235246,1,0.7974622594568779,0.0,0.8446000673007037,0.007737156957317227,144.6875,1.1192204615298393,8,12,u(k)*u(k)*y(k-7) + u(k-1)*u(k-4)*y(k-2) + u(k-7) + u(k-8) + u(k-9) + y(k-1) + y(k-4) + y(k-8),False,7,1.1192204615298393,False
E3,SO,22,1.3129876250168309,1,0.8718453125718889,0.0,0.9045799878064369,0.01186535061655441,86.734375,1.4245364143079842,7,7,u(k) + u(k-1) + u(k-2) + u(k-3) + y(k-1) + y(k-7) + y(k-8),False,5,1.4245364143079842,False
E3,SO,23,2.0324182079930324,1,0.7687273187305169,0.7253917624333601,0.8301421946282925,0.006974580438160128,166.46875,0.06295452017153055,7,14,u(k)*u(k)*y(k-1) + u(k)*y(k-1) + u(k-1)*u(k-1)*y(k-1) + u(k-1)*u(k-4)*y(k-3) + u(k-4) + u(k-5) + y(k-1),False,5,0.06295452017153055,False
E3,SO,24,1.4741903750109486,1,0.8113820695507956,0.0,0.8899302365855107,0.009465811098896704,133.296875,1.5027628031419384,8,11,u(k-3)*u(k-6)*y(k-4) + u(k-6) + u(k-7) + u(k-8) + y(k-1) + y(k-3)*y(k-4) + y(k-7) + y(k-8),False,7,1.5027628031419384,False
E3,SO,25,1.6699135829985607,1,0.82625810331511,0.0,0.8898151181550746,0.009984702099093001,121.90625,1.3937274818561558,8,10,u(k-3)*u(k-3)*y(k-3) + u(k-6) + u(k-7) + u(k-8) + y(k-1) + y(k-2) + y(k-7) + y(k-8),False,7,1.3937274818561558,False
E3,SO,26,1.37776883400511,1,0.8109229485762092,0.0,0.873384343527625,0.010026305395278103,133.296875,1.4325346169094877,8,11,u(k-2)*y(k-5) + u(k-3)*u(k-4)*y(k-2) + u(k-6) + u(k-7) + u(k-8) + y(k-1) + y(k-2) + y(k-8),False,7,1.4325346169094877,False
E3,SO,27,1.688326290983241,1,0.8113575633060541,0.0,0.8738826047831179,0.009495728291017448,133.296875,1.4625786496880029,8,11,u(k-4)*y(k-4)*y(k-4) + u(k-6) + u(k-7) + u(k-8) + y(k-1) + y(k-5)*y(k-6) + y(k-7) + y(k-8),False,7,1.4625786496880029,False
E3,SO,28,1.344674666004721,1,0.8718453125717525,0.0,0.9044773790982162,0.011865350616708974,86.734375,1.5473864518772669,7,7,u(k-3) + u(k-4) + u(k-5) + u(k-6) + y(k-1) + y(k-7) + y(k-8),False,6,1.5473864518772669,False
E3,SO,29,1.7056869579828344,1,0.843290047470161,0.0,0.8738000067130525,0.009529496275490932,109.515625,inf,7,9,u(k-6) + u(k-7) + u(k-8) + y(k-1) + y(k-4)*y(k-4)*y(k-4) + y(k-7) + y(k-8),False,6,inf,False
E3,MO-lex,0,1.3697402910038363,3,0.8439474512739972,0.0,0.8439474512739972,0.010039370722494428,109.515625,1.4114130381953272,7,9,u(k-3)*u(k-3)*y(k-3) + u(k-6) + u(k-7) + u(k-8) + y(k-1) + y(k-2) + y(k-8),False,6,1.4114130381953272,False
E3,MO-lex,1,1.2763015829841606,2,0.8736136760419483,0.0,0.8736136760419483,0.009788352480229977,109.515625,1.3685669607668864,7,9,u(k-4)*y(k-4)*y(k-4) + u(k-5) + u(k-6) + u(k-8) + y(k-1) + y(k-7) + y(k-8),False,6,1.3685669607668864,False
E3,MO-lex,2,1.5580082499946002,4,0.889919683183501,0.0,0.889919683183501,0.009836633643372604,109.515625,1.2543238892233024,7,9,u(k-5) + u(k-5)*y(k-4)*y(k-4) + u(k-6) + u(k-7) + y(k-1) + y(k-7) + y(k-8),False,6,1.2522088427975897,False
E3,MO-lex,3,1.3500772080151364,3,0.8732681645683564,0.0,0.8732681645683564,0.010039370717658593,109.515625,1.4114130377786807,7,9,u(k-3)*u(k-3)*y(k-3) + u(k-6) + u(k-7) + u(k-8) + y(k-1) + y(k-2) + y(k-8),False,6,1.3937274818636392,False
E3,MO-lex,4,1.3116918749874458,4,0.8734064378299579,0.0,0.8734064378299579,0.010079715783236963,109.515625,1.4073547064290304,7,9,u(k-3)*y(k-2)*y(k-2) + u(k-6) + u(k-7) + u(k-8) + y(k-1) + y(k-2) + y(k-8),False,6,1.3847582396988163,False
E3,MO-lex,5,1.32038487502723,4,0.8594628658731914,0.0,0.8594628658731914,0.010074341668348665,109.515625,1.339835537085711,7,9,u(k-3)*y(k-2)*y(k-3) + u(k-6) + u(k-7) + u(k-8) + y(k-1) + y(k-2) + y(k-8),False,6,1.318735813192184,False
E3,MO-lex,6,1.6186867919750512,4,0.8599040449146034,0.6208322770300893,0.8599040449146034,0.009473659734333303,109.515625,1.4670512654174257,7,9,u(k-3)*u(k-6)*y(k-4) + u(k-6) + u(k-7) + u(k-8) + y(k-1) + y(k-7) + y(k-8),False,6,0.28493316949220443,False
E3,MO-lex,7,1.472877291002078,6,0.8586208319488049,0.7457546599635434,0.8586208319488049,0.008654651609147187,144.6875,1.1706935881100962,8,12,u(k)*y(k-1)*y(k-6) + u(k-3)*u(k-3)*y(k-2) + u(k-6) + u(k-7) + u(k-8) + y(k-1) + y(k-4) + y(k-9),False,7,0.13970466148600044,False
E3,MO-lex,8,1.3245802499877755,6,0.876233845703099,0.8145448566254881,0.876233845703099,0.009473659732928748,109.515625,1.4670512654674763,7,9,u(k-3)*u(k-6)*y(k-4) + u(k-6) + u(k-7) + u(k-8) + y(k-1) + y(k-7) + y(k-8),False,6,0.0794053217908047,False
E3,MO-lex,9,1.6138723749900237,5,0.8896940151329656,0.0,0.8896940151329656,0.010266056857211795,109.515625,1.299601640550438,7,9,u(k-3)*u(k-3)*u(k-5) + u(k-5) + u(k-6) + u(k-7) + y(k-1) + y(k-2) + y(k-8),False,6,1.299601640550438,False
E3,MO-lex,10,1.4366694159980398,5,0.7898841973257485,0.3935183287809404,0.7898841973257485,0.007795726488644577,166.46875,0.5000326217763083,7,14,u(k)*u(k)*u(k-2) + u(k-1)*u(k-2)*u(k-2) + u(k-1)*u(k-2)*u(k-4) + u(k-3) + u(k-5) + y(k-3)*y(k-6) + y(k-6),False,7,0.5000326217763083,False
E3,MO-lex,11,1.4980805840168614,2,0.7831897684509667,0.62363258552068,0.7831897684509667,0.008384216593913382,155.078125,1.5731477329613914,7,13,u(k)*u(k)*u(k) + u(k)*u(k-3)*y(k-1) + u(k-2) + u(k-2)*u(k-5)*y(k-3) + u(k-7) + y(k-5) + y(k-8),False,7,0.15936494644949042,False
E3,MO-lex,12,1.3816630830115173,4,0.8733166076358494,0.0,0.8733166076358494,0.010045256624799024,109.515625,1.4309455630478096,7,9,u(k-2)*u(k-4)*y(k-3) + u(k-6) + u(k-7) + u(k-8) + y(k-1) + y(k-2) + y(k-8),False,6,1.4060373904033643,False
E3,MO-lex,13,1.604498540982604,5,0.8595510827468568,0.0,0.8595510827468568,0.009460083222009934,133.296875,1.4978106212189835,8,11,u(k-3)*u(k-6)*y(k-4) + u(k-6) + u(k-7) + u(k-8) + y(k-1) + y(k-5)*y(k-5) + y(k-7) + y(k-8),False,7,1.2914595046165889,False
E3,MO-lex,14,1.2797254170000087,4,0.9201027800678022,0.8443597430030974,0.9201027800678022,0.011865350616789182,86.734375,1.424536414312042,7,7,u(k) + u(k-1) + u(k-2) + u(k-3) + y(k-1) + y(k-7) + y(k-8),False,5,0.09154445486372437,False
E3,MO-lex,15,1.3680470419931225,4,0.843745258082642,0.5299697406518601,0.843745258082642,0.007221068130828746,144.6875,1.0777152814237663,8,12,u(k-1)*u(k-1)*y(k-7) + u(k-3) + u(k-3)*u(k-3)*y(k-4) + u(k-8) + u(k-9) + y(k-1) + y(k-10) + y(k-5),False,7,0.35408354494542943,False
E3,MO-lex,16,1.541409792000195,2,0.873855606510298,0.0,0.873855606510298,0.009489652131252179,109.515625,1.3737644606081234,7,9,u(k-3)*y(k-4)*y(k-6) + u(k-6) + u(k-7) + u(k-8) + y(k-1) + y(k-7) + y(k-8),False,6,1.3737644606081234,False
E3,MO-lex,17,1.3476808340055868,4,0.8900748142040021,0.0,0.8900748142040021,0.010045256621092331,109.515625,1.4309455630836678,7,9,u(k-2)*u(k-4)*y(k-3) + u(k-6) + u(k-7) + u(k-8) + y(k-1) + y(k-2) + y(k-8),False,6,1.4132372314242998,False
E3,MO-lex,18,1.386669957981212,2,0.87380311034228,0.0,0.87380311034228,0.009565855976881284,109.515625,1.474250042250113,7,9,u(k-3)*y(k-4)*y(k-5) + u(k-6) + u(k-7) + u(k-8) + y(k-1) + y(k-7) + y(k-8),False,6,1.474250042250113,False
E3,MO-lex,19,1.3433777499885764,4,0.8904913369505258,0.0,0.8904913369505258,0.009473659733035489,109.515625,1.4670512654687449,7,9,u(k-3)*u(k-6)*y(k-4) + u(k-6) + u(k-7) + u(k-8) + y(k-1) + y(k-7) + y(k-8),False,6,1.4670512654687449,False
E3,MO-lex,20,1.5722723749931902,3,0.8899528266660036,0.0,0.8899528266660036,0.010083309212071984,109.515625,1.3814531183213783,7,9,u(k-3)*u(k-3)*u(k-5) + u(k-5) + u(k-7) + u(k-8) + y(k-1) + y(k-2) + y(k-8),False,6,1.3814531183213783,False
E3,MO-lex,21,1.3654199590091594,3,0.8446000673007037,0.4722111419707227,0.8446000673007037,0.007737156957317227,144.6875,1.1192204615298393,8,12,u(k)*u(k)*y(k-7) + u(k-1)*u(k-4)*y(k-2) + u(k-7) + u(k-8) + u(k-9) + y(k-1) + y(k-4) + y(k-8),False,7,0.4244785627122026,False
E3,MO-lex,22,1.2352792919846252,2,0.9045799878064369,0.0,0.9045799878064369,0.01186535061655441,86.734375,1.4245364143079842,7,7,u(k) + u(k-1) + u(k-2) + u(k-3) + y(k-1) + y(k-7) + y(k-8),False,5,1.2025204217894379,False
E3,MO-lex,23,1.895111249992624,4,0.8301421946282925,0.7555791856839796,0.8301421946282925,0.007036814935489782,142.6875,0.06446755592298278,6,12,u(k)*u(k)*y(k-1) + u(k-1)*u(k-1)*y(k-1) + u(k-1)*u(k-4)*y(k-3) + u(k-4) + u(k-5) + y(k-1),False,5,0.06295452017153055,False
E3,MO-lex,24,1.3515090000000782,4,0.8899302365855107,0.0,0.8899302365855107,0.009473659732476394,109.515625,1.4670512654698473,7,9,u(k-3)*u(k-6)*y(k-4) + u(k-6) + u(k-7) + u(k-8) + y(k-1) + y(k-7) + y(k-8),False,6,1.4670512654698473,False
E3,MO-lex,25,1.2992693750129547,4,0.8898151181550746,0.5922037200748398,0.8898151181550746,0.010074341671290751,109.515625,1.3398355368559265,7,9,u(k-3)*y(k-2)*y(k-3) + u(k-6) + u(k-7) + u(k-8) + y(k-1) + y(k-2) + y(k-8),False,6,0.3413566359705248,False
E3,MO-lex,26,1.3222067909955513,3,0.873384343527625,0.0,0.873384343527625,0.010034676427392636,109.515625,1.4181047658819748,7,9,u(k-3)*u(k-4)*y(k-2) + u(k-6) + u(k-7) + u(k-8) + y(k-1) + y(k-2) + y(k-8),False,6,1.4181047658819748,False
E3,MO-lex,27,1.5778717920184135,3,0.8738826047831179,0.0,0.8738826047831179,0.009511896744697497,109.515625,1.4296840167920426,7,9,u(k-4)*y(k-4)*y(k-4) + u(k-6) + u(k-7) + u(k-8) + y(k-1) + y(k-7) + y(k-8),False,6,1.4296840167920426,False
E3,MO-lex,28,1.241592167003546,3,0.9044773790982162,0.0,0.9044773790982162,0.011865350616708974,86.734375,1.5473864518772669,7,7,u(k-3) + u(k-4) + u(k-5) + u(k-6) + y(k-1) + y(k-7) + y(k-8),False,6,1.5473864518772669,False
E3,MO-lex,29,1.3397722090012394,2,0.8738000067130525,0.0,0.8738000067130525,0.009529496275490932,109.515625,inf,7,9,u(k-6) + u(k-7) + u(k-8) + y(k-1) + y(k-4)*y(k-4)*y(k-4) + y(k-7) + y(k-8),False,6,1.4655813557904531,False
E3,Green,0,2.394562166009564,9,0.9685434481722299,0.9089122504885029,0.9685434481722299,0.010806157560285882,109.515625,1.4483227715680842,7,9,u(k-2)*u(k-2)*y(k-6) + u(k-3) + u(k-6) + u(k-8) + y(k-1) + y(k-2) + y(k-8),False,6,0.07398624357075696,False
E3,Green,1,2.331711583014112,7,0.9683375596452438,0.9044356323268579,0.9683375596452438,0.011208324255466426,86.734375,2.5143968677737876,7,7,u(k-6) + u(k-7) + u(k-8) + y(k-1) + y(k-2) + y(k-4) + y(k-8),False,6,0.07861862313831593,False
E3,Green,2,2.176024458021857,9,0.969186375553451,0.9044356323268579,0.969186375553451,0.010212715963210583,109.515625,1.3972351584085652,7,9,u(k-3)*y(k-4)*y(k-4) + u(k-4) + u(k-7) + u(k-8) + y(k-1) + y(k-6) + y(k-8),False,6,0.07861862313831591,False
E3,Green,3,2.5540505000099074,8,0.9692895893833597,0.9044356323268579,0.9692895893833597,0.010072869817889475,109.515625,1.355559121630551,7,9,u(k-2)*y(k-3)*y(k-3) + u(k-6) + u(k-7) + u(k-8) + y(k-1) + y(k-2) + y(k-8),False,6,0.07861862313831597,False
E3,Green,4,2.484158084000228,9,0.9696176312521128,0.9044356323268579,0.9696176312521128,0.009671484550833371,109.515625,1.2781378337196525,7,9,u(k-5) + u(k-5)*y(k-4)*y(k-4) + u(k-6) + u(k-8) + y(k-1) + y(k-7) + y(k-8),False,6,0.07861862313831591,False
E3,Green,5,2.117659832991194,6,0.953169103357466,0.8881864775555509,0.953169103357466,0.012345277282712301,74.34375,2.0154456527544355,6,6,u(k-6) + u(k-7) + u(k-8) + y(k-1) + y(k-2) + y(k-6),False,5,0.08090957453950626,False
E3,Green,6,2.3733158749819268,7,0.9696225394588573,0.9044356323268578,0.9696225394588573,0.00967634677143297,109.515625,1.4079220935535615,7,9,u(k-3)*u(k-6)*y(k-4) + u(k-4) + u(k-7) + u(k-8) + y(k-1) + y(k-7) + y(k-8),False,6,0.07861862313831601,False
E3,Green,7,2.088380540983053,10,0.9692494005448066,0.9044356323268579,0.9692494005448066,0.010070615523537562,109.515625,inf,7,9,u(k-5) + u(k-6) + u(k-8) + y(k-1) + y(k-2)*y(k-4)*y(k-5) + y(k-7) + y(k-8),False,6,0.07861862313831593,False
E3,Green,8,2.48323895901558,7,0.9546626493533121,0.8877769578916487,0.9546626493533121,0.010045256621226583,109.515625,1.4309455630682304,7,9,u(k-2)*u(k-4)*y(k-3) + u(k-6) + u(k-7) + u(k-8) + y(k-1) + y(k-2) + y(k-8),False,6,0.08133334320930882,False
E3,Green,9,2.3497651249927003,8,0.969218784352769,0.9044356323268579,0.969218784352769,0.010097359302850875,109.515625,1.4155761416685462,7,9,u(k-3)*u(k-5)*y(k-4) + u(k-4) + u(k-7) + u(k-8) + y(k-1) + y(k-6) + y(k-8),False,6,0.07861862313831593,False
E3,Green,10,2.179967542004306,8,0.9544077974096,0.8877769578916487,0.9544077974096,0.01033834100131107,109.515625,1.3111305879350437,7,9,u(k-3) + u(k-3)*u(k-4)*y(k-2) + u(k-7) + u(k-8) + y(k-1) + y(k-2) + y(k-8),False,6,0.08133334320930882,False
E3,Green,11,2.458951165986946,8,0.9692301106092125,0.9089122504885028,0.9692301106092125,0.010072869826024872,109.515625,1.3555591215124962,7,9,u(k-2)*y(k-3)*y(k-3) + u(k-6) + u(k-7) + u(k-8) + y(k-1) + y(k-2) + y(k-8),False,6,0.07398624357075706,False
E3,Green,12,2.1415603749919683,7,0.9676695271596197,0.9044356323268579,0.9676695271596197,0.011865350616970761,86.734375,1.5707251889112723,7,7,u(k-3) + u(k-4) + u(k-6) + u(k-7) + y(k-1) + y(k-7) + y(k-8),False,6,0.07861862313831597,False
E3,Green,13,2.4732481249957345,7,0.9530536303493948,0.8877769578916491,0.9530536303493948,0.011865350616876612,86.734375,1.5473864518783458,7,7,u(k-3) + u(k-4) + u(k-5) + u(k-6) + y(k-1) + y(k-7) + y(k-8),False,6,0.08133334320930845,False
E3,Green,14,2.4929173339914996,8,0.954799674037737,0.8829845024445353,0.954799674037737,0.00980585477082103,109.515625,1.2885927432206232,7,9,u(k-3)*y(k-4)*y(k-7) + u(k-4) + u(k-7) + u(k-8) + y(k-1) + y(k-7) + y(k-8),False,6,0.0862925494426783,False
E3,Green,15,2.254792916995939,8,0.9691030219226103,0.9089122504885028,0.9691030219226103,0.010173080291289901,109.515625,1.3203847073776964,7,9,u(k-2)*y(k-3)*y(k-3) + u(k-5) + u(k-7) + u(k-8) + y(k-1) + y(k-2) + y(k-8),False,6,0.07398624357075707,False
E3,Green,16,2.407433249987662,10,0.9688395996499414,0.9044356323268578,0.9688395996499414,0.01096443082938781,109.515625,4.479868586345388,7,9,u(k-4)*y(k-1)*y(k-4) + u(k-6) + u(k-7) + u(k-8) + y(k-1) + y(k-7) + y(k-8),False,6,0.07861862313831601,False
E3,Green,17,2.1857555829919875,8,0.9679502229679116,0.9044356323268579,0.9679502229679116,0.011865350617100982,86.734375,1.5789925514510132,7,7,u(k) + u(k-5) + u(k-7) + u(k-8) + y(k-1) + y(k-7) + y(k-8),False,5,0.07861862313831593,False
E3,Green,18,2.332826625002781,7,0.9533298271185122,0.8877769578916488,0.9533298271185122,0.01160657615417673,86.734375,3.1389235208566686,7,7,u(k-5) + u(k-7) + u(k-8) + y(k-1) + y(k-2) + y(k-4) + y(k-8),False,6,0.0813333432093087,False
E3,Green,19,2.4365826249995735,8,0.9692931635648969,0.9044356323268579,0.9692931635648969,0.009991260056958964,109.515625,1.343059593032506,7,9,u(k-3)*u(k-6)*y(k-4) + u(k-4) + u(k-6) + u(k-7) + y(k-1) + y(k-7) + y(k-8),False,6,0.07861862313831593,False
E3,Green,20,2.0718944580003154,9,0.9686364128707411,0.9044356323268579,0.9686364128707411,0.01086163428205007,109.515625,1.138687721862569,7,9,u(k-5) + u(k-6) + u(k-8) + y(k-1) + y(k-4)*y(k-4)*y(k-4) + y(k-5) + y(k-8),False,6,0.07861862313831591,False
E3,Green,21,2.3507870829780586,8,0.9691216286919913,0.9044356323268579,0.9691216286919913,0.010155961922200168,109.515625,1.2458680086687117,7,9,u(k-3)*y(k-4)*y(k-7) + u(k-4) + u(k-6) + u(k-7) + y(k-1) + y(k-7) + y(k-8),False,6,0.07861862313831593,False
E3,Green,22,2.0853500829834957,8,0.9531247393935776,0.8829845024445353,0.9531247393935776,0.011865350617088355,86.734375,1.5375370250618285,7,7,u(k-2) + u(k-4) + u(k-5) + u(k-6) + y(k-1) + y(k-7) + y(k-8),False,6,0.08629254944267827,False
E3,Green,23,2.417904166999506,8,0.9546375390526043,0.8877769578916488,0.9546375390526043,0.01004268089392439,109.515625,1.3714728850373217,7,9,u(k-2)*u(k-5)*y(k-3) + u(k-6) + u(k-7) + u(k-8) + y(k-1) + y(k-2) + y(k-8),False,6,0.0813333432093087,False
E3,Green,24,2.1571990000084043,7,0.9688916192240076,0.9044356323268579,0.9688916192240076,0.010534835419990776,109.515625,1.1526913252349507,7,9,u(k-3) + u(k-3)*u(k-4)*y(k-4) + u(k-6) + u(k-8) + y(k-1) + y(k-2) + y(k-8),False,6,0.07861862313831593,False
E3,Green,25,2.3829493329976685,8,0.9693226094243863,0.9044356323268579,0.9693226094243863,0.010002710712472888,109.515625,1.4778994592087247,7,9,u(k-3)*u(k-6)*y(k-3) + u(k-5) + u(k-7) + u(k-8) + y(k-1) + y(k-6) + y(k-8),False,6,0.07861862313831597,False
E3,Green,26,2.5152706659864634,9,0.9692122669924489,0.9044356323268579,0.9692122669924489,0.010212485690983432,109.515625,1.2881936518532247,7,9,u(k-3)*u(k-3)*u(k-6) + u(k-4) + u(k-7) + u(k-8) + y(k-1) + y(k-2) + y(k-8),False,6,0.07861862313831591,False
E3,Green,27,2.2084980409999844,8,0.9688393954831332,0.9044356323268579,0.9688393954831332,0.01057855740603344,109.515625,1.2031771338611859,7,9,u(k-3) + u(k-3)*y(k-4)*y(k-7) + u(k-5) + u(k-7) + y(k-1) + y(k-7) + y(k-8),False,6,0.07861862313831593,False
E3,Green,28,2.3214565419766586,7,0.9683894054471018,0.904435632326858,0.9683894054471018,0.011150322769574802,86.734375,2.3969439364626797,7,7,u(k-6) + u(k-7) + u(k-8) + y(k-1) + y(k-2) + y(k-3) + y(k-8),False,6,0.07861862313831584,False
E3,Green,29,2.175920915993629,7,0.9547692722889441,0.8904003968815571,0.9547692722889441,0.010053717961100524,109.515625,1.384353794924409,7,9,u(k-1)*y(k-4)*y(k-4) + u(k-6) + u(k-7) + u(k-8) + y(k-1) + y(k-2) + y(k-8),False,6,0.07861862313831597,False
